#pragma once
/*
    #version:1# (machine generated, don't edit!)

    Generated by sokol-shdc (https://github.com/floooh/sokol-tools)

    Cmdline:
        sokol-shdc -i billboard.glsl -o billboard.glsl.h -l glsl410:glsl300es:hlsl5:metal_macos:metal_ios:metal_sim

    Overview:
    =========
    Shader program: 'billboard':
        Get shader desc: billboard_shader_desc(sg_query_backend());
        Vertex Shader: billboard_vs
        Fragment Shader: billboard_fs
        Attributes:
            ATTR_billboard_inst_pos => 0
            ATTR_billboard_inst_params => 1
            ATTR_billboard_inst_color => 2
            ATTR_billboard_inst_uv => 3
    Bindings:
        Uniform block 'billboard_vs_params':
            C struct: billboard_vs_params_t
            Bind slot: UB_billboard_vs_params => 0
        Uniform block 'billboard_fs_params':
            C struct: billboard_fs_params_t
            Bind slot: UB_billboard_fs_params => 1
        Texture 'sprite_tex':
            Image type: SG_IMAGETYPE_2D
            Sample type: SG_IMAGESAMPLETYPE_FLOAT
            Multisampled: false
            Bind slot: VIEW_sprite_tex => 0
        Sampler 'sprite_smp':
            Type: SG_SAMPLERTYPE_FILTERING
            Bind slot: SMP_sprite_smp => 0
*/
#if !defined(SOKOL_GFX_INCLUDED)
#error "Please include sokol_gfx.h before billboard.glsl.h"
#endif
#if !defined(SOKOL_SHDC_ALIGN)
#if defined(_MSC_VER)
#define SOKOL_SHDC_ALIGN(a) __declspec(align(a))
#else
#define SOKOL_SHDC_ALIGN(a) __attribute__((aligned(a)))
#endif
#endif
#define ATTR_billboard_inst_pos (0)
#define ATTR_billboard_inst_params (1)
#define ATTR_billboard_inst_color (2)
#define ATTR_billboard_inst_uv (3)
#define UB_billboard_vs_params (0)
#define UB_billboard_fs_params (1)
#define VIEW_sprite_tex (0)
#define SMP_sprite_smp (0)
#pragma pack(push,1)
SOKOL_SHDC_ALIGN(16) typedef struct billboard_vs_params_t {
    thistle::three::mat4 view_proj;
    thistle::three::vec4 cam_right;
    thistle::three::vec4 cam_up;
    thistle::three::vec4 cam_pos;
} billboard_vs_params_t;
#pragma pack(pop)
#pragma pack(push,1)
SOKOL_SHDC_ALIGN(16) typedef struct billboard_fs_params_t {
    thistle::three::vec4 fog_color;
    thistle::three::vec4 fog_params;
    thistle::three::vec4 fs_cam_pos;
} billboard_fs_params_t;
#pragma pack(pop)
/*
    #version 410

    uniform vec4 billboard_vs_params[7];
    layout(location = 1) in vec4 inst_params;
    layout(location = 0) in vec4 inst_pos;
    layout(location = 2) out vec3 v_world_pos;
    layout(location = 0) out vec2 v_uv;
    layout(location = 3) in vec4 inst_uv;
    layout(location = 1) out vec4 v_color;
    layout(location = 2) in vec4 inst_color;

    void main()
    {
        int _13 = gl_VertexID % 6;
        bool _24 = _13 == 2;
        bool _28 = _13 == 4;
        float _32 = float(((_13 == 1) || _24) || _28);
        float _42 = float((_24 || _28) || (_13 == 5));
        vec2 _48 = vec2(_32, _42) - vec2(0.5);
        float _59 = sin(inst_params.y);
        float _63 = cos(inst_params.y);
        float _66 = _48.x;
        float _70 = _48.y;
        vec3 right = billboard_vs_params[4].xyz;
        vec3 up = billboard_vs_params[5].xyz;
        if (inst_params.z > 0.5)
        {
            vec3 _113 = billboard_vs_params[6].xyz - inst_pos.xyz;
            vec3 _123 = normalize(vec3(_113.x, 0.0, _113.z) + vec3(9.9999997473787516355514526367188e-06, 0.0, 0.0));
            right = vec3(_123.z, 0.0, -_123.x);
            up = vec3(0.0, 1.0, 0.0);
        }
        vec3 _150 = (inst_pos.xyz + (right * (((_66 * _63) - (_70 * _59)) * inst_pos.w))) + (up * (((_66 * _59) + (_70 * _63)) * inst_params.x));
        v_world_pos = _150;
        v_uv = vec2(mix(inst_uv.x, inst_uv.z, _32), mix(inst_uv.w, inst_uv.y, _42));
        v_color = inst_color;
        gl_Position = mat4(billboard_vs_params[0], billboard_vs_params[1], billboard_vs_params[2], billboard_vs_params[3]) * vec4(_150, 1.0);
    }

*/
static const uint8_t billboard_vs_source_glsl410[1486] = {
    0x23,0x76,0x65,0x72,0x73,0x69,0x6f,0x6e,0x20,0x34,0x31,0x30,0x0a,0x0a,0x75,0x6e,
    0x69,0x66,0x6f,0x72,0x6d,0x20,0x76,0x65,0x63,0x34,0x20,0x62,0x69,0x6c,0x6c,0x62,
    0x6f,0x61,0x72,0x64,0x5f,0x76,0x73,0x5f,0x70,0x61,0x72,0x61,0x6d,0x73,0x5b,0x37,
    0x5d,0x3b,0x0a,0x6c,0x61,0x79,0x6f,0x75,0x74,0x28,0x6c,0x6f,0x63,0x61,0x74,0x69,
    0x6f,0x6e,0x20,0x3d,0x20,0x31,0x29,0x20,0x69,0x6e,0x20,0x76,0x65,0x63,0x34,0x20,
    0x69,0x6e,0x73,0x74,0x5f,0x70,0x61,0x72,0x61,0x6d,0x73,0x3b,0x0a,0x6c,0x61,0x79,
    0x6f,0x75,0x74,0x28,0x6c,0x6f,0x63,0x61,0x74,0x69,0x6f,0x6e,0x20,0x3d,0x20,0x30,
    0x29,0x20,0x69,0x6e,0x20,0x76,0x65,0x63,0x34,0x20,0x69,0x6e,0x73,0x74,0x5f,0x70,
    0x6f,0x73,0x3b,0x0a,0x6c,0x61,0x79,0x6f,0x75,0x74,0x28,0x6c,0x6f,0x63,0x61,0x74,
    0x69,0x6f,0x6e,0x20,0x3d,0x20,0x32,0x29,0x20,0x6f,0x75,0x74,0x20,0x76,0x65,0x63,
    0x33,0x20,0x76,0x5f,0x77,0x6f,0x72,0x6c,0x64,0x5f,0x70,0x6f,0x73,0x3b,0x0a,0x6c,
    0x61,0x79,0x6f,0x75,0x74,0x28,0x6c,0x6f,0x63,0x61,0x74,0x69,0x6f,0x6e,0x20,0x3d,
    0x20,0x30,0x29,0x20,0x6f,0x75,0x74,0x20,0x76,0x65,0x63,0x32,0x20,0x76,0x5f,0x75,
    0x76,0x3b,0x0a,0x6c,0x61,0x79,0x6f,0x75,0x74,0x28,0x6c,0x6f,0x63,0x61,0x74,0x69,
    0x6f,0x6e,0x20,0x3d,0x20,0x33,0x29,0x20,0x69,0x6e,0x20,0x76,0x65,0x63,0x34,0x20,
    0x69,0x6e,0x73,0x74,0x5f,0x75,0x76,0x3b,0x0a,0x6c,0x61,0x79,0x6f,0x75,0x74,0x28,
    0x6c,0x6f,0x63,0x61,0x74,0x69,0x6f,0x6e,0x20,0x3d,0x20,0x31,0x29,0x20,0x6f,0x75,
    0x74,0x20,0x76,0x65,0x63,0x34,0x20,0x76,0x5f,0x63,0x6f,0x6c,0x6f,0x72,0x3b,0x0a,
    0x6c,0x61,0x79,0x6f,0x75,0x74,0x28,0x6c,0x6f,0x63,0x61,0x74,0x69,0x6f,0x6e,0x20,
    0x3d,0x20,0x32,0x29,0x20,0x69,0x6e,0x20,0x76,0x65,0x63,0x34,0x20,0x69,0x6e,0x73,
    0x74,0x5f,0x63,0x6f,0x6c,0x6f,0x72,0x3b,0x0a,0x0a,0x76,0x6f,0x69,0x64,0x20,0x6d,
    0x61,0x69,0x6e,0x28,0x29,0x0a,0x7b,0x0a,0x20,0x20,0x20,0x20,0x69,0x6e,0x74,0x20,
    0x5f,0x31,0x33,0x20,0x3d,0x20,0x67,0x6c,0x5f,0x56,0x65,0x72,0x74,0x65,0x78,0x49,
    0x44,0x20,0x25,0x20,0x36,0x3b,0x0a,0x20,0x20,0x20,0x20,0x62,0x6f,0x6f,0x6c,0x20,
    0x5f,0x32,0x34,0x20,0x3d,0x20,0x5f,0x31,0x33,0x20,0x3d,0x3d,0x20,0x32,0x3b,0x0a,
    0x20,0x20,0x20,0x20,0x62,0x6f,0x6f,0x6c,0x20,0x5f,0x32,0x38,0x20,0x3d,0x20,0x5f,
    0x31,0x33,0x20,0x3d,0x3d,0x20,0x34,0x3b,0x0a,0x20,0x20,0x20,0x20,0x66,0x6c,0x6f,
    0x61,0x74,0x20,0x5f,0x33,0x32,0x20,0x3d,0x20,0x66,0x6c,0x6f,0x61,0x74,0x28,0x28,
    0x28,0x5f,0x31,0x33,0x20,0x3d,0x3d,0x20,0x31,0x29,0x20,0x7c,0x7c,0x20,0x5f,0x32,
    0x34,0x29,0x20,0x7c,0x7c,0x20,0x5f,0x32,0x38,0x29,0x3b,0x0a,0x20,0x20,0x20,0x20,
    0x66,0x6c,0x6f,0x61,0x74,0x20,0x5f,0x34,0x32,0x20,0x3d,0x20,0x66,0x6c,0x6f,0x61,
    0x74,0x28,0x28,0x5f,0x32,0x34,0x20,0x7c,0x7c,0x20,0x5f,0x32,0x38,0x29,0x20,0x7c,
    0x7c,0x20,0x28,0x5f,0x31,0x33,0x20,0x3d,0x3d,0x20,0x35,0x29,0x29,0x3b,0x0a,0x20,
    0x20,0x20,0x20,0x76,0x65,0x63,0x32,0x20,0x5f,0x34,0x38,0x20,0x3d,0x20,0x76,0x65,
    0x63,0x32,0x28,0x5f,0x33,0x32,0x2c,0x20,0x5f,0x34,0x32,0x29,0x20,0x2d,0x20,0x76,
    0x65,0x63,0x32,0x28,0x30,0x2e,0x35,0x29,0x3b,0x0a,0x20,0x20,0x20,0x20,0x66,0x6c,
    0x6f,0x61,0x74,0x20,0x5f,0x35,0x39,0x20,0x3d,0x20,0x73,0x69,0x6e,0x28,0x69,0x6e,
    0x73,0x74,0x5f,0x70,0x61,0x72,0x61,0x6d,0x73,0x2e,0x79,0x29,0x3b,0x0a,0x20,0x20,
    0x20,0x20,0x66,0x6c,0x6f,0x61,0x74,0x20,0x5f,0x36,0x33,0x20,0x3d,0x20,0x63,0x6f,
    0x73,0x28,0x69,0x6e,0x73,0x74,0x5f,0x70,0x61,0x72,0x61,0x6d,0x73,0x2e,0x79,0x29,
    0x3b,0x0a,0x20,0x20,0x20,0x20,0x66,0x6c,0x6f,0x61,0x74,0x20,0x5f,0x36,0x36,0x20,
    0x3d,0x20,0x5f,0x34,0x38,0x2e,0x78,0x3b,0x0a,0x20,0x20,0x20,0x20,0x66,0x6c,0x6f,
    0x61,0x74,0x20,0x5f,0x37,0x30,0x20,0x3d,0x20,0x5f,0x34,0x38,0x2e,0x79,0x3b,0x0a,
    0x20,0x20,0x20,0x20,0x76,0x65,0x63,0x33,0x20,0x72,0x69,0x67,0x68,0x74,0x20,0x3d,
    0x20,0x62,0x69,0x6c,0x6c,0x62,0x6f,0x61,0x72,0x64,0x5f,0x76,0x73,0x5f,0x70,0x61,
    0x72,0x61,0x6d,0x73,0x5b,0x34,0x5d,0x2e,0x78,0x79,0x7a,0x3b,0x0a,0x20,0x20,0x20,
    0x20,0x76,0x65,0x63,0x33,0x20,0x75,0x70,0x20,0x3d,0x20,0x62,0x69,0x6c,0x6c,0x62,
    0x6f,0x61,0x72,0x64,0x5f,0x76,0x73,0x5f,0x70,0x61,0x72,0x61,0x6d,0x73,0x5b,0x35,
    0x5d,0x2e,0x78,0x79,0x7a,0x3b,0x0a,0x20,0x20,0x20,0x20,0x69,0x66,0x20,0x28,0x69,
    0x6e,0x73,0x74,0x5f,0x70,0x61,0x72,0x61,0x6d,0x73,0x2e,0x7a,0x20,0x3e,0x20,0x30,
    0x2e,0x35,0x29,0x0a,0x20,0x20,0x20,0x20,0x7b,0x0a,0x20,0x20,0x20,0x20,0x20,0x20,
    0x20,0x20,0x76,0x65,0x63,0x33,0x20,0x5f,0x31,0x31,0x33,0x20,0x3d,0x20,0x62,0x69,
    0x6c,0x6c,0x62,0x6f,0x61,0x72,0x64,0x5f,0x76,0x73,0x5f,0x70,0x61,0x72,0x61,0x6d,
    0x73,0x5b,0x36,0x5d,0x2e,0x78,0x79,0x7a,0x20,0x2d,0x20,0x69,0x6e,0x73,0x74,0x5f,
    0x70,0x6f,0x73,0x2e,0x78,0x79,0x7a,0x3b,0x0a,0x20,0x20,0x20,0x20,0x20,0x20,0x20,
    0x20,0x76,0x65,0x63,0x33,0x20,0x5f,0x31,0x32,0x33,0x20,0x3d,0x20,0x6e,0x6f,0x72,
    0x6d,0x61,0x6c,0x69,0x7a,0x65,0x28,0x76,0x65,0x63,0x33,0x28,0x5f,0x31,0x31,0x33,
    0x2e,0x78,0x2c,0x20,0x30,0x2e,0x30,0x2c,0x20,0x5f,0x31,0x31,0x33,0x2e,0x7a,0x29,
    0x20,0x2b,0x20,0x76,0x65,0x63,0x33,0x28,0x39,0x2e,0x39,0x39,0x39,0x39,0x39,0x39,
    0x37,0x34,0x37,0x33,0x37,0x38,0x37,0x35,0x31,0x36,0x33,0x35,0x35,0x35,0x31,0x34,
    0x35,0x32,0x36,0x33,0x36,0x37,0x31,0x38,0x38,0x65,0x2d,0x30,0x36,0x2c,0x20,0x30,
    0x2e,0x30,0x2c,0x20,0x30,0x2e,0x30,0x29,0x29,0x3b,0x0a,0x20,0x20,0x20,0x20,0x20,
    0x20,0x20,0x20,0x72,0x69,0x67,0x68,0x74,0x20,0x3d,0x20,0x76,0x65,0x63,0x33,0x28,
    0x5f,0x31,0x32,0x33,0x2e,0x7a,0x2c,0x20,0x30,0x2e,0x30,0x2c,0x20,0x2d,0x5f,0x31,
    0x32,0x33,0x2e,0x78,0x29,0x3b,0x0a,0x20,0x20,0x20,0x20,0x20,0x20,0x20,0x20,0x75,
    0x70,0x20,0x3d,0x20,0x76,0x65,0x63,0x33,0x28,0x30,0x2e,0x30,0x2c,0x20,0x31,0x2e,
    0x30,0x2c,0x20,0x30,0x2e,0x30,0x29,0x3b,0x0a,0x20,0x20,0x20,0x20,0x7d,0x0a,0x20,
    0x20,0x20,0x20,0x76,0x65,0x63,0x33,0x20,0x5f,0x31,0x35,0x30,0x20,0x3d,0x20,0x28,
    0x69,0x6e,0x73,0x74,0x5f,0x70,0x6f,0x73,0x2e,0x78,0x79,0x7a,0x20,0x2b,0x20,0x28,
    0x72,0x69,0x67,0x68,0x74,0x20,0x2a,0x20,0x28,0x28,0x28,0x5f,0x36,0x36,0x20,0x2a,
    0x20,0x5f,0x36,0x33,0x29,0x20,0x2d,0x20,0x28,0x5f,0x37,0x30,0x20,0x2a,0x20,0x5f,
    0x35,0x39,0x29,0x29,0x20,0x2a,0x20,0x69,0x6e,0x73,0x74,0x5f,0x70,0x6f,0x73,0x2e,
    0x77,0x29,0x29,0x29,0x20,0x2b,0x20,0x28,0x75,0x70,0x20,0x2a,0x20,0x28,0x28,0x28,
    0x5f,0x36,0x36,0x20,0x2a,0x20,0x5f,0x35,0x39,0x29,0x20,0x2b,0x20,0x28,0x5f,0x37,
    0x30,0x20,0x2a,0x20,0x5f,0x36,0x33,0x29,0x29,0x20,0x2a,0x20,0x69,0x6e,0x73,0x74,
    0x5f,0x70,0x61,0x72,0x61,0x6d,0x73,0x2e,0x78,0x29,0x29,0x3b,0x0a,0x20,0x20,0x20,
    0x20,0x76,0x5f,0x77,0x6f,0x72,0x6c,0x64,0x5f,0x70,0x6f,0x73,0x20,0x3d,0x20,0x5f,
    0x31,0x35,0x30,0x3b,0x0a,0x20,0x20,0x20,0x20,0x76,0x5f,0x75,0x76,0x20,0x3d,0x20,
    0x76,0x65,0x63,0x32,0x28,0x6d,0x69,0x78,0x28,0x69,0x6e,0x73,0x74,0x5f,0x75,0x76,
    0x2e,0x78,0x2c,0x20,0x69,0x6e,0x73,0x74,0x5f,0x75,0x76,0x2e,0x7a,0x2c,0x20,0x5f,
    0x33,0x32,0x29,0x2c,0x20,0x6d,0x69,0x78,0x28,0x69,0x6e,0x73,0x74,0x5f,0x75,0x76,
    0x2e,0x77,0x2c,0x20,0x69,0x6e,0x73,0x74,0x5f,0x75,0x76,0x2e,0x79,0x2c,0x20,0x5f,
    0x34,0x32,0x29,0x29,0x3b,0x0a,0x20,0x20,0x20,0x20,0x76,0x5f,0x63,0x6f,0x6c,0x6f,
    0x72,0x20,0x3d,0x20,0x69,0x6e,0x73,0x74,0x5f,0x63,0x6f,0x6c,0x6f,0x72,0x3b,0x0a,
    0x20,0x20,0x20,0x20,0x67,0x6c,0x5f,0x50,0x6f,0x73,0x69,0x74,0x69,0x6f,0x6e,0x20,
    0x3d,0x20,0x6d,0x61,0x74,0x34,0x28,0x62,0x69,0x6c,0x6c,0x62,0x6f,0x61,0x72,0x64,
    0x5f,0x76,0x73,0x5f,0x70,0x61,0x72,0x61,0x6d,0x73,0x5b,0x30,0x5d,0x2c,0x20,0x62,
    0x69,0x6c,0x6c,0x62,0x6f,0x61,0x72,0x64,0x5f,0x76,0x73,0x5f,0x70,0x61,0x72,0x61,
    0x6d,0x73,0x5b,0x31,0x5d,0x2c,0x20,0x62,0x69,0x6c,0x6c,0x62,0x6f,0x61,0x72,0x64,
    0x5f,0x76,0x73,0x5f,0x70,0x61,0x72,0x61,0x6d,0x73,0x5b,0x32,0x5d,0x2c,0x20,0x62,
    0x69,0x6c,0x6c,0x62,0x6f,0x61,0x72,0x64,0x5f,0x76,0x73,0x5f,0x70,0x61,0x72,0x61,
    0x6d,0x73,0x5b,0x33,0x5d,0x29,0x20,0x2a,0x20,0x76,0x65,0x63,0x34,0x28,0x5f,0x31,
    0x35,0x30,0x2c,0x20,0x31,0x2e,0x30,0x29,0x3b,0x0a,0x7d,0x0a,0x0a,0x00,
};
/*
    #version 410

    uniform vec4 billboard_fs_params[3];
    uniform sampler2D sprite_tex_sprite_smp;

    layout(location = 0) in vec2 v_uv;
    layout(location = 1) in vec4 v_color;
    layout(location = 2) in vec3 v_world_pos;
    layout(location = 0) out vec4 frag_color;

    void main()
    {
        vec4 _28 = texture(sprite_tex_sprite_smp, v_uv) * v_color;
        vec4 c = _28;
        if (_28.w < 0.0040000001899898052215576171875)
        {
            discard;
        }
        if (billboard_fs_params[1].z > 0.5)
        {
            float _75 = clamp((length(billboard_fs_params[2].xyz - v_world_pos) - billboard_fs_params[1].x) * billboard_fs_params[1].y, 0.0, 1.0);
            if (billboard_fs_params[1].w > 0.5)
            {
                vec4 _83 = c;
                vec3 _85 = _83.xyz * (1.0 - _75);
                vec4 _119 = _83;
                _119.x = _85.x;
                _119.y = _85.y;
                _119.z = _85.z;
                c = _119;
            }
            else
            {
                vec4 _93 = c;
                vec3 _107 = pow(mix(pow(_93.xyz, vec3(2.2000000476837158203125)), billboard_fs_params[0].xyz, vec3(_75)), vec3(0.4545454680919647216796875));
                vec4 _125 = _93;
                _125.x = _107.x;
                _125.y = _107.y;
                _125.z = _107.z;
                c = _125;
            }
        }
        frag_color = c;
    }

*/
static const uint8_t billboard_fs_source_glsl410[1267] = {
    0x23,0x76,0x65,0x72,0x73,0x69,0x6f,0x6e,0x20,0x34,0x31,0x30,0x0a,0x0a,0x75,0x6e,
    0x69,0x66,0x6f,0x72,0x6d,0x20,0x76,0x65,0x63,0x34,0x20,0x62,0x69,0x6c,0x6c,0x62,
    0x6f,0x61,0x72,0x64,0x5f,0x66,0x73,0x5f,0x70,0x61,0x72,0x61,0x6d,0x73,0x5b,0x33,
    0x5d,0x3b,0x0a,0x75,0x6e,0x69,0x66,0x6f,0x72,0x6d,0x20,0x73,0x61,0x6d,0x70,0x6c,
    0x65,0x72,0x32,0x44,0x20,0x73,0x70,0x72,0x69,0x74,0x65,0x5f,0x74,0x65,0x78,0x5f,
    0x73,0x70,0x72,0x69,0x74,0x65,0x5f,0x73,0x6d,0x70,0x3b,0x0a,0x0a,0x6c,0x61,0x79,
    0x6f,0x75,0x74,0x28,0x6c,0x6f,0x63,0x61,0x74,0x69,0x6f,0x6e,0x20,0x3d,0x20,0x30,
    0x29,0x20,0x69,0x6e,0x20,0x76,0x65,0x63,0x32,0x20,0x76,0x5f,0x75,0x76,0x3b,0x0a,
    0x6c,0x61,0x79,0x6f,0x75,0x74,0x28,0x6c,0x6f,0x63,0x61,0x74,0x69,0x6f,0x6e,0x20,
    0x3d,0x20,0x31,0x29,0x20,0x69,0x6e,0x20,0x76,0x65,0x63,0x34,0x20,0x76,0x5f,0x63,
    0x6f,0x6c,0x6f,0x72,0x3b,0x0a,0x6c,0x61,0x79,0x6f,0x75,0x74,0x28,0x6c,0x6f,0x63,
    0x61,0x74,0x69,0x6f,0x6e,0x20,0x3d,0x20,0x32,0x29,0x20,0x69,0x6e,0x20,0x76,0x65,
    0x63,0x33,0x20,0x76,0x5f,0x77,0x6f,0x72,0x6c,0x64,0x5f,0x70,0x6f,0x73,0x3b,0x0a,
    0x6c,0x61,0x79,0x6f,0x75,0x74,0x28,0x6c,0x6f,0x63,0x61,0x74,0x69,0x6f,0x6e,0x20,
    0x3d,0x20,0x30,0x29,0x20,0x6f,0x75,0x74,0x20,0x76,0x65,0x63,0x34,0x20,0x66,0x72,
    0x61,0x67,0x5f,0x63,0x6f,0x6c,0x6f,0x72,0x3b,0x0a,0x0a,0x76,0x6f,0x69,0x64,0x20,
    0x6d,0x61,0x69,0x6e,0x28,0x29,0x0a,0x7b,0x0a,0x20,0x20,0x20,0x20,0x76,0x65,0x63,
    0x34,0x20,0x5f,0x32,0x38,0x20,0x3d,0x20,0x74,0x65,0x78,0x74,0x75,0x72,0x65,0x28,
    0x73,0x70,0x72,0x69,0x74,0x65,0x5f,0x74,0x65,0x78,0x5f,0x73,0x70,0x72,0x69,0x74,
    0x65,0x5f,0x73,0x6d,0x70,0x2c,0x20,0x76,0x5f,0x75,0x76,0x29,0x20,0x2a,0x20,0x76,
    0x5f,0x63,0x6f,0x6c,0x6f,0x72,0x3b,0x0a,0x20,0x20,0x20,0x20,0x76,0x65,0x63,0x34,
    0x20,0x63,0x20,0x3d,0x20,0x5f,0x32,0x38,0x3b,0x0a,0x20,0x20,0x20,0x20,0x69,0x66,
    0x20,0x28,0x5f,0x32,0x38,0x2e,0x77,0x20,0x3c,0x20,0x30,0x2e,0x30,0x30,0x34,0x30,
    0x30,0x30,0x30,0x30,0x30,0x31,0x38,0x39,0x39,0x38,0x39,0x38,0x30,0x35,0x32,0x32,
    0x31,0x35,0x35,0x37,0x36,0x31,0x37,0x31,0x38,0x37,0x35,0x29,0x0a,0x20,0x20,0x20,
    0x20,0x7b,0x0a,0x20,0x20,0x20,0x20,0x20,0x20,0x20,0x20,0x64,0x69,0x73,0x63,0x61,
    0x72,0x64,0x3b,0x0a,0x20,0x20,0x20,0x20,0x7d,0x0a,0x20,0x20,0x20,0x20,0x69,0x66,
    0x20,0x28,0x62,0x69,0x6c,0x6c,0x62,0x6f,0x61,0x72,0x64,0x5f,0x66,0x73,0x5f,0x70,
    0x61,0x72,0x61,0x6d,0x73,0x5b,0x31,0x5d,0x2e,0x7a,0x20,0x3e,0x20,0x30,0x2e,0x35,
    0x29,0x0a,0x20,0x20,0x20,0x20,0x7b,0x0a,0x20,0x20,0x20,0x20,0x20,0x20,0x20,0x20,
    0x66,0x6c,0x6f,0x61,0x74,0x20,0x5f,0x37,0x35,0x20,0x3d,0x20,0x63,0x6c,0x61,0x6d,
    0x70,0x28,0x28,0x6c,0x65,0x6e,0x67,0x74,0x68,0x28,0x62,0x69,0x6c,0x6c,0x62,0x6f,
    0x61,0x72,0x64,0x5f,0x66,0x73,0x5f,0x70,0x61,0x72,0x61,0x6d,0x73,0x5b,0x32,0x5d,
    0x2e,0x78,0x79,0x7a,0x20,0x2d,0x20,0x76,0x5f,0x77,0x6f,0x72,0x6c,0x64,0x5f,0x70,
    0x6f,0x73,0x29,0x20,0x2d,0x20,0x62,0x69,0x6c,0x6c,0x62,0x6f,0x61,0x72,0x64,0x5f,
    0x66,0x73,0x5f,0x70,0x61,0x72,0x61,0x6d,0x73,0x5b,0x31,0x5d,0x2e,0x78,0x29,0x20,
    0x2a,0x20,0x62,0x69,0x6c,0x6c,0x62,0x6f,0x61,0x72,0x64,0x5f,0x66,0x73,0x5f,0x70,
    0x61,0x72,0x61,0x6d,0x73,0x5b,0x31,0x5d,0x2e,0x79,0x2c,0x20,0x30,0x2e,0x30,0x2c,
    0x20,0x31,0x2e,0x30,0x29,0x3b,0x0a,0x20,0x20,0x20,0x20,0x20,0x20,0x20,0x20,0x69,
    0x66,0x20,0x28,0x62,0x69,0x6c,0x6c,0x62,0x6f,0x61,0x72,0x64,0x5f,0x66,0x73,0x5f,
    0x70,0x61,0x72,0x61,0x6d,0x73,0x5b,0x31,0x5d,0x2e,0x77,0x20,0x3e,0x20,0x30,0x2e,
    0x35,0x29,0x0a,0x20,0x20,0x20,0x20,0x20,0x20,0x20,0x20,0x7b,0x0a,0x20,0x20,0x20,
    0x20,0x20,0x20,0x20,0x20,0x20,0x20,0x20,0x20,0x76,0x65,0x63,0x34,0x20,0x5f,0x38,
    0x33,0x20,0x3d,0x20,0x63,0x3b,0x0a,0x20,0x20,0x20,0x20,0x20,0x20,0x20,0x20,0x20,
    0x20,0x20,0x20,0x76,0x65,0x63,0x33,0x20,0x5f,0x38,0x35,0x20,0x3d,0x20,0x5f,0x38,
    0x33,0x2e,0x78,0x79,0x7a,0x20,0x2a,0x20,0x28,0x31,0x2e,0x30,0x20,0x2d,0x20,0x5f,
    0x37,0x35,0x29,0x3b,0x0a,0x20,0x20,0x20,0x20,0x20,0x20,0x20,0x20,0x20,0x20,0x20,
    0x20,0x76,0x65,0x63,0x34,0x20,0x5f,0x31,0x31,0x39,0x20,0x3d,0x20,0x5f,0x38,0x33,
    0x3b,0x0a,0x20,0x20,0x20,0x20,0x20,0x20,0x20,0x20,0x20,0x20,0x20,0x20,0x5f,0x31,
    0x31,0x39,0x2e,0x78,0x20,0x3d,0x20,0x5f,0x38,0x35,0x2e,0x78,0x3b,0x0a,0x20,0x20,
    0x20,0x20,0x20,0x20,0x20,0x20,0x20,0x20,0x20,0x20,0x5f,0x31,0x31,0x39,0x2e,0x79,
    0x20,0x3d,0x20,0x5f,0x38,0x35,0x2e,0x79,0x3b,0x0a,0x20,0x20,0x20,0x20,0x20,0x20,
    0x20,0x20,0x20,0x20,0x20,0x20,0x5f,0x31,0x31,0x39,0x2e,0x7a,0x20,0x3d,0x20,0x5f,
    0x38,0x35,0x2e,0x7a,0x3b,0x0a,0x20,0x20,0x20,0x20,0x20,0x20,0x20,0x20,0x20,0x20,
    0x20,0x20,0x63,0x20,0x3d,0x20,0x5f,0x31,0x31,0x39,0x3b,0x0a,0x20,0x20,0x20,0x20,
    0x20,0x20,0x20,0x20,0x7d,0x0a,0x20,0x20,0x20,0x20,0x20,0x20,0x20,0x20,0x65,0x6c,
    0x73,0x65,0x0a,0x20,0x20,0x20,0x20,0x20,0x20,0x20,0x20,0x7b,0x0a,0x20,0x20,0x20,
    0x20,0x20,0x20,0x20,0x20,0x20,0x20,0x20,0x20,0x76,0x65,0x63,0x34,0x20,0x5f,0x39,
    0x33,0x20,0x3d,0x20,0x63,0x3b,0x0a,0x20,0x20,0x20,0x20,0x20,0x20,0x20,0x20,0x20,
    0x20,0x20,0x20,0x76,0x65,0x63,0x33,0x20,0x5f,0x31,0x30,0x37,0x20,0x3d,0x20,0x70,
    0x6f,0x77,0x28,0x6d,0x69,0x78,0x28,0x70,0x6f,0x77,0x28,0x5f,0x39,0x33,0x2e,0x78,
    0x79,0x7a,0x2c,0x20,0x76,0x65,0x63,0x33,0x28,0x32,0x2e,0x32,0x30,0x30,0x30,0x30,
    0x30,0x30,0x34,0x37,0x36,0x38,0x33,0x37,0x31,0x35,0x38,0x32,0x30,0x33,0x31,0x32,
    0x35,0x29,0x29,0x2c,0x20,0x62,0x69,0x6c,0x6c,0x62,0x6f,0x61,0x72,0x64,0x5f,0x66,
    0x73,0x5f,0x70,0x61,0x72,0x61,0x6d,0x73,0x5b,0x30,0x5d,0x2e,0x78,0x79,0x7a,0x2c,
    0x20,0x76,0x65,0x63,0x33,0x28,0x5f,0x37,0x35,0x29,0x29,0x2c,0x20,0x76,0x65,0x63,
    0x33,0x28,0x30,0x2e,0x34,0x35,0x34,0x35,0x34,0x35,0x34,0x36,0x38,0x30,0x39,0x31,
    0x39,0x36,0x34,0x37,0x32,0x31,0x36,0x37,0x39,0x36,0x38,0x37,0x35,0x29,0x29,0x3b,
    0x0a,0x20,0x20,0x20,0x20,0x20,0x20,0x20,0x20,0x20,0x20,0x20,0x20,0x76,0x65,0x63,
    0x34,0x20,0x5f,0x31,0x32,0x35,0x20,0x3d,0x20,0x5f,0x39,0x33,0x3b,0x0a,0x20,0x20,
    0x20,0x20,0x20,0x20,0x20,0x20,0x20,0x20,0x20,0x20,0x5f,0x31,0x32,0x35,0x2e,0x78,
    0x20,0x3d,0x20,0x5f,0x31,0x30,0x37,0x2e,0x78,0x3b,0x0a,0x20,0x20,0x20,0x20,0x20,
    0x20,0x20,0x20,0x20,0x20,0x20,0x20,0x5f,0x31,0x32,0x35,0x2e,0x79,0x20,0x3d,0x20,
    0x5f,0x31,0x30,0x37,0x2e,0x79,0x3b,0x0a,0x20,0x20,0x20,0x20,0x20,0x20,0x20,0x20,
    0x20,0x20,0x20,0x20,0x5f,0x31,0x32,0x35,0x2e,0x7a,0x20,0x3d,0x20,0x5f,0x31,0x30,
    0x37,0x2e,0x7a,0x3b,0x0a,0x20,0x20,0x20,0x20,0x20,0x20,0x20,0x20,0x20,0x20,0x20,
    0x20,0x63,0x20,0x3d,0x20,0x5f,0x31,0x32,0x35,0x3b,0x0a,0x20,0x20,0x20,0x20,0x20,
    0x20,0x20,0x20,0x7d,0x0a,0x20,0x20,0x20,0x20,0x7d,0x0a,0x20,0x20,0x20,0x20,0x66,
    0x72,0x61,0x67,0x5f,0x63,0x6f,0x6c,0x6f,0x72,0x20,0x3d,0x20,0x63,0x3b,0x0a,0x7d,
    0x0a,0x0a,0x00,
};
/*
    #version 300 es

    uniform vec4 billboard_vs_params[7];
    layout(location = 1) in vec4 inst_params;
    layout(location = 0) in vec4 inst_pos;
    out vec3 v_world_pos;
    out vec2 v_uv;
    layout(location = 3) in vec4 inst_uv;
    out vec4 v_color;
    layout(location = 2) in vec4 inst_color;

    void main()
    {
        int _13 = gl_VertexID % 6;
        bool _24 = _13 == 2;
        bool _28 = _13 == 4;
        float _32 = float(((_13 == 1) || _24) || _28);
        float _42 = float((_24 || _28) || (_13 == 5));
        vec2 _48 = vec2(_32, _42) - vec2(0.5);
        float _59 = sin(inst_params.y);
        float _63 = cos(inst_params.y);
        float _66 = _48.x;
        float _70 = _48.y;
        vec3 right = billboard_vs_params[4].xyz;
        vec3 up = billboard_vs_params[5].xyz;
        if (inst_params.z > 0.5)
        {
            vec3 _113 = billboard_vs_params[6].xyz - inst_pos.xyz;
            vec3 _123 = normalize(vec3(_113.x, 0.0, _113.z) + vec3(9.9999997473787516355514526367188e-06, 0.0, 0.0));
            right = vec3(_123.z, 0.0, -_123.x);
            up = vec3(0.0, 1.0, 0.0);
        }
        vec3 _150 = (inst_pos.xyz + (right * (((_66 * _63) - (_70 * _59)) * inst_pos.w))) + (up * (((_66 * _59) + (_70 * _63)) * inst_params.x));
        v_world_pos = _150;
        v_uv = vec2(mix(inst_uv.x, inst_uv.z, _32), mix(inst_uv.w, inst_uv.y, _42));
        v_color = inst_color;
        gl_Position = mat4(billboard_vs_params[0], billboard_vs_params[1], billboard_vs_params[2], billboard_vs_params[3]) * vec4(_150, 1.0);
    }

*/
static const uint8_t billboard_vs_source_glsl300es[1426] = {
    0x23,0x76,0x65,0x72,0x73,0x69,0x6f,0x6e,0x20,0x33,0x30,0x30,0x20,0x65,0x73,0x0a,
    0x0a,0x75,0x6e,0x69,0x66,0x6f,0x72,0x6d,0x20,0x76,0x65,0x63,0x34,0x20,0x62,0x69,
    0x6c,0x6c,0x62,0x6f,0x61,0x72,0x64,0x5f,0x76,0x73,0x5f,0x70,0x61,0x72,0x61,0x6d,
    0x73,0x5b,0x37,0x5d,0x3b,0x0a,0x6c,0x61,0x79,0x6f,0x75,0x74,0x28,0x6c,0x6f,0x63,
    0x61,0x74,0x69,0x6f,0x6e,0x20,0x3d,0x20,0x31,0x29,0x20,0x69,0x6e,0x20,0x76,0x65,
    0x63,0x34,0x20,0x69,0x6e,0x73,0x74,0x5f,0x70,0x61,0x72,0x61,0x6d,0x73,0x3b,0x0a,
    0x6c,0x61,0x79,0x6f,0x75,0x74,0x28,0x6c,0x6f,0x63,0x61,0x74,0x69,0x6f,0x6e,0x20,
    0x3d,0x20,0x30,0x29,0x20,0x69,0x6e,0x20,0x76,0x65,0x63,0x34,0x20,0x69,0x6e,0x73,
    0x74,0x5f,0x70,0x6f,0x73,0x3b,0x0a,0x6f,0x75,0x74,0x20,0x76,0x65,0x63,0x33,0x20,
    0x76,0x5f,0x77,0x6f,0x72,0x6c,0x64,0x5f,0x70,0x6f,0x73,0x3b,0x0a,0x6f,0x75,0x74,
    0x20,0x76,0x65,0x63,0x32,0x20,0x76,0x5f,0x75,0x76,0x3b,0x0a,0x6c,0x61,0x79,0x6f,
    0x75,0x74,0x28,0x6c,0x6f,0x63,0x61,0x74,0x69,0x6f,0x6e,0x20,0x3d,0x20,0x33,0x29,
    0x20,0x69,0x6e,0x20,0x76,0x65,0x63,0x34,0x20,0x69,0x6e,0x73,0x74,0x5f,0x75,0x76,
    0x3b,0x0a,0x6f,0x75,0x74,0x20,0x76,0x65,0x63,0x34,0x20,0x76,0x5f,0x63,0x6f,0x6c,
    0x6f,0x72,0x3b,0x0a,0x6c,0x61,0x79,0x6f,0x75,0x74,0x28,0x6c,0x6f,0x63,0x61,0x74,
    0x69,0x6f,0x6e,0x20,0x3d,0x20,0x32,0x29,0x20,0x69,0x6e,0x20,0x76,0x65,0x63,0x34,
    0x20,0x69,0x6e,0x73,0x74,0x5f,0x63,0x6f,0x6c,0x6f,0x72,0x3b,0x0a,0x0a,0x76,0x6f,
    0x69,0x64,0x20,0x6d,0x61,0x69,0x6e,0x28,0x29,0x0a,0x7b,0x0a,0x20,0x20,0x20,0x20,
    0x69,0x6e,0x74,0x20,0x5f,0x31,0x33,0x20,0x3d,0x20,0x67,0x6c,0x5f,0x56,0x65,0x72,
    0x74,0x65,0x78,0x49,0x44,0x20,0x25,0x20,0x36,0x3b,0x0a,0x20,0x20,0x20,0x20,0x62,
    0x6f,0x6f,0x6c,0x20,0x5f,0x32,0x34,0x20,0x3d,0x20,0x5f,0x31,0x33,0x20,0x3d,0x3d,
    0x20,0x32,0x3b,0x0a,0x20,0x20,0x20,0x20,0x62,0x6f,0x6f,0x6c,0x20,0x5f,0x32,0x38,
    0x20,0x3d,0x20,0x5f,0x31,0x33,0x20,0x3d,0x3d,0x20,0x34,0x3b,0x0a,0x20,0x20,0x20,
    0x20,0x66,0x6c,0x6f,0x61,0x74,0x20,0x5f,0x33,0x32,0x20,0x3d,0x20,0x66,0x6c,0x6f,
    0x61,0x74,0x28,0x28,0x28,0x5f,0x31,0x33,0x20,0x3d,0x3d,0x20,0x31,0x29,0x20,0x7c,
    0x7c,0x20,0x5f,0x32,0x34,0x29,0x20,0x7c,0x7c,0x20,0x5f,0x32,0x38,0x29,0x3b,0x0a,
    0x20,0x20,0x20,0x20,0x66,0x6c,0x6f,0x61,0x74,0x20,0x5f,0x34,0x32,0x20,0x3d,0x20,
    0x66,0x6c,0x6f,0x61,0x74,0x28,0x28,0x5f,0x32,0x34,0x20,0x7c,0x7c,0x20,0x5f,0x32,
    0x38,0x29,0x20,0x7c,0x7c,0x20,0x28,0x5f,0x31,0x33,0x20,0x3d,0x3d,0x20,0x35,0x29,
    0x29,0x3b,0x0a,0x20,0x20,0x20,0x20,0x76,0x65,0x63,0x32,0x20,0x5f,0x34,0x38,0x20,
    0x3d,0x20,0x76,0x65,0x63,0x32,0x28,0x5f,0x33,0x32,0x2c,0x20,0x5f,0x34,0x32,0x29,
    0x20,0x2d,0x20,0x76,0x65,0x63,0x32,0x28,0x30,0x2e,0x35,0x29,0x3b,0x0a,0x20,0x20,
    0x20,0x20,0x66,0x6c,0x6f,0x61,0x74,0x20,0x5f,0x35,0x39,0x20,0x3d,0x20,0x73,0x69,
    0x6e,0x28,0x69,0x6e,0x73,0x74,0x5f,0x70,0x61,0x72,0x61,0x6d,0x73,0x2e,0x79,0x29,
    0x3b,0x0a,0x20,0x20,0x20,0x20,0x66,0x6c,0x6f,0x61,0x74,0x20,0x5f,0x36,0x33,0x20,
    0x3d,0x20,0x63,0x6f,0x73,0x28,0x69,0x6e,0x73,0x74,0x5f,0x70,0x61,0x72,0x61,0x6d,
    0x73,0x2e,0x79,0x29,0x3b,0x0a,0x20,0x20,0x20,0x20,0x66,0x6c,0x6f,0x61,0x74,0x20,
    0x5f,0x36,0x36,0x20,0x3d,0x20,0x5f,0x34,0x38,0x2e,0x78,0x3b,0x0a,0x20,0x20,0x20,
    0x20,0x66,0x6c,0x6f,0x61,0x74,0x20,0x5f,0x37,0x30,0x20,0x3d,0x20,0x5f,0x34,0x38,
    0x2e,0x79,0x3b,0x0a,0x20,0x20,0x20,0x20,0x76,0x65,0x63,0x33,0x20,0x72,0x69,0x67,
    0x68,0x74,0x20,0x3d,0x20,0x62,0x69,0x6c,0x6c,0x62,0x6f,0x61,0x72,0x64,0x5f,0x76,
    0x73,0x5f,0x70,0x61,0x72,0x61,0x6d,0x73,0x5b,0x34,0x5d,0x2e,0x78,0x79,0x7a,0x3b,
    0x0a,0x20,0x20,0x20,0x20,0x76,0x65,0x63,0x33,0x20,0x75,0x70,0x20,0x3d,0x20,0x62,
    0x69,0x6c,0x6c,0x62,0x6f,0x61,0x72,0x64,0x5f,0x76,0x73,0x5f,0x70,0x61,0x72,0x61,
    0x6d,0x73,0x5b,0x35,0x5d,0x2e,0x78,0x79,0x7a,0x3b,0x0a,0x20,0x20,0x20,0x20,0x69,
    0x66,0x20,0x28,0x69,0x6e,0x73,0x74,0x5f,0x70,0x61,0x72,0x61,0x6d,0x73,0x2e,0x7a,
    0x20,0x3e,0x20,0x30,0x2e,0x35,0x29,0x0a,0x20,0x20,0x20,0x20,0x7b,0x0a,0x20,0x20,
    0x20,0x20,0x20,0x20,0x20,0x20,0x76,0x65,0x63,0x33,0x20,0x5f,0x31,0x31,0x33,0x20,
    0x3d,0x20,0x62,0x69,0x6c,0x6c,0x62,0x6f,0x61,0x72,0x64,0x5f,0x76,0x73,0x5f,0x70,
    0x61,0x72,0x61,0x6d,0x73,0x5b,0x36,0x5d,0x2e,0x78,0x79,0x7a,0x20,0x2d,0x20,0x69,
    0x6e,0x73,0x74,0x5f,0x70,0x6f,0x73,0x2e,0x78,0x79,0x7a,0x3b,0x0a,0x20,0x20,0x20,
    0x20,0x20,0x20,0x20,0x20,0x76,0x65,0x63,0x33,0x20,0x5f,0x31,0x32,0x33,0x20,0x3d,
    0x20,0x6e,0x6f,0x72,0x6d,0x61,0x6c,0x69,0x7a,0x65,0x28,0x76,0x65,0x63,0x33,0x28,
    0x5f,0x31,0x31,0x33,0x2e,0x78,0x2c,0x20,0x30,0x2e,0x30,0x2c,0x20,0x5f,0x31,0x31,
    0x33,0x2e,0x7a,0x29,0x20,0x2b,0x20,0x76,0x65,0x63,0x33,0x28,0x39,0x2e,0x39,0x39,
    0x39,0x39,0x39,0x39,0x37,0x34,0x37,0x33,0x37,0x38,0x37,0x35,0x31,0x36,0x33,0x35,
    0x35,0x35,0x31,0x34,0x35,0x32,0x36,0x33,0x36,0x37,0x31,0x38,0x38,0x65,0x2d,0x30,
    0x36,0x2c,0x20,0x30,0x2e,0x30,0x2c,0x20,0x30,0x2e,0x30,0x29,0x29,0x3b,0x0a,0x20,
    0x20,0x20,0x20,0x20,0x20,0x20,0x20,0x72,0x69,0x67,0x68,0x74,0x20,0x3d,0x20,0x76,
    0x65,0x63,0x33,0x28,0x5f,0x31,0x32,0x33,0x2e,0x7a,0x2c,0x20,0x30,0x2e,0x30,0x2c,
    0x20,0x2d,0x5f,0x31,0x32,0x33,0x2e,0x78,0x29,0x3b,0x0a,0x20,0x20,0x20,0x20,0x20,
    0x20,0x20,0x20,0x75,0x70,0x20,0x3d,0x20,0x76,0x65,0x63,0x33,0x28,0x30,0x2e,0x30,
    0x2c,0x20,0x31,0x2e,0x30,0x2c,0x20,0x30,0x2e,0x30,0x29,0x3b,0x0a,0x20,0x20,0x20,
    0x20,0x7d,0x0a,0x20,0x20,0x20,0x20,0x76,0x65,0x63,0x33,0x20,0x5f,0x31,0x35,0x30,
    0x20,0x3d,0x20,0x28,0x69,0x6e,0x73,0x74,0x5f,0x70,0x6f,0x73,0x2e,0x78,0x79,0x7a,
    0x20,0x2b,0x20,0x28,0x72,0x69,0x67,0x68,0x74,0x20,0x2a,0x20,0x28,0x28,0x28,0x5f,
    0x36,0x36,0x20,0x2a,0x20,0x5f,0x36,0x33,0x29,0x20,0x2d,0x20,0x28,0x5f,0x37,0x30,
    0x20,0x2a,0x20,0x5f,0x35,0x39,0x29,0x29,0x20,0x2a,0x20,0x69,0x6e,0x73,0x74,0x5f,
    0x70,0x6f,0x73,0x2e,0x77,0x29,0x29,0x29,0x20,0x2b,0x20,0x28,0x75,0x70,0x20,0x2a,
    0x20,0x28,0x28,0x28,0x5f,0x36,0x36,0x20,0x2a,0x20,0x5f,0x35,0x39,0x29,0x20,0x2b,
    0x20,0x28,0x5f,0x37,0x30,0x20,0x2a,0x20,0x5f,0x36,0x33,0x29,0x29,0x20,0x2a,0x20,
    0x69,0x6e,0x73,0x74,0x5f,0x70,0x61,0x72,0x61,0x6d,0x73,0x2e,0x78,0x29,0x29,0x3b,
    0x0a,0x20,0x20,0x20,0x20,0x76,0x5f,0x77,0x6f,0x72,0x6c,0x64,0x5f,0x70,0x6f,0x73,
    0x20,0x3d,0x20,0x5f,0x31,0x35,0x30,0x3b,0x0a,0x20,0x20,0x20,0x20,0x76,0x5f,0x75,
    0x76,0x20,0x3d,0x20,0x76,0x65,0x63,0x32,0x28,0x6d,0x69,0x78,0x28,0x69,0x6e,0x73,
    0x74,0x5f,0x75,0x76,0x2e,0x78,0x2c,0x20,0x69,0x6e,0x73,0x74,0x5f,0x75,0x76,0x2e,
    0x7a,0x2c,0x20,0x5f,0x33,0x32,0x29,0x2c,0x20,0x6d,0x69,0x78,0x28,0x69,0x6e,0x73,
    0x74,0x5f,0x75,0x76,0x2e,0x77,0x2c,0x20,0x69,0x6e,0x73,0x74,0x5f,0x75,0x76,0x2e,
    0x79,0x2c,0x20,0x5f,0x34,0x32,0x29,0x29,0x3b,0x0a,0x20,0x20,0x20,0x20,0x76,0x5f,
    0x63,0x6f,0x6c,0x6f,0x72,0x20,0x3d,0x20,0x69,0x6e,0x73,0x74,0x5f,0x63,0x6f,0x6c,
    0x6f,0x72,0x3b,0x0a,0x20,0x20,0x20,0x20,0x67,0x6c,0x5f,0x50,0x6f,0x73,0x69,0x74,
    0x69,0x6f,0x6e,0x20,0x3d,0x20,0x6d,0x61,0x74,0x34,0x28,0x62,0x69,0x6c,0x6c,0x62,
    0x6f,0x61,0x72,0x64,0x5f,0x76,0x73,0x5f,0x70,0x61,0x72,0x61,0x6d,0x73,0x5b,0x30,
    0x5d,0x2c,0x20,0x62,0x69,0x6c,0x6c,0x62,0x6f,0x61,0x72,0x64,0x5f,0x76,0x73,0x5f,
    0x70,0x61,0x72,0x61,0x6d,0x73,0x5b,0x31,0x5d,0x2c,0x20,0x62,0x69,0x6c,0x6c,0x62,
    0x6f,0x61,0x72,0x64,0x5f,0x76,0x73,0x5f,0x70,0x61,0x72,0x61,0x6d,0x73,0x5b,0x32,
    0x5d,0x2c,0x20,0x62,0x69,0x6c,0x6c,0x62,0x6f,0x61,0x72,0x64,0x5f,0x76,0x73,0x5f,
    0x70,0x61,0x72,0x61,0x6d,0x73,0x5b,0x33,0x5d,0x29,0x20,0x2a,0x20,0x76,0x65,0x63,
    0x34,0x28,0x5f,0x31,0x35,0x30,0x2c,0x20,0x31,0x2e,0x30,0x29,0x3b,0x0a,0x7d,0x0a,
    0x0a,0x00,
};
/*
    #version 300 es
    precision mediump float;
    precision highp int;

    uniform highp vec4 billboard_fs_params[3];
    uniform highp sampler2D sprite_tex_sprite_smp;

    in highp vec2 v_uv;
    in highp vec4 v_color;
    in highp vec3 v_world_pos;
    layout(location = 0) out highp vec4 frag_color;

    void main()
    {
        highp vec4 _28 = texture(sprite_tex_sprite_smp, v_uv) * v_color;
        highp vec4 c = _28;
        if (_28.w < 0.0040000001899898052215576171875)
        {
            discard;
        }
        if (billboard_fs_params[1].z > 0.5)
        {
            highp float _75 = clamp((length(billboard_fs_params[2].xyz - v_world_pos) - billboard_fs_params[1].x) * billboard_fs_params[1].y, 0.0, 1.0);
            if (billboard_fs_params[1].w > 0.5)
            {
                highp vec4 _83 = c;
                highp vec3 _85 = _83.xyz * (1.0 - _75);
                highp vec4 _119 = _83;
                _119.x = _85.x;
                _119.y = _85.y;
                _119.z = _85.z;
                c = _119;
            }
            else
            {
                highp vec4 _93 = c;
                highp vec3 _107 = pow(mix(pow(_93.xyz, vec3(2.2000000476837158203125)), billboard_fs_params[0].xyz, vec3(_75)), vec3(0.4545454680919647216796875));
                highp vec4 _125 = _93;
                _125.x = _107.x;
                _125.y = _107.y;
                _125.z = _107.z;
                c = _125;
            }
        }
        frag_color = c;
    }

*/
static const uint8_t billboard_fs_source_glsl300es[1343] = {
    0x23,0x76,0x65,0x72,0x73,0x69,0x6f,0x6e,0x20,0x33,0x30,0x30,0x20,0x65,0x73,0x0a,
    0x70,0x72,0x65,0x63,0x69,0x73,0x69,0x6f,0x6e,0x20,0x6d,0x65,0x64,0x69,0x75,0x6d,
    0x70,0x20,0x66,0x6c,0x6f,0x61,0x74,0x3b,0x0a,0x70,0x72,0x65,0x63,0x69,0x73,0x69,
    0x6f,0x6e,0x20,0x68,0x69,0x67,0x68,0x70,0x20,0x69,0x6e,0x74,0x3b,0x0a,0x0a,0x75,
    0x6e,0x69,0x66,0x6f,0x72,0x6d,0x20,0x68,0x69,0x67,0x68,0x70,0x20,0x76,0x65,0x63,
    0x34,0x20,0x62,0x69,0x6c,0x6c,0x62,0x6f,0x61,0x72,0x64,0x5f,0x66,0x73,0x5f,0x70,
    0x61,0x72,0x61,0x6d,0x73,0x5b,0x33,0x5d,0x3b,0x0a,0x75,0x6e,0x69,0x66,0x6f,0x72,
    0x6d,0x20,0x68,0x69,0x67,0x68,0x70,0x20,0x73,0x61,0x6d,0x70,0x6c,0x65,0x72,0x32,
    0x44,0x20,0x73,0x70,0x72,0x69,0x74,0x65,0x5f,0x74,0x65,0x78,0x5f,0x73,0x70,0x72,
    0x69,0x74,0x65,0x5f,0x73,0x6d,0x70,0x3b,0x0a,0x0a,0x69,0x6e,0x20,0x68,0x69,0x67,
    0x68,0x70,0x20,0x76,0x65,0x63,0x32,0x20,0x76,0x5f,0x75,0x76,0x3b,0x0a,0x69,0x6e,
    0x20,0x68,0x69,0x67,0x68,0x70,0x20,0x76,0x65,0x63,0x34,0x20,0x76,0x5f,0x63,0x6f,
    0x6c,0x6f,0x72,0x3b,0x0a,0x69,0x6e,0x20,0x68,0x69,0x67,0x68,0x70,0x20,0x76,0x65,
    0x63,0x33,0x20,0x76,0x5f,0x77,0x6f,0x72,0x6c,0x64,0x5f,0x70,0x6f,0x73,0x3b,0x0a,
    0x6c,0x61,0x79,0x6f,0x75,0x74,0x28,0x6c,0x6f,0x63,0x61,0x74,0x69,0x6f,0x6e,0x20,
    0x3d,0x20,0x30,0x29,0x20,0x6f,0x75,0x74,0x20,0x68,0x69,0x67,0x68,0x70,0x20,0x76,
    0x65,0x63,0x34,0x20,0x66,0x72,0x61,0x67,0x5f,0x63,0x6f,0x6c,0x6f,0x72,0x3b,0x0a,
    0x0a,0x76,0x6f,0x69,0x64,0x20,0x6d,0x61,0x69,0x6e,0x28,0x29,0x0a,0x7b,0x0a,0x20,
    0x20,0x20,0x20,0x68,0x69,0x67,0x68,0x70,0x20,0x76,0x65,0x63,0x34,0x20,0x5f,0x32,
    0x38,0x20,0x3d,0x20,0x74,0x65,0x78,0x74,0x75,0x72,0x65,0x28,0x73,0x70,0x72,0x69,
    0x74,0x65,0x5f,0x74,0x65,0x78,0x5f,0x73,0x70,0x72,0x69,0x74,0x65,0x5f,0x73,0x6d,
    0x70,0x2c,0x20,0x76,0x5f,0x75,0x76,0x29,0x20,0x2a,0x20,0x76,0x5f,0x63,0x6f,0x6c,
    0x6f,0x72,0x3b,0x0a,0x20,0x20,0x20,0x20,0x68,0x69,0x67,0x68,0x70,0x20,0x76,0x65,
    0x63,0x34,0x20,0x63,0x20,0x3d,0x20,0x5f,0x32,0x38,0x3b,0x0a,0x20,0x20,0x20,0x20,
    0x69,0x66,0x20,0x28,0x5f,0x32,0x38,0x2e,0x77,0x20,0x3c,0x20,0x30,0x2e,0x30,0x30,
    0x34,0x30,0x30,0x30,0x30,0x30,0x30,0x31,0x38,0x39,0x39,0x38,0x39,0x38,0x30,0x35,
    0x32,0x32,0x31,0x35,0x35,0x37,0x36,0x31,0x37,0x31,0x38,0x37,0x35,0x29,0x0a,0x20,
    0x20,0x20,0x20,0x7b,0x0a,0x20,0x20,0x20,0x20,0x20,0x20,0x20,0x20,0x64,0x69,0x73,
    0x63,0x61,0x72,0x64,0x3b,0x0a,0x20,0x20,0x20,0x20,0x7d,0x0a,0x20,0x20,0x20,0x20,
    0x69,0x66,0x20,0x28,0x62,0x69,0x6c,0x6c,0x62,0x6f,0x61,0x72,0x64,0x5f,0x66,0x73,
    0x5f,0x70,0x61,0x72,0x61,0x6d,0x73,0x5b,0x31,0x5d,0x2e,0x7a,0x20,0x3e,0x20,0x30,
    0x2e,0x35,0x29,0x0a,0x20,0x20,0x20,0x20,0x7b,0x0a,0x20,0x20,0x20,0x20,0x20,0x20,
    0x20,0x20,0x68,0x69,0x67,0x68,0x70,0x20,0x66,0x6c,0x6f,0x61,0x74,0x20,0x5f,0x37,
    0x35,0x20,0x3d,0x20,0x63,0x6c,0x61,0x6d,0x70,0x28,0x28,0x6c,0x65,0x6e,0x67,0x74,
    0x68,0x28,0x62,0x69,0x6c,0x6c,0x62,0x6f,0x61,0x72,0x64,0x5f,0x66,0x73,0x5f,0x70,
    0x61,0x72,0x61,0x6d,0x73,0x5b,0x32,0x5d,0x2e,0x78,0x79,0x7a,0x20,0x2d,0x20,0x76,
    0x5f,0x77,0x6f,0x72,0x6c,0x64,0x5f,0x70,0x6f,0x73,0x29,0x20,0x2d,0x20,0x62,0x69,
    0x6c,0x6c,0x62,0x6f,0x61,0x72,0x64,0x5f,0x66,0x73,0x5f,0x70,0x61,0x72,0x61,0x6d,
    0x73,0x5b,0x31,0x5d,0x2e,0x78,0x29,0x20,0x2a,0x20,0x62,0x69,0x6c,0x6c,0x62,0x6f,
    0x61,0x72,0x64,0x5f,0x66,0x73,0x5f,0x70,0x61,0x72,0x61,0x6d,0x73,0x5b,0x31,0x5d,
    0x2e,0x79,0x2c,0x20,0x30,0x2e,0x30,0x2c,0x20,0x31,0x2e,0x30,0x29,0x3b,0x0a,0x20,
    0x20,0x20,0x20,0x20,0x20,0x20,0x20,0x69,0x66,0x20,0x28,0x62,0x69,0x6c,0x6c,0x62,
    0x6f,0x61,0x72,0x64,0x5f,0x66,0x73,0x5f,0x70,0x61,0x72,0x61,0x6d,0x73,0x5b,0x31,
    0x5d,0x2e,0x77,0x20,0x3e,0x20,0x30,0x2e,0x35,0x29,0x0a,0x20,0x20,0x20,0x20,0x20,
    0x20,0x20,0x20,0x7b,0x0a,0x20,0x20,0x20,0x20,0x20,0x20,0x20,0x20,0x20,0x20,0x20,
    0x20,0x68,0x69,0x67,0x68,0x70,0x20,0x76,0x65,0x63,0x34,0x20,0x5f,0x38,0x33,0x20,
    0x3d,0x20,0x63,0x3b,0x0a,0x20,0x20,0x20,0x20,0x20,0x20,0x20,0x20,0x20,0x20,0x20,
    0x20,0x68,0x69,0x67,0x68,0x70,0x20,0x76,0x65,0x63,0x33,0x20,0x5f,0x38,0x35,0x20,
    0x3d,0x20,0x5f,0x38,0x33,0x2e,0x78,0x79,0x7a,0x20,0x2a,0x20,0x28,0x31,0x2e,0x30,
    0x20,0x2d,0x20,0x5f,0x37,0x35,0x29,0x3b,0x0a,0x20,0x20,0x20,0x20,0x20,0x20,0x20,
    0x20,0x20,0x20,0x20,0x20,0x68,0x69,0x67,0x68,0x70,0x20,0x76,0x65,0x63,0x34,0x20,
    0x5f,0x31,0x31,0x39,0x20,0x3d,0x20,0x5f,0x38,0x33,0x3b,0x0a,0x20,0x20,0x20,0x20,
    0x20,0x20,0x20,0x20,0x20,0x20,0x20,0x20,0x5f,0x31,0x31,0x39,0x2e,0x78,0x20,0x3d,
    0x20,0x5f,0x38,0x35,0x2e,0x78,0x3b,0x0a,0x20,0x20,0x20,0x20,0x20,0x20,0x20,0x20,
    0x20,0x20,0x20,0x20,0x5f,0x31,0x31,0x39,0x2e,0x79,0x20,0x3d,0x20,0x5f,0x38,0x35,
    0x2e,0x79,0x3b,0x0a,0x20,0x20,0x20,0x20,0x20,0x20,0x20,0x20,0x20,0x20,0x20,0x20,
    0x5f,0x31,0x31,0x39,0x2e,0x7a,0x20,0x3d,0x20,0x5f,0x38,0x35,0x2e,0x7a,0x3b,0x0a,
    0x20,0x20,0x20,0x20,0x20,0x20,0x20,0x20,0x20,0x20,0x20,0x20,0x63,0x20,0x3d,0x20,
    0x5f,0x31,0x31,0x39,0x3b,0x0a,0x20,0x20,0x20,0x20,0x20,0x20,0x20,0x20,0x7d,0x0a,
    0x20,0x20,0x20,0x20,0x20,0x20,0x20,0x20,0x65,0x6c,0x73,0x65,0x0a,0x20,0x20,0x20,
    0x20,0x20,0x20,0x20,0x20,0x7b,0x0a,0x20,0x20,0x20,0x20,0x20,0x20,0x20,0x20,0x20,
    0x20,0x20,0x20,0x68,0x69,0x67,0x68,0x70,0x20,0x76,0x65,0x63,0x34,0x20,0x5f,0x39,
    0x33,0x20,0x3d,0x20,0x63,0x3b,0x0a,0x20,0x20,0x20,0x20,0x20,0x20,0x20,0x20,0x20,
    0x20,0x20,0x20,0x68,0x69,0x67,0x68,0x70,0x20,0x76,0x65,0x63,0x33,0x20,0x5f,0x31,
    0x30,0x37,0x20,0x3d,0x20,0x70,0x6f,0x77,0x28,0x6d,0x69,0x78,0x28,0x70,0x6f,0x77,
    0x28,0x5f,0x39,0x33,0x2e,0x78,0x79,0x7a,0x2c,0x20,0x76,0x65,0x63,0x33,0x28,0x32,
    0x2e,0x32,0x30,0x30,0x30,0x30,0x30,0x30,0x34,0x37,0x36,0x38,0x33,0x37,0x31,0x35,
    0x38,0x32,0x30,0x33,0x31,0x32,0x35,0x29,0x29,0x2c,0x20,0x62,0x69,0x6c,0x6c,0x62,
    0x6f,0x61,0x72,0x64,0x5f,0x66,0x73,0x5f,0x70,0x61,0x72,0x61,0x6d,0x73,0x5b,0x30,
    0x5d,0x2e,0x78,0x79,0x7a,0x2c,0x20,0x76,0x65,0x63,0x33,0x28,0x5f,0x37,0x35,0x29,
    0x29,0x2c,0x20,0x76,0x65,0x63,0x33,0x28,0x30,0x2e,0x34,0x35,0x34,0x35,0x34,0x35,
    0x34,0x36,0x38,0x30,0x39,0x31,0x39,0x36,0x34,0x37,0x32,0x31,0x36,0x37,0x39,0x36,
    0x38,0x37,0x35,0x29,0x29,0x3b,0x0a,0x20,0x20,0x20,0x20,0x20,0x20,0x20,0x20,0x20,
    0x20,0x20,0x20,0x68,0x69,0x67,0x68,0x70,0x20,0x76,0x65,0x63,0x34,0x20,0x5f,0x31,
    0x32,0x35,0x20,0x3d,0x20,0x5f,0x39,0x33,0x3b,0x0a,0x20,0x20,0x20,0x20,0x20,0x20,
    0x20,0x20,0x20,0x20,0x20,0x20,0x5f,0x31,0x32,0x35,0x2e,0x78,0x20,0x3d,0x20,0x5f,
    0x31,0x30,0x37,0x2e,0x78,0x3b,0x0a,0x20,0x20,0x20,0x20,0x20,0x20,0x20,0x20,0x20,
    0x20,0x20,0x20,0x5f,0x31,0x32,0x35,0x2e,0x79,0x20,0x3d,0x20,0x5f,0x31,0x30,0x37,
    0x2e,0x79,0x3b,0x0a,0x20,0x20,0x20,0x20,0x20,0x20,0x20,0x20,0x20,0x20,0x20,0x20,
    0x5f,0x31,0x32,0x35,0x2e,0x7a,0x20,0x3d,0x20,0x5f,0x31,0x30,0x37,0x2e,0x7a,0x3b,
    0x0a,0x20,0x20,0x20,0x20,0x20,0x20,0x20,0x20,0x20,0x20,0x20,0x20,0x63,0x20,0x3d,
    0x20,0x5f,0x31,0x32,0x35,0x3b,0x0a,0x20,0x20,0x20,0x20,0x20,0x20,0x20,0x20,0x7d,
    0x0a,0x20,0x20,0x20,0x20,0x7d,0x0a,0x20,0x20,0x20,0x20,0x66,0x72,0x61,0x67,0x5f,
    0x63,0x6f,0x6c,0x6f,0x72,0x20,0x3d,0x20,0x63,0x3b,0x0a,0x7d,0x0a,0x0a,0x00,
};
/*
    cbuffer billboard_vs_params : register(b0)
    {
        row_major float4x4 _90_view_proj : packoffset(c0);
        float4 _90_cam_right : packoffset(c4);
        float4 _90_cam_up : packoffset(c5);
        float4 _90_cam_pos : packoffset(c6);
    };


    static float4 gl_Position;
    static int gl_VertexIndex;
    static float4 inst_params;
    static float4 inst_pos;
    static float3 v_world_pos;
    static float2 v_uv;
    static float4 inst_uv;
    static float4 v_color;
    static float4 inst_color;

    struct SPIRV_Cross_Input
    {
        float4 inst_pos : TEXCOORD0;
        float4 inst_params : TEXCOORD1;
        float4 inst_color : TEXCOORD2;
        float4 inst_uv : TEXCOORD3;
        uint gl_VertexIndex : SV_VertexID;
    };

    struct SPIRV_Cross_Output
    {
        float2 v_uv : TEXCOORD0;
        float4 v_color : TEXCOORD1;
        float3 v_world_pos : TEXCOORD2;
        float4 gl_Position : SV_Position;
    };

    void vert_main()
    {
        int _13 = gl_VertexIndex % 6;
        bool _24 = _13 == 2;
        bool _28 = _13 == 4;
        float _32 = float(((_13 == 1) || _24) || _28);
        float _42 = float((_24 || _28) || (_13 == 5));
        float2 _48 = float2(_32, _42) - 0.5f.xx;
        float _59 = sin(inst_params.y);
        float _63 = cos(inst_params.y);
        float _66 = _48.x;
        float _70 = _48.y;
        float3 right = _90_cam_right.xyz;
        float3 up = _90_cam_up.xyz;
        if (inst_params.z > 0.5f)
        {
            float3 _113 = _90_cam_pos.xyz - inst_pos.xyz;
            float3 _123 = normalize(float3(_113.x, 0.0f, _113.z) + float3(9.9999997473787516355514526367188e-06f, 0.0f, 0.0f));
            right = float3(_123.z, 0.0f, -_123.x);
            up = float3(0.0f, 1.0f, 0.0f);
        }
        float3 _150 = (inst_pos.xyz + (right * (((_66 * _63) - (_70 * _59)) * inst_pos.w))) + (up * (((_66 * _59) + (_70 * _63)) * inst_params.x));
        v_world_pos = _150;
        v_uv = float2(lerp(inst_uv.x, inst_uv.z, _32), lerp(inst_uv.w, inst_uv.y, _42));
        v_color = inst_color;
        gl_Position = mul(float4(_150, 1.0f), _90_view_proj);
    }

    SPIRV_Cross_Output main(SPIRV_Cross_Input stage_input)
    {
        gl_VertexIndex = int(stage_input.gl_VertexIndex);
        inst_params = stage_input.inst_params;
        inst_pos = stage_input.inst_pos;
        inst_uv = stage_input.inst_uv;
        inst_color = stage_input.inst_color;
        vert_main();
        SPIRV_Cross_Output stage_output;
        stage_output.gl_Position = gl_Position;
        stage_output.v_world_pos = v_world_pos;
        stage_output.v_uv = v_uv;
        stage_output.v_color = v_color;
        return stage_output;
    }
*/
static const uint8_t billboard_vs_source_hlsl5[2414] = {
    0x63,0x62,0x75,0x66,0x66,0x65,0x72,0x20,0x62,0x69,0x6c,0x6c,0x62,0x6f,0x61,0x72,
    0x64,0x5f,0x76,0x73,0x5f,0x70,0x61,0x72,0x61,0x6d,0x73,0x20,0x3a,0x20,0x72,0x65,
    0x67,0x69,0x73,0x74,0x65,0x72,0x28,0x62,0x30,0x29,0x0a,0x7b,0x0a,0x20,0x20,0x20,
    0x20,0x72,0x6f,0x77,0x5f,0x6d,0x61,0x6a,0x6f,0x72,0x20,0x66,0x6c,0x6f,0x61,0x74,
    0x34,0x78,0x34,0x20,0x5f,0x39,0x30,0x5f,0x76,0x69,0x65,0x77,0x5f,0x70,0x72,0x6f,
    0x6a,0x20,0x3a,0x20,0x70,0x61,0x63,0x6b,0x6f,0x66,0x66,0x73,0x65,0x74,0x28,0x63,
    0x30,0x29,0x3b,0x0a,0x20,0x20,0x20,0x20,0x66,0x6c,0x6f,0x61,0x74,0x34,0x20,0x5f,
    0x39,0x30,0x5f,0x63,0x61,0x6d,0x5f,0x72,0x69,0x67,0x68,0x74,0x20,0x3a,0x20,0x70,
    0x61,0x63,0x6b,0x6f,0x66,0x66,0x73,0x65,0x74,0x28,0x63,0x34,0x29,0x3b,0x0a,0x20,
    0x20,0x20,0x20,0x66,0x6c,0x6f,0x61,0x74,0x34,0x20,0x5f,0x39,0x30,0x5f,0x63,0x61,
    0x6d,0x5f,0x75,0x70,0x20,0x3a,0x20,0x70,0x61,0x63,0x6b,0x6f,0x66,0x66,0x73,0x65,
    0x74,0x28,0x63,0x35,0x29,0x3b,0x0a,0x20,0x20,0x20,0x20,0x66,0x6c,0x6f,0x61,0x74,
    0x34,0x20,0x5f,0x39,0x30,0x5f,0x63,0x61,0x6d,0x5f,0x70,0x6f,0x73,0x20,0x3a,0x20,
    0x70,0x61,0x63,0x6b,0x6f,0x66,0x66,0x73,0x65,0x74,0x28,0x63,0x36,0x29,0x3b,0x0a,
    0x7d,0x3b,0x0a,0x0a,0x0a,0x73,0x74,0x61,0x74,0x69,0x63,0x20,0x66,0x6c,0x6f,0x61,
    0x74,0x34,0x20,0x67,0x6c,0x5f,0x50,0x6f,0x73,0x69,0x74,0x69,0x6f,0x6e,0x3b,0x0a,
    0x73,0x74,0x61,0x74,0x69,0x63,0x20,0x69,0x6e,0x74,0x20,0x67,0x6c,0x5f,0x56,0x65,
    0x72,0x74,0x65,0x78,0x49,0x6e,0x64,0x65,0x78,0x3b,0x0a,0x73,0x74,0x61,0x74,0x69,
    0x63,0x20,0x66,0x6c,0x6f,0x61,0x74,0x34,0x20,0x69,0x6e,0x73,0x74,0x5f,0x70,0x61,
    0x72,0x61,0x6d,0x73,0x3b,0x0a,0x73,0x74,0x61,0x74,0x69,0x63,0x20,0x66,0x6c,0x6f,
    0x61,0x74,0x34,0x20,0x69,0x6e,0x73,0x74,0x5f,0x70,0x6f,0x73,0x3b,0x0a,0x73,0x74,
    0x61,0x74,0x69,0x63,0x20,0x66,0x6c,0x6f,0x61,0x74,0x33,0x20,0x76,0x5f,0x77,0x6f,
    0x72,0x6c,0x64,0x5f,0x70,0x6f,0x73,0x3b,0x0a,0x73,0x74,0x61,0x74,0x69,0x63,0x20,
    0x66,0x6c,0x6f,0x61,0x74,0x32,0x20,0x76,0x5f,0x75,0x76,0x3b,0x0a,0x73,0x74,0x61,
    0x74,0x69,0x63,0x20,0x66,0x6c,0x6f,0x61,0x74,0x34,0x20,0x69,0x6e,0x73,0x74,0x5f,
    0x75,0x76,0x3b,0x0a,0x73,0x74,0x61,0x74,0x69,0x63,0x20,0x66,0x6c,0x6f,0x61,0x74,
    0x34,0x20,0x76,0x5f,0x63,0x6f,0x6c,0x6f,0x72,0x3b,0x0a,0x73,0x74,0x61,0x74,0x69,
    0x63,0x20,0x66,0x6c,0x6f,0x61,0x74,0x34,0x20,0x69,0x6e,0x73,0x74,0x5f,0x63,0x6f,
    0x6c,0x6f,0x72,0x3b,0x0a,0x0a,0x73,0x74,0x72,0x75,0x63,0x74,0x20,0x53,0x50,0x49,
    0x52,0x56,0x5f,0x43,0x72,0x6f,0x73,0x73,0x5f,0x49,0x6e,0x70,0x75,0x74,0x0a,0x7b,
    0x0a,0x20,0x20,0x20,0x20,0x66,0x6c,0x6f,0x61,0x74,0x34,0x20,0x69,0x6e,0x73,0x74,
    0x5f,0x70,0x6f,0x73,0x20,0x3a,0x20,0x54,0x45,0x58,0x43,0x4f,0x4f,0x52,0x44,0x30,
    0x3b,0x0a,0x20,0x20,0x20,0x20,0x66,0x6c,0x6f,0x61,0x74,0x34,0x20,0x69,0x6e,0x73,
    0x74,0x5f,0x70,0x61,0x72,0x61,0x6d,0x73,0x20,0x3a,0x20,0x54,0x45,0x58,0x43,0x4f,
    0x4f,0x52,0x44,0x31,0x3b,0x0a,0x20,0x20,0x20,0x20,0x66,0x6c,0x6f,0x61,0x74,0x34,
    0x20,0x69,0x6e,0x73,0x74,0x5f,0x63,0x6f,0x6c,0x6f,0x72,0x20,0x3a,0x20,0x54,0x45,
    0x58,0x43,0x4f,0x4f,0x52,0x44,0x32,0x3b,0x0a,0x20,0x20,0x20,0x20,0x66,0x6c,0x6f,
    0x61,0x74,0x34,0x20,0x69,0x6e,0x73,0x74,0x5f,0x75,0x76,0x20,0x3a,0x20,0x54,0x45,
    0x58,0x43,0x4f,0x4f,0x52,0x44,0x33,0x3b,0x0a,0x20,0x20,0x20,0x20,0x75,0x69,0x6e,
    0x74,0x20,0x67,0x6c,0x5f,0x56,0x65,0x72,0x74,0x65,0x78,0x49,0x6e,0x64,0x65,0x78,
    0x20,0x3a,0x20,0x53,0x56,0x5f,0x56,0x65,0x72,0x74,0x65,0x78,0x49,0x44,0x3b,0x0a,
    0x7d,0x3b,0x0a,0x0a,0x73,0x74,0x72,0x75,0x63,0x74,0x20,0x53,0x50,0x49,0x52,0x56,
    0x5f,0x43,0x72,0x6f,0x73,0x73,0x5f,0x4f,0x75,0x74,0x70,0x75,0x74,0x0a,0x7b,0x0a,
    0x20,0x20,0x20,0x20,0x66,0x6c,0x6f,0x61,0x74,0x32,0x20,0x76,0x5f,0x75,0x76,0x20,
    0x3a,0x20,0x54,0x45,0x58,0x43,0x4f,0x4f,0x52,0x44,0x30,0x3b,0x0a,0x20,0x20,0x20,
    0x20,0x66,0x6c,0x6f,0x61,0x74,0x34,0x20,0x76,0x5f,0x63,0x6f,0x6c,0x6f,0x72,0x20,
    0x3a,0x20,0x54,0x45,0x58,0x43,0x4f,0x4f,0x52,0x44,0x31,0x3b,0x0a,0x20,0x20,0x20,
    0x20,0x66,0x6c,0x6f,0x61,0x74,0x33,0x20,0x76,0x5f,0x77,0x6f,0x72,0x6c,0x64,0x5f,
    0x70,0x6f,0x73,0x20,0x3a,0x20,0x54,0x45,0x58,0x43,0x4f,0x4f,0x52,0x44,0x32,0x3b,
    0x0a,0x20,0x20,0x20,0x20,0x66,0x6c,0x6f,0x61,0x74,0x34,0x20,0x67,0x6c,0x5f,0x50,
    0x6f,0x73,0x69,0x74,0x69,0x6f,0x6e,0x20,0x3a,0x20,0x53,0x56,0x5f,0x50,0x6f,0x73,
    0x69,0x74,0x69,0x6f,0x6e,0x3b,0x0a,0x7d,0x3b,0x0a,0x0a,0x76,0x6f,0x69,0x64,0x20,
    0x76,0x65,0x72,0x74,0x5f,0x6d,0x61,0x69,0x6e,0x28,0x29,0x0a,0x7b,0x0a,0x20,0x20,
    0x20,0x20,0x69,0x6e,0x74,0x20,0x5f,0x31,0x33,0x20,0x3d,0x20,0x67,0x6c,0x5f,0x56,
    0x65,0x72,0x74,0x65,0x78,0x49,0x6e,0x64,0x65,0x78,0x20,0x25,0x20,0x36,0x3b,0x0a,
    0x20,0x20,0x20,0x20,0x62,0x6f,0x6f,0x6c,0x20,0x5f,0x32,0x34,0x20,0x3d,0x20,0x5f,
    0x31,0x33,0x20,0x3d,0x3d,0x20,0x32,0x3b,0x0a,0x20,0x20,0x20,0x20,0x62,0x6f,0x6f,
    0x6c,0x20,0x5f,0x32,0x38,0x20,0x3d,0x20,0x5f,0x31,0x33,0x20,0x3d,0x3d,0x20,0x34,
    0x3b,0x0a,0x20,0x20,0x20,0x20,0x66,0x6c,0x6f,0x61,0x74,0x20,0x5f,0x33,0x32,0x20,
    0x3d,0x20,0x66,0x6c,0x6f,0x61,0x74,0x28,0x28,0x28,0x5f,0x31,0x33,0x20,0x3d,0x3d,
    0x20,0x31,0x29,0x20,0x7c,0x7c,0x20,0x5f,0x32,0x34,0x29,0x20,0x7c,0x7c,0x20,0x5f,
    0x32,0x38,0x29,0x3b,0x0a,0x20,0x20,0x20,0x20,0x66,0x6c,0x6f,0x61,0x74,0x20,0x5f,
    0x34,0x32,0x20,0x3d,0x20,0x66,0x6c,0x6f,0x61,0x74,0x28,0x28,0x5f,0x32,0x34,0x20,
    0x7c,0x7c,0x20,0x5f,0x32,0x38,0x29,0x20,0x7c,0x7c,0x20,0x28,0x5f,0x31,0x33,0x20,
    0x3d,0x3d,0x20,0x35,0x29,0x29,0x3b,0x0a,0x20,0x20,0x20,0x20,0x66,0x6c,0x6f,0x61,
    0x74,0x32,0x20,0x5f,0x34,0x38,0x20,0x3d,0x20,0x66,0x6c,0x6f,0x61,0x74,0x32,0x28,
    0x5f,0x33,0x32,0x2c,0x20,0x5f,0x34,0x32,0x29,0x20,0x2d,0x20,0x30,0x2e,0x35,0x66,
    0x2e,0x78,0x78,0x3b,0x0a,0x20,0x20,0x20,0x20,0x66,0x6c,0x6f,0x61,0x74,0x20,0x5f,
    0x35,0x39,0x20,0x3d,0x20,0x73,0x69,0x6e,0x28,0x69,0x6e,0x73,0x74,0x5f,0x70,0x61,
    0x72,0x61,0x6d,0x73,0x2e,0x79,0x29,0x3b,0x0a,0x20,0x20,0x20,0x20,0x66,0x6c,0x6f,
    0x61,0x74,0x20,0x5f,0x36,0x33,0x20,0x3d,0x20,0x63,0x6f,0x73,0x28,0x69,0x6e,0x73,
    0x74,0x5f,0x70,0x61,0x72,0x61,0x6d,0x73,0x2e,0x79,0x29,0x3b,0x0a,0x20,0x20,0x20,
    0x20,0x66,0x6c,0x6f,0x61,0x74,0x20,0x5f,0x36,0x36,0x20,0x3d,0x20,0x5f,0x34,0x38,
    0x2e,0x78,0x3b,0x0a,0x20,0x20,0x20,0x20,0x66,0x6c,0x6f,0x61,0x74,0x20,0x5f,0x37,
    0x30,0x20,0x3d,0x20,0x5f,0x34,0x38,0x2e,0x79,0x3b,0x0a,0x20,0x20,0x20,0x20,0x66,
    0x6c,0x6f,0x61,0x74,0x33,0x20,0x72,0x69,0x67,0x68,0x74,0x20,0x3d,0x20,0x5f,0x39,
    0x30,0x5f,0x63,0x61,0x6d,0x5f,0x72,0x69,0x67,0x68,0x74,0x2e,0x78,0x79,0x7a,0x3b,
    0x0a,0x20,0x20,0x20,0x20,0x66,0x6c,0x6f,0x61,0x74,0x33,0x20,0x75,0x70,0x20,0x3d,
    0x20,0x5f,0x39,0x30,0x5f,0x63,0x61,0x6d,0x5f,0x75,0x70,0x2e,0x78,0x79,0x7a,0x3b,
    0x0a,0x20,0x20,0x20,0x20,0x69,0x66,0x20,0x28,0x69,0x6e,0x73,0x74,0x5f,0x70,0x61,
    0x72,0x61,0x6d,0x73,0x2e,0x7a,0x20,0x3e,0x20,0x30,0x2e,0x35,0x66,0x29,0x0a,0x20,
    0x20,0x20,0x20,0x7b,0x0a,0x20,0x20,0x20,0x20,0x20,0x20,0x20,0x20,0x66,0x6c,0x6f,
    0x61,0x74,0x33,0x20,0x5f,0x31,0x31,0x33,0x20,0x3d,0x20,0x5f,0x39,0x30,0x5f,0x63,
    0x61,0x6d,0x5f,0x70,0x6f,0x73,0x2e,0x78,0x79,0x7a,0x20,0x2d,0x20,0x69,0x6e,0x73,
    0x74,0x5f,0x70,0x6f,0x73,0x2e,0x78,0x79,0x7a,0x3b,0x0a,0x20,0x20,0x20,0x20,0x20,
    0x20,0x20,0x20,0x66,0x6c,0x6f,0x61,0x74,0x33,0x20,0x5f,0x31,0x32,0x33,0x20,0x3d,
    0x20,0x6e,0x6f,0x72,0x6d,0x61,0x6c,0x69,0x7a,0x65,0x28,0x66,0x6c,0x6f,0x61,0x74,
    0x33,0x28,0x5f,0x31,0x31,0x33,0x2e,0x78,0x2c,0x20,0x30,0x2e,0x30,0x66,0x2c,0x20,
    0x5f,0x31,0x31,0x33,0x2e,0x7a,0x29,0x20,0x2b,0x20,0x66,0x6c,0x6f,0x61,0x74,0x33,
    0x28,0x39,0x2e,0x39,0x39,0x39,0x39,0x39,0x39,0x37,0x34,0x37,0x33,0x37,0x38,0x37,
    0x35,0x31,0x36,0x33,0x35,0x35,0x35,0x31,0x34,0x35,0x32,0x36,0x33,0x36,0x37,0x31,
    0x38,0x38,0x65,0x2d,0x30,0x36,0x66,0x2c,0x20,0x30,0x2e,0x30,0x66,0x2c,0x20,0x30,
    0x2e,0x30,0x66,0x29,0x29,0x3b,0x0a,0x20,0x20,0x20,0x20,0x20,0x20,0x20,0x20,0x72,
    0x69,0x67,0x68,0x74,0x20,0x3d,0x20,0x66,0x6c,0x6f,0x61,0x74,0x33,0x28,0x5f,0x31,
    0x32,0x33,0x2e,0x7a,0x2c,0x20,0x30,0x2e,0x30,0x66,0x2c,0x20,0x2d,0x5f,0x31,0x32,
    0x33,0x2e,0x78,0x29,0x3b,0x0a,0x20,0x20,0x20,0x20,0x20,0x20,0x20,0x20,0x75,0x70,
    0x20,0x3d,0x20,0x66,0x6c,0x6f,0x61,0x74,0x33,0x28,0x30,0x2e,0x30,0x66,0x2c,0x20,
    0x31,0x2e,0x30,0x66,0x2c,0x20,0x30,0x2e,0x30,0x66,0x29,0x3b,0x0a,0x20,0x20,0x20,
    0x20,0x7d,0x0a,0x20,0x20,0x20,0x20,0x66,0x6c,0x6f,0x61,0x74,0x33,0x20,0x5f,0x31,
    0x35,0x30,0x20,0x3d,0x20,0x28,0x69,0x6e,0x73,0x74,0x5f,0x70,0x6f,0x73,0x2e,0x78,
    0x79,0x7a,0x20,0x2b,0x20,0x28,0x72,0x69,0x67,0x68,0x74,0x20,0x2a,0x20,0x28,0x28,
    0x28,0x5f,0x36,0x36,0x20,0x2a,0x20,0x5f,0x36,0x33,0x29,0x20,0x2d,0x20,0x28,0x5f,
    0x37,0x30,0x20,0x2a,0x20,0x5f,0x35,0x39,0x29,0x29,0x20,0x2a,0x20,0x69,0x6e,0x73,
    0x74,0x5f,0x70,0x6f,0x73,0x2e,0x77,0x29,0x29,0x29,0x20,0x2b,0x20,0x28,0x75,0x70,
    0x20,0x2a,0x20,0x28,0x28,0x28,0x5f,0x36,0x36,0x20,0x2a,0x20,0x5f,0x35,0x39,0x29,
    0x20,0x2b,0x20,0x28,0x5f,0x37,0x30,0x20,0x2a,0x20,0x5f,0x36,0x33,0x29,0x29,0x20,
    0x2a,0x20,0x69,0x6e,0x73,0x74,0x5f,0x70,0x61,0x72,0x61,0x6d,0x73,0x2e,0x78,0x29,
    0x29,0x3b,0x0a,0x20,0x20,0x20,0x20,0x76,0x5f,0x77,0x6f,0x72,0x6c,0x64,0x5f,0x70,
    0x6f,0x73,0x20,0x3d,0x20,0x5f,0x31,0x35,0x30,0x3b,0x0a,0x20,0x20,0x20,0x20,0x76,
    0x5f,0x75,0x76,0x20,0x3d,0x20,0x66,0x6c,0x6f,0x61,0x74,0x32,0x28,0x6c,0x65,0x72,
    0x70,0x28,0x69,0x6e,0x73,0x74,0x5f,0x75,0x76,0x2e,0x78,0x2c,0x20,0x69,0x6e,0x73,
    0x74,0x5f,0x75,0x76,0x2e,0x7a,0x2c,0x20,0x5f,0x33,0x32,0x29,0x2c,0x20,0x6c,0x65,
    0x72,0x70,0x28,0x69,0x6e,0x73,0x74,0x5f,0x75,0x76,0x2e,0x77,0x2c,0x20,0x69,0x6e,
    0x73,0x74,0x5f,0x75,0x76,0x2e,0x79,0x2c,0x20,0x5f,0x34,0x32,0x29,0x29,0x3b,0x0a,
    0x20,0x20,0x20,0x20,0x76,0x5f,0x63,0x6f,0x6c,0x6f,0x72,0x20,0x3d,0x20,0x69,0x6e,
    0x73,0x74,0x5f,0x63,0x6f,0x6c,0x6f,0x72,0x3b,0x0a,0x20,0x20,0x20,0x20,0x67,0x6c,
    0x5f,0x50,0x6f,0x73,0x69,0x74,0x69,0x6f,0x6e,0x20,0x3d,0x20,0x6d,0x75,0x6c,0x28,
    0x66,0x6c,0x6f,0x61,0x74,0x34,0x28,0x5f,0x31,0x35,0x30,0x2c,0x20,0x31,0x2e,0x30,
    0x66,0x29,0x2c,0x20,0x5f,0x39,0x30,0x5f,0x76,0x69,0x65,0x77,0x5f,0x70,0x72,0x6f,
    0x6a,0x29,0x3b,0x0a,0x7d,0x0a,0x0a,0x53,0x50,0x49,0x52,0x56,0x5f,0x43,0x72,0x6f,
    0x73,0x73,0x5f,0x4f,0x75,0x74,0x70,0x75,0x74,0x20,0x6d,0x61,0x69,0x6e,0x28,0x53,
    0x50,0x49,0x52,0x56,0x5f,0x43,0x72,0x6f,0x73,0x73,0x5f,0x49,0x6e,0x70,0x75,0x74,
    0x20,0x73,0x74,0x61,0x67,0x65,0x5f,0x69,0x6e,0x70,0x75,0x74,0x29,0x0a,0x7b,0x0a,
    0x20,0x20,0x20,0x20,0x67,0x6c,0x5f,0x56,0x65,0x72,0x74,0x65,0x78,0x49,0x6e,0x64,
    0x65,0x78,0x20,0x3d,0x20,0x69,0x6e,0x74,0x28,0x73,0x74,0x61,0x67,0x65,0x5f,0x69,
    0x6e,0x70,0x75,0x74,0x2e,0x67,0x6c,0x5f,0x56,0x65,0x72,0x74,0x65,0x78,0x49,0x6e,
    0x64,0x65,0x78,0x29,0x3b,0x0a,0x20,0x20,0x20,0x20,0x69,0x6e,0x73,0x74,0x5f,0x70,
    0x61,0x72,0x61,0x6d,0x73,0x20,0x3d,0x20,0x73,0x74,0x61,0x67,0x65,0x5f,0x69,0x6e,
    0x70,0x75,0x74,0x2e,0x69,0x6e,0x73,0x74,0x5f,0x70,0x61,0x72,0x61,0x6d,0x73,0x3b,
    0x0a,0x20,0x20,0x20,0x20,0x69,0x6e,0x73,0x74,0x5f,0x70,0x6f,0x73,0x20,0x3d,0x20,
    0x73,0x74,0x61,0x67,0x65,0x5f,0x69,0x6e,0x70,0x75,0x74,0x2e,0x69,0x6e,0x73,0x74,
    0x5f,0x70,0x6f,0x73,0x3b,0x0a,0x20,0x20,0x20,0x20,0x69,0x6e,0x73,0x74,0x5f,0x75,
    0x76,0x20,0x3d,0x20,0x73,0x74,0x61,0x67,0x65,0x5f,0x69,0x6e,0x70,0x75,0x74,0x2e,
    0x69,0x6e,0x73,0x74,0x5f,0x75,0x76,0x3b,0x0a,0x20,0x20,0x20,0x20,0x69,0x6e,0x73,
    0x74,0x5f,0x63,0x6f,0x6c,0x6f,0x72,0x20,0x3d,0x20,0x73,0x74,0x61,0x67,0x65,0x5f,
    0x69,0x6e,0x70,0x75,0x74,0x2e,0x69,0x6e,0x73,0x74,0x5f,0x63,0x6f,0x6c,0x6f,0x72,
    0x3b,0x0a,0x20,0x20,0x20,0x20,0x76,0x65,0x72,0x74,0x5f,0x6d,0x61,0x69,0x6e,0x28,
    0x29,0x3b,0x0a,0x20,0x20,0x20,0x20,0x53,0x50,0x49,0x52,0x56,0x5f,0x43,0x72,0x6f,
    0x73,0x73,0x5f,0x4f,0x75,0x74,0x70,0x75,0x74,0x20,0x73,0x74,0x61,0x67,0x65,0x5f,
    0x6f,0x75,0x74,0x70,0x75,0x74,0x3b,0x0a,0x20,0x20,0x20,0x20,0x73,0x74,0x61,0x67,
    0x65,0x5f,0x6f,0x75,0x74,0x70,0x75,0x74,0x2e,0x67,0x6c,0x5f,0x50,0x6f,0x73,0x69,
    0x74,0x69,0x6f,0x6e,0x20,0x3d,0x20,0x67,0x6c,0x5f,0x50,0x6f,0x73,0x69,0x74,0x69,
    0x6f,0x6e,0x3b,0x0a,0x20,0x20,0x20,0x20,0x73,0x74,0x61,0x67,0x65,0x5f,0x6f,0x75,
    0x74,0x70,0x75,0x74,0x2e,0x76,0x5f,0x77,0x6f,0x72,0x6c,0x64,0x5f,0x70,0x6f,0x73,
    0x20,0x3d,0x20,0x76,0x5f,0x77,0x6f,0x72,0x6c,0x64,0x5f,0x70,0x6f,0x73,0x3b,0x0a,
    0x20,0x20,0x20,0x20,0x73,0x74,0x61,0x67,0x65,0x5f,0x6f,0x75,0x74,0x70,0x75,0x74,
    0x2e,0x76,0x5f,0x75,0x76,0x20,0x3d,0x20,0x76,0x5f,0x75,0x76,0x3b,0x0a,0x20,0x20,
    0x20,0x20,0x73,0x74,0x61,0x67,0x65,0x5f,0x6f,0x75,0x74,0x70,0x75,0x74,0x2e,0x76,
    0x5f,0x63,0x6f,0x6c,0x6f,0x72,0x20,0x3d,0x20,0x76,0x5f,0x63,0x6f,0x6c,0x6f,0x72,
    0x3b,0x0a,0x20,0x20,0x20,0x20,0x72,0x65,0x74,0x75,0x72,0x6e,0x20,0x73,0x74,0x61,
    0x67,0x65,0x5f,0x6f,0x75,0x74,0x70,0x75,0x74,0x3b,0x0a,0x7d,0x0a,0x00,
};
/*
    cbuffer billboard_fs_params : register(b1)
    {
        float4 _42_fog_color : packoffset(c0);
        float4 _42_fog_params : packoffset(c1);
        float4 _42_fs_cam_pos : packoffset(c2);
    };

    Texture2D<float4> sprite_tex : register(t0);
    SamplerState sprite_smp : register(s0);

    static float2 v_uv;
    static float4 v_color;
    static float3 v_world_pos;
    static float4 frag_color;

    struct SPIRV_Cross_Input
    {
        float2 v_uv : TEXCOORD0;
        float4 v_color : TEXCOORD1;
        float3 v_world_pos : TEXCOORD2;
    };

    struct SPIRV_Cross_Output
    {
        float4 frag_color : SV_Target0;
    };

    void frag_main()
    {
        float4 _28 = sprite_tex.Sample(sprite_smp, v_uv) * v_color;
        float4 c = _28;
        if (_28.w < 0.0040000001899898052215576171875f)
        {
            discard;
        }
        if (_42_fog_params.z > 0.5f)
        {
            float _75 = clamp((length(_42_fs_cam_pos.xyz - v_world_pos) - _42_fog_params.x) * _42_fog_params.y, 0.0f, 1.0f);
            if (_42_fog_params.w > 0.5f)
            {
                float4 _83 = c;
                float3 _85 = _83.xyz * (1.0f - _75);
                float4 _119 = _83;
                _119.x = _85.x;
                _119.y = _85.y;
                _119.z = _85.z;
                c = _119;
            }
            else
            {
                float4 _93 = c;
                float3 _107 = pow(lerp(pow(_93.xyz, 2.2000000476837158203125f.xxx), _42_fog_color.xyz, _75.xxx), 0.4545454680919647216796875f.xxx);
                float4 _125 = _93;
                _125.x = _107.x;
                _125.y = _107.y;
                _125.z = _107.z;
                c = _125;
            }
        }
        frag_color = c;
    }

    SPIRV_Cross_Output main(SPIRV_Cross_Input stage_input)
    {
        v_uv = stage_input.v_uv;
        v_color = stage_input.v_color;
        v_world_pos = stage_input.v_world_pos;
        frag_main();
        SPIRV_Cross_Output stage_output;
        stage_output.frag_color = frag_color;
        return stage_output;
    }
*/
static const uint8_t billboard_fs_source_hlsl5[1836] = {
    0x63,0x62,0x75,0x66,0x66,0x65,0x72,0x20,0x62,0x69,0x6c,0x6c,0x62,0x6f,0x61,0x72,
    0x64,0x5f,0x66,0x73,0x5f,0x70,0x61,0x72,0x61,0x6d,0x73,0x20,0x3a,0x20,0x72,0x65,
    0x67,0x69,0x73,0x74,0x65,0x72,0x28,0x62,0x31,0x29,0x0a,0x7b,0x0a,0x20,0x20,0x20,
    0x20,0x66,0x6c,0x6f,0x61,0x74,0x34,0x20,0x5f,0x34,0x32,0x5f,0x66,0x6f,0x67,0x5f,
    0x63,0x6f,0x6c,0x6f,0x72,0x20,0x3a,0x20,0x70,0x61,0x63,0x6b,0x6f,0x66,0x66,0x73,
    0x65,0x74,0x28,0x63,0x30,0x29,0x3b,0x0a,0x20,0x20,0x20,0x20,0x66,0x6c,0x6f,0x61,
    0x74,0x34,0x20,0x5f,0x34,0x32,0x5f,0x66,0x6f,0x67,0x5f,0x70,0x61,0x72,0x61,0x6d,
    0x73,0x20,0x3a,0x20,0x70,0x61,0x63,0x6b,0x6f,0x66,0x66,0x73,0x65,0x74,0x28,0x63,
    0x31,0x29,0x3b,0x0a,0x20,0x20,0x20,0x20,0x66,0x6c,0x6f,0x61,0x74,0x34,0x20,0x5f,
    0x34,0x32,0x5f,0x66,0x73,0x5f,0x63,0x61,0x6d,0x5f,0x70,0x6f,0x73,0x20,0x3a,0x20,
    0x70,0x61,0x63,0x6b,0x6f,0x66,0x66,0x73,0x65,0x74,0x28,0x63,0x32,0x29,0x3b,0x0a,
    0x7d,0x3b,0x0a,0x0a,0x54,0x65,0x78,0x74,0x75,0x72,0x65,0x32,0x44,0x3c,0x66,0x6c,
    0x6f,0x61,0x74,0x34,0x3e,0x20,0x73,0x70,0x72,0x69,0x74,0x65,0x5f,0x74,0x65,0x78,
    0x20,0x3a,0x20,0x72,0x65,0x67,0x69,0x73,0x74,0x65,0x72,0x28,0x74,0x30,0x29,0x3b,
    0x0a,0x53,0x61,0x6d,0x70,0x6c,0x65,0x72,0x53,0x74,0x61,0x74,0x65,0x20,0x73,0x70,
    0x72,0x69,0x74,0x65,0x5f,0x73,0x6d,0x70,0x20,0x3a,0x20,0x72,0x65,0x67,0x69,0x73,
    0x74,0x65,0x72,0x28,0x73,0x30,0x29,0x3b,0x0a,0x0a,0x73,0x74,0x61,0x74,0x69,0x63,
    0x20,0x66,0x6c,0x6f,0x61,0x74,0x32,0x20,0x76,0x5f,0x75,0x76,0x3b,0x0a,0x73,0x74,
    0x61,0x74,0x69,0x63,0x20,0x66,0x6c,0x6f,0x61,0x74,0x34,0x20,0x76,0x5f,0x63,0x6f,
    0x6c,0x6f,0x72,0x3b,0x0a,0x73,0x74,0x61,0x74,0x69,0x63,0x20,0x66,0x6c,0x6f,0x61,
    0x74,0x33,0x20,0x76,0x5f,0x77,0x6f,0x72,0x6c,0x64,0x5f,0x70,0x6f,0x73,0x3b,0x0a,
    0x73,0x74,0x61,0x74,0x69,0x63,0x20,0x66,0x6c,0x6f,0x61,0x74,0x34,0x20,0x66,0x72,
    0x61,0x67,0x5f,0x63,0x6f,0x6c,0x6f,0x72,0x3b,0x0a,0x0a,0x73,0x74,0x72,0x75,0x63,
    0x74,0x20,0x53,0x50,0x49,0x52,0x56,0x5f,0x43,0x72,0x6f,0x73,0x73,0x5f,0x49,0x6e,
    0x70,0x75,0x74,0x0a,0x7b,0x0a,0x20,0x20,0x20,0x20,0x66,0x6c,0x6f,0x61,0x74,0x32,
    0x20,0x76,0x5f,0x75,0x76,0x20,0x3a,0x20,0x54,0x45,0x58,0x43,0x4f,0x4f,0x52,0x44,
    0x30,0x3b,0x0a,0x20,0x20,0x20,0x20,0x66,0x6c,0x6f,0x61,0x74,0x34,0x20,0x76,0x5f,
    0x63,0x6f,0x6c,0x6f,0x72,0x20,0x3a,0x20,0x54,0x45,0x58,0x43,0x4f,0x4f,0x52,0x44,
    0x31,0x3b,0x0a,0x20,0x20,0x20,0x20,0x66,0x6c,0x6f,0x61,0x74,0x33,0x20,0x76,0x5f,
    0x77,0x6f,0x72,0x6c,0x64,0x5f,0x70,0x6f,0x73,0x20,0x3a,0x20,0x54,0x45,0x58,0x43,
    0x4f,0x4f,0x52,0x44,0x32,0x3b,0x0a,0x7d,0x3b,0x0a,0x0a,0x73,0x74,0x72,0x75,0x63,
    0x74,0x20,0x53,0x50,0x49,0x52,0x56,0x5f,0x43,0x72,0x6f,0x73,0x73,0x5f,0x4f,0x75,
    0x74,0x70,0x75,0x74,0x0a,0x7b,0x0a,0x20,0x20,0x20,0x20,0x66,0x6c,0x6f,0x61,0x74,
    0x34,0x20,0x66,0x72,0x61,0x67,0x5f,0x63,0x6f,0x6c,0x6f,0x72,0x20,0x3a,0x20,0x53,
    0x56,0x5f,0x54,0x61,0x72,0x67,0x65,0x74,0x30,0x3b,0x0a,0x7d,0x3b,0x0a,0x0a,0x76,
    0x6f,0x69,0x64,0x20,0x66,0x72,0x61,0x67,0x5f,0x6d,0x61,0x69,0x6e,0x28,0x29,0x0a,
    0x7b,0x0a,0x20,0x20,0x20,0x20,0x66,0x6c,0x6f,0x61,0x74,0x34,0x20,0x5f,0x32,0x38,
    0x20,0x3d,0x20,0x73,0x70,0x72,0x69,0x74,0x65,0x5f,0x74,0x65,0x78,0x2e,0x53,0x61,
    0x6d,0x70,0x6c,0x65,0x28,0x73,0x70,0x72,0x69,0x74,0x65,0x5f,0x73,0x6d,0x70,0x2c,
    0x20,0x76,0x5f,0x75,0x76,0x29,0x20,0x2a,0x20,0x76,0x5f,0x63,0x6f,0x6c,0x6f,0x72,
    0x3b,0x0a,0x20,0x20,0x20,0x20,0x66,0x6c,0x6f,0x61,0x74,0x34,0x20,0x63,0x20,0x3d,
    0x20,0x5f,0x32,0x38,0x3b,0x0a,0x20,0x20,0x20,0x20,0x69,0x66,0x20,0x28,0x5f,0x32,
    0x38,0x2e,0x77,0x20,0x3c,0x20,0x30,0x2e,0x30,0x30,0x34,0x30,0x30,0x30,0x30,0x30,
    0x30,0x31,0x38,0x39,0x39,0x38,0x39,0x38,0x30,0x35,0x32,0x32,0x31,0x35,0x35,0x37,
    0x36,0x31,0x37,0x31,0x38,0x37,0x35,0x66,0x29,0x0a,0x20,0x20,0x20,0x20,0x7b,0x0a,
    0x20,0x20,0x20,0x20,0x20,0x20,0x20,0x20,0x64,0x69,0x73,0x63,0x61,0x72,0x64,0x3b,
    0x0a,0x20,0x20,0x20,0x20,0x7d,0x0a,0x20,0x20,0x20,0x20,0x69,0x66,0x20,0x28,0x5f,
    0x34,0x32,0x5f,0x66,0x6f,0x67,0x5f,0x70,0x61,0x72,0x61,0x6d,0x73,0x2e,0x7a,0x20,
    0x3e,0x20,0x30,0x2e,0x35,0x66,0x29,0x0a,0x20,0x20,0x20,0x20,0x7b,0x0a,0x20,0x20,
    0x20,0x20,0x20,0x20,0x20,0x20,0x66,0x6c,0x6f,0x61,0x74,0x20,0x5f,0x37,0x35,0x20,
    0x3d,0x20,0x63,0x6c,0x61,0x6d,0x70,0x28,0x28,0x6c,0x65,0x6e,0x67,0x74,0x68,0x28,
    0x5f,0x34,0x32,0x5f,0x66,0x73,0x5f,0x63,0x61,0x6d,0x5f,0x70,0x6f,0x73,0x2e,0x78,
    0x79,0x7a,0x20,0x2d,0x20,0x76,0x5f,0x77,0x6f,0x72,0x6c,0x64,0x5f,0x70,0x6f,0x73,
    0x29,0x20,0x2d,0x20,0x5f,0x34,0x32,0x5f,0x66,0x6f,0x67,0x5f,0x70,0x61,0x72,0x61,
    0x6d,0x73,0x2e,0x78,0x29,0x20,0x2a,0x20,0x5f,0x34,0x32,0x5f,0x66,0x6f,0x67,0x5f,
    0x70,0x61,0x72,0x61,0x6d,0x73,0x2e,0x79,0x2c,0x20,0x30,0x2e,0x30,0x66,0x2c,0x20,
    0x31,0x2e,0x30,0x66,0x29,0x3b,0x0a,0x20,0x20,0x20,0x20,0x20,0x20,0x20,0x20,0x69,
    0x66,0x20,0x28,0x5f,0x34,0x32,0x5f,0x66,0x6f,0x67,0x5f,0x70,0x61,0x72,0x61,0x6d,
    0x73,0x2e,0x77,0x20,0x3e,0x20,0x30,0x2e,0x35,0x66,0x29,0x0a,0x20,0x20,0x20,0x20,
    0x20,0x20,0x20,0x20,0x7b,0x0a,0x20,0x20,0x20,0x20,0x20,0x20,0x20,0x20,0x20,0x20,
    0x20,0x20,0x66,0x6c,0x6f,0x61,0x74,0x34,0x20,0x5f,0x38,0x33,0x20,0x3d,0x20,0x63,
    0x3b,0x0a,0x20,0x20,0x20,0x20,0x20,0x20,0x20,0x20,0x20,0x20,0x20,0x20,0x66,0x6c,
    0x6f,0x61,0x74,0x33,0x20,0x5f,0x38,0x35,0x20,0x3d,0x20,0x5f,0x38,0x33,0x2e,0x78,
    0x79,0x7a,0x20,0x2a,0x20,0x28,0x31,0x2e,0x30,0x66,0x20,0x2d,0x20,0x5f,0x37,0x35,
    0x29,0x3b,0x0a,0x20,0x20,0x20,0x20,0x20,0x20,0x20,0x20,0x20,0x20,0x20,0x20,0x66,
    0x6c,0x6f,0x61,0x74,0x34,0x20,0x5f,0x31,0x31,0x39,0x20,0x3d,0x20,0x5f,0x38,0x33,
    0x3b,0x0a,0x20,0x20,0x20,0x20,0x20,0x20,0x20,0x20,0x20,0x20,0x20,0x20,0x5f,0x31,
    0x31,0x39,0x2e,0x78,0x20,0x3d,0x20,0x5f,0x38,0x35,0x2e,0x78,0x3b,0x0a,0x20,0x20,
    0x20,0x20,0x20,0x20,0x20,0x20,0x20,0x20,0x20,0x20,0x5f,0x31,0x31,0x39,0x2e,0x79,
    0x20,0x3d,0x20,0x5f,0x38,0x35,0x2e,0x79,0x3b,0x0a,0x20,0x20,0x20,0x20,0x20,0x20,
    0x20,0x20,0x20,0x20,0x20,0x20,0x5f,0x31,0x31,0x39,0x2e,0x7a,0x20,0x3d,0x20,0x5f,
    0x38,0x35,0x2e,0x7a,0x3b,0x0a,0x20,0x20,0x20,0x20,0x20,0x20,0x20,0x20,0x20,0x20,
    0x20,0x20,0x63,0x20,0x3d,0x20,0x5f,0x31,0x31,0x39,0x3b,0x0a,0x20,0x20,0x20,0x20,
    0x20,0x20,0x20,0x20,0x7d,0x0a,0x20,0x20,0x20,0x20,0x20,0x20,0x20,0x20,0x65,0x6c,
    0x73,0x65,0x0a,0x20,0x20,0x20,0x20,0x20,0x20,0x20,0x20,0x7b,0x0a,0x20,0x20,0x20,
    0x20,0x20,0x20,0x20,0x20,0x20,0x20,0x20,0x20,0x66,0x6c,0x6f,0x61,0x74,0x34,0x20,
    0x5f,0x39,0x33,0x20,0x3d,0x20,0x63,0x3b,0x0a,0x20,0x20,0x20,0x20,0x20,0x20,0x20,
    0x20,0x20,0x20,0x20,0x20,0x66,0x6c,0x6f,0x61,0x74,0x33,0x20,0x5f,0x31,0x30,0x37,
    0x20,0x3d,0x20,0x70,0x6f,0x77,0x28,0x6c,0x65,0x72,0x70,0x28,0x70,0x6f,0x77,0x28,
    0x5f,0x39,0x33,0x2e,0x78,0x79,0x7a,0x2c,0x20,0x32,0x2e,0x32,0x30,0x30,0x30,0x30,
    0x30,0x30,0x34,0x37,0x36,0x38,0x33,0x37,0x31,0x35,0x38,0x32,0x30,0x33,0x31,0x32,
    0x35,0x66,0x2e,0x78,0x78,0x78,0x29,0x2c,0x20,0x5f,0x34,0x32,0x5f,0x66,0x6f,0x67,
    0x5f,0x63,0x6f,0x6c,0x6f,0x72,0x2e,0x78,0x79,0x7a,0x2c,0x20,0x5f,0x37,0x35,0x2e,
    0x78,0x78,0x78,0x29,0x2c,0x20,0x30,0x2e,0x34,0x35,0x34,0x35,0x34,0x35,0x34,0x36,
    0x38,0x30,0x39,0x31,0x39,0x36,0x34,0x37,0x32,0x31,0x36,0x37,0x39,0x36,0x38,0x37,
    0x35,0x66,0x2e,0x78,0x78,0x78,0x29,0x3b,0x0a,0x20,0x20,0x20,0x20,0x20,0x20,0x20,
    0x20,0x20,0x20,0x20,0x20,0x66,0x6c,0x6f,0x61,0x74,0x34,0x20,0x5f,0x31,0x32,0x35,
    0x20,0x3d,0x20,0x5f,0x39,0x33,0x3b,0x0a,0x20,0x20,0x20,0x20,0x20,0x20,0x20,0x20,
    0x20,0x20,0x20,0x20,0x5f,0x31,0x32,0x35,0x2e,0x78,0x20,0x3d,0x20,0x5f,0x31,0x30,
    0x37,0x2e,0x78,0x3b,0x0a,0x20,0x20,0x20,0x20,0x20,0x20,0x20,0x20,0x20,0x20,0x20,
    0x20,0x5f,0x31,0x32,0x35,0x2e,0x79,0x20,0x3d,0x20,0x5f,0x31,0x30,0x37,0x2e,0x79,
    0x3b,0x0a,0x20,0x20,0x20,0x20,0x20,0x20,0x20,0x20,0x20,0x20,0x20,0x20,0x5f,0x31,
    0x32,0x35,0x2e,0x7a,0x20,0x3d,0x20,0x5f,0x31,0x30,0x37,0x2e,0x7a,0x3b,0x0a,0x20,
    0x20,0x20,0x20,0x20,0x20,0x20,0x20,0x20,0x20,0x20,0x20,0x63,0x20,0x3d,0x20,0x5f,
    0x31,0x32,0x35,0x3b,0x0a,0x20,0x20,0x20,0x20,0x20,0x20,0x20,0x20,0x7d,0x0a,0x20,
    0x20,0x20,0x20,0x7d,0x0a,0x20,0x20,0x20,0x20,0x66,0x72,0x61,0x67,0x5f,0x63,0x6f,
    0x6c,0x6f,0x72,0x20,0x3d,0x20,0x63,0x3b,0x0a,0x7d,0x0a,0x0a,0x53,0x50,0x49,0x52,
    0x56,0x5f,0x43,0x72,0x6f,0x73,0x73,0x5f,0x4f,0x75,0x74,0x70,0x75,0x74,0x20,0x6d,
    0x61,0x69,0x6e,0x28,0x53,0x50,0x49,0x52,0x56,0x5f,0x43,0x72,0x6f,0x73,0x73,0x5f,
    0x49,0x6e,0x70,0x75,0x74,0x20,0x73,0x74,0x61,0x67,0x65,0x5f,0x69,0x6e,0x70,0x75,
    0x74,0x29,0x0a,0x7b,0x0a,0x20,0x20,0x20,0x20,0x76,0x5f,0x75,0x76,0x20,0x3d,0x20,
    0x73,0x74,0x61,0x67,0x65,0x5f,0x69,0x6e,0x70,0x75,0x74,0x2e,0x76,0x5f,0x75,0x76,
    0x3b,0x0a,0x20,0x20,0x20,0x20,0x76,0x5f,0x63,0x6f,0x6c,0x6f,0x72,0x20,0x3d,0x20,
    0x73,0x74,0x61,0x67,0x65,0x5f,0x69,0x6e,0x70,0x75,0x74,0x2e,0x76,0x5f,0x63,0x6f,
    0x6c,0x6f,0x72,0x3b,0x0a,0x20,0x20,0x20,0x20,0x76,0x5f,0x77,0x6f,0x72,0x6c,0x64,
    0x5f,0x70,0x6f,0x73,0x20,0x3d,0x20,0x73,0x74,0x61,0x67,0x65,0x5f,0x69,0x6e,0x70,
    0x75,0x74,0x2e,0x76,0x5f,0x77,0x6f,0x72,0x6c,0x64,0x5f,0x70,0x6f,0x73,0x3b,0x0a,
    0x20,0x20,0x20,0x20,0x66,0x72,0x61,0x67,0x5f,0x6d,0x61,0x69,0x6e,0x28,0x29,0x3b,
    0x0a,0x20,0x20,0x20,0x20,0x53,0x50,0x49,0x52,0x56,0x5f,0x43,0x72,0x6f,0x73,0x73,
    0x5f,0x4f,0x75,0x74,0x70,0x75,0x74,0x20,0x73,0x74,0x61,0x67,0x65,0x5f,0x6f,0x75,
    0x74,0x70,0x75,0x74,0x3b,0x0a,0x20,0x20,0x20,0x20,0x73,0x74,0x61,0x67,0x65,0x5f,
    0x6f,0x75,0x74,0x70,0x75,0x74,0x2e,0x66,0x72,0x61,0x67,0x5f,0x63,0x6f,0x6c,0x6f,
    0x72,0x20,0x3d,0x20,0x66,0x72,0x61,0x67,0x5f,0x63,0x6f,0x6c,0x6f,0x72,0x3b,0x0a,
    0x20,0x20,0x20,0x20,0x72,0x65,0x74,0x75,0x72,0x6e,0x20,0x73,0x74,0x61,0x67,0x65,
    0x5f,0x6f,0x75,0x74,0x70,0x75,0x74,0x3b,0x0a,0x7d,0x0a,0x00,
};
/*
    #include <metal_stdlib>
    #include <simd/simd.h>

    using namespace metal;

    struct billboard_vs_params
    {
        float4x4 view_proj;
        float4 cam_right;
        float4 cam_up;
        float4 cam_pos;
    };

    struct main0_out
    {
        float2 v_uv [[user(locn0)]];
        float4 v_color [[user(locn1)]];
        float3 v_world_pos [[user(locn2)]];
        float4 gl_Position [[position]];
    };

    struct main0_in
    {
        float4 inst_pos [[attribute(0)]];
        float4 inst_params [[attribute(1)]];
        float4 inst_color [[attribute(2)]];
        float4 inst_uv [[attribute(3)]];
    };

    vertex main0_out main0(main0_in in [[stage_in]], constant billboard_vs_params& _90 [[buffer(0)]], uint gl_VertexIndex [[vertex_id]])
    {
        main0_out out = {};
        int _13 = int(gl_VertexIndex) % 6;
        bool _24 = _13 == 2;
        bool _28 = _13 == 4;
        float _32 = float(((_13 == 1) || _24) || _28);
        float _42 = float((_24 || _28) || (_13 == 5));
        float2 _48 = float2(_32, _42) - float2(0.5);
        float _59 = sin(in.inst_params.y);
        float _63 = cos(in.inst_params.y);
        float _66 = _48.x;
        float _70 = _48.y;
        float3 right = _90.cam_right.xyz;
        float3 up = _90.cam_up.xyz;
        if (in.inst_params.z > 0.5)
        {
            float3 _113 = _90.cam_pos.xyz - in.inst_pos.xyz;
            float3 _123 = fast::normalize(float3(_113.x, 0.0, _113.z) + float3(9.9999997473787516355514526367188e-06, 0.0, 0.0));
            right = float3(_123.z, 0.0, -_123.x);
            up = float3(0.0, 1.0, 0.0);
        }
        float3 _150 = (in.inst_pos.xyz + (right * (((_66 * _63) - (_70 * _59)) * in.inst_pos.w))) + (up * (((_66 * _59) + (_70 * _63)) * in.inst_params.x));
        out.v_world_pos = _150;
        out.v_uv = float2(mix(in.inst_uv.x, in.inst_uv.z, _32), mix(in.inst_uv.w, in.inst_uv.y, _42));
        out.v_color = in.inst_color;
        out.gl_Position = _90.view_proj * float4(_150, 1.0);
        return out;
    }

*/
static const uint8_t billboard_vs_source_metal_macos[1829] = {
    0x23,0x69,0x6e,0x63,0x6c,0x75,0x64,0x65,0x20,0x3c,0x6d,0x65,0x74,0x61,0x6c,0x5f,
    0x73,0x74,0x64,0x6c,0x69,0x62,0x3e,0x0a,0x23,0x69,0x6e,0x63,0x6c,0x75,0x64,0x65,
    0x20,0x3c,0x73,0x69,0x6d,0x64,0x2f,0x73,0x69,0x6d,0x64,0x2e,0x68,0x3e,0x0a,0x0a,
    0x75,0x73,0x69,0x6e,0x67,0x20,0x6e,0x61,0x6d,0x65,0x73,0x70,0x61,0x63,0x65,0x20,
    0x6d,0x65,0x74,0x61,0x6c,0x3b,0x0a,0x0a,0x73,0x74,0x72,0x75,0x63,0x74,0x20,0x62,
    0x69,0x6c,0x6c,0x62,0x6f,0x61,0x72,0x64,0x5f,0x76,0x73,0x5f,0x70,0x61,0x72,0x61,
    0x6d,0x73,0x0a,0x7b,0x0a,0x20,0x20,0x20,0x20,0x66,0x6c,0x6f,0x61,0x74,0x34,0x78,
    0x34,0x20,0x76,0x69,0x65,0x77,0x5f,0x70,0x72,0x6f,0x6a,0x3b,0x0a,0x20,0x20,0x20,
    0x20,0x66,0x6c,0x6f,0x61,0x74,0x34,0x20,0x63,0x61,0x6d,0x5f,0x72,0x69,0x67,0x68,
    0x74,0x3b,0x0a,0x20,0x20,0x20,0x20,0x66,0x6c,0x6f,0x61,0x74,0x34,0x20,0x63,0x61,
    0x6d,0x5f,0x75,0x70,0x3b,0x0a,0x20,0x20,0x20,0x20,0x66,0x6c,0x6f,0x61,0x74,0x34,
    0x20,0x63,0x61,0x6d,0x5f,0x70,0x6f,0x73,0x3b,0x0a,0x7d,0x3b,0x0a,0x0a,0x73,0x74,
    0x72,0x75,0x63,0x74,0x20,0x6d,0x61,0x69,0x6e,0x30,0x5f,0x6f,0x75,0x74,0x0a,0x7b,
    0x0a,0x20,0x20,0x20,0x20,0x66,0x6c,0x6f,0x61,0x74,0x32,0x20,0x76,0x5f,0x75,0x76,
    0x20,0x5b,0x5b,0x75,0x73,0x65,0x72,0x28,0x6c,0x6f,0x63,0x6e,0x30,0x29,0x5d,0x5d,
    0x3b,0x0a,0x20,0x20,0x20,0x20,0x66,0x6c,0x6f,0x61,0x74,0x34,0x20,0x76,0x5f,0x63,
    0x6f,0x6c,0x6f,0x72,0x20,0x5b,0x5b,0x75,0x73,0x65,0x72,0x28,0x6c,0x6f,0x63,0x6e,
    0x31,0x29,0x5d,0x5d,0x3b,0x0a,0x20,0x20,0x20,0x20,0x66,0x6c,0x6f,0x61,0x74,0x33,
    0x20,0x76,0x5f,0x77,0x6f,0x72,0x6c,0x64,0x5f,0x70,0x6f,0x73,0x20,0x5b,0x5b,0x75,
    0x73,0x65,0x72,0x28,0x6c,0x6f,0x63,0x6e,0x32,0x29,0x5d,0x5d,0x3b,0x0a,0x20,0x20,
    0x20,0x20,0x66,0x6c,0x6f,0x61,0x74,0x34,0x20,0x67,0x6c,0x5f,0x50,0x6f,0x73,0x69,
    0x74,0x69,0x6f,0x6e,0x20,0x5b,0x5b,0x70,0x6f,0x73,0x69,0x74,0x69,0x6f,0x6e,0x5d,
    0x5d,0x3b,0x0a,0x7d,0x3b,0x0a,0x0a,0x73,0x74,0x72,0x75,0x63,0x74,0x20,0x6d,0x61,
    0x69,0x6e,0x30,0x5f,0x69,0x6e,0x0a,0x7b,0x0a,0x20,0x20,0x20,0x20,0x66,0x6c,0x6f,
    0x61,0x74,0x34,0x20,0x69,0x6e,0x73,0x74,0x5f,0x70,0x6f,0x73,0x20,0x5b,0x5b,0x61,
    0x74,0x74,0x72,0x69,0x62,0x75,0x74,0x65,0x28,0x30,0x29,0x5d,0x5d,0x3b,0x0a,0x20,
    0x20,0x20,0x20,0x66,0x6c,0x6f,0x61,0x74,0x34,0x20,0x69,0x6e,0x73,0x74,0x5f,0x70,
    0x61,0x72,0x61,0x6d,0x73,0x20,0x5b,0x5b,0x61,0x74,0x74,0x72,0x69,0x62,0x75,0x74,
    0x65,0x28,0x31,0x29,0x5d,0x5d,0x3b,0x0a,0x20,0x20,0x20,0x20,0x66,0x6c,0x6f,0x61,
    0x74,0x34,0x20,0x69,0x6e,0x73,0x74,0x5f,0x63,0x6f,0x6c,0x6f,0x72,0x20,0x5b,0x5b,
    0x61,0x74,0x74,0x72,0x69,0x62,0x75,0x74,0x65,0x28,0x32,0x29,0x5d,0x5d,0x3b,0x0a,
    0x20,0x20,0x20,0x20,0x66,0x6c,0x6f,0x61,0x74,0x34,0x20,0x69,0x6e,0x73,0x74,0x5f,
    0x75,0x76,0x20,0x5b,0x5b,0x61,0x74,0x74,0x72,0x69,0x62,0x75,0x74,0x65,0x28,0x33,
    0x29,0x5d,0x5d,0x3b,0x0a,0x7d,0x3b,0x0a,0x0a,0x76,0x65,0x72,0x74,0x65,0x78,0x20,
    0x6d,0x61,0x69,0x6e,0x30,0x5f,0x6f,0x75,0x74,0x20,0x6d,0x61,0x69,0x6e,0x30,0x28,
    0x6d,0x61,0x69,0x6e,0x30,0x5f,0x69,0x6e,0x20,0x69,0x6e,0x20,0x5b,0x5b,0x73,0x74,
    0x61,0x67,0x65,0x5f,0x69,0x6e,0x5d,0x5d,0x2c,0x20,0x63,0x6f,0x6e,0x73,0x74,0x61,
    0x6e,0x74,0x20,0x62,0x69,0x6c,0x6c,0x62,0x6f,0x61,0x72,0x64,0x5f,0x76,0x73,0x5f,
    0x70,0x61,0x72,0x61,0x6d,0x73,0x26,0x20,0x5f,0x39,0x30,0x20,0x5b,0x5b,0x62,0x75,
    0x66,0x66,0x65,0x72,0x28,0x30,0x29,0x5d,0x5d,0x2c,0x20,0x75,0x69,0x6e,0x74,0x20,
    0x67,0x6c,0x5f,0x56,0x65,0x72,0x74,0x65,0x78,0x49,0x6e,0x64,0x65,0x78,0x20,0x5b,
    0x5b,0x76,0x65,0x72,0x74,0x65,0x78,0x5f,0x69,0x64,0x5d,0x5d,0x29,0x0a,0x7b,0x0a,
    0x20,0x20,0x20,0x20,0x6d,0x61,0x69,0x6e,0x30,0x5f,0x6f,0x75,0x74,0x20,0x6f,0x75,
    0x74,0x20,0x3d,0x20,0x7b,0x7d,0x3b,0x0a,0x20,0x20,0x20,0x20,0x69,0x6e,0x74,0x20,
    0x5f,0x31,0x33,0x20,0x3d,0x20,0x69,0x6e,0x74,0x28,0x67,0x6c,0x5f,0x56,0x65,0x72,
    0x74,0x65,0x78,0x49,0x6e,0x64,0x65,0x78,0x29,0x20,0x25,0x20,0x36,0x3b,0x0a,0x20,
    0x20,0x20,0x20,0x62,0x6f,0x6f,0x6c,0x20,0x5f,0x32,0x34,0x20,0x3d,0x20,0x5f,0x31,
    0x33,0x20,0x3d,0x3d,0x20,0x32,0x3b,0x0a,0x20,0x20,0x20,0x20,0x62,0x6f,0x6f,0x6c,
    0x20,0x5f,0x32,0x38,0x20,0x3d,0x20,0x5f,0x31,0x33,0x20,0x3d,0x3d,0x20,0x34,0x3b,
    0x0a,0x20,0x20,0x20,0x20,0x66,0x6c,0x6f,0x61,0x74,0x20,0x5f,0x33,0x32,0x20,0x3d,
    0x20,0x66,0x6c,0x6f,0x61,0x74,0x28,0x28,0x28,0x5f,0x31,0x33,0x20,0x3d,0x3d,0x20,
    0x31,0x29,0x20,0x7c,0x7c,0x20,0x5f,0x32,0x34,0x29,0x20,0x7c,0x7c,0x20,0x5f,0x32,
    0x38,0x29,0x3b,0x0a,0x20,0x20,0x20,0x20,0x66,0x6c,0x6f,0x61,0x74,0x20,0x5f,0x34,
    0x32,0x20,0x3d,0x20,0x66,0x6c,0x6f,0x61,0x74,0x28,0x28,0x5f,0x32,0x34,0x20,0x7c,
    0x7c,0x20,0x5f,0x32,0x38,0x29,0x20,0x7c,0x7c,0x20,0x28,0x5f,0x31,0x33,0x20,0x3d,
    0x3d,0x20,0x35,0x29,0x29,0x3b,0x0a,0x20,0x20,0x20,0x20,0x66,0x6c,0x6f,0x61,0x74,
    0x32,0x20,0x5f,0x34,0x38,0x20,0x3d,0x20,0x66,0x6c,0x6f,0x61,0x74,0x32,0x28,0x5f,
    0x33,0x32,0x2c,0x20,0x5f,0x34,0x32,0x29,0x20,0x2d,0x20,0x66,0x6c,0x6f,0x61,0x74,
    0x32,0x28,0x30,0x2e,0x35,0x29,0x3b,0x0a,0x20,0x20,0x20,0x20,0x66,0x6c,0x6f,0x61,
    0x74,0x20,0x5f,0x35,0x39,0x20,0x3d,0x20,0x73,0x69,0x6e,0x28,0x69,0x6e,0x2e,0x69,
    0x6e,0x73,0x74,0x5f,0x70,0x61,0x72,0x61,0x6d,0x73,0x2e,0x79,0x29,0x3b,0x0a,0x20,
    0x20,0x20,0x20,0x66,0x6c,0x6f,0x61,0x74,0x20,0x5f,0x36,0x33,0x20,0x3d,0x20,0x63,
    0x6f,0x73,0x28,0x69,0x6e,0x2e,0x69,0x6e,0x73,0x74,0x5f,0x70,0x61,0x72,0x61,0x6d,
    0x73,0x2e,0x79,0x29,0x3b,0x0a,0x20,0x20,0x20,0x20,0x66,0x6c,0x6f,0x61,0x74,0x20,
    0x5f,0x36,0x36,0x20,0x3d,0x20,0x5f,0x34,0x38,0x2e,0x78,0x3b,0x0a,0x20,0x20,0x20,
    0x20,0x66,0x6c,0x6f,0x61,0x74,0x20,0x5f,0x37,0x30,0x20,0x3d,0x20,0x5f,0x34,0x38,
    0x2e,0x79,0x3b,0x0a,0x20,0x20,0x20,0x20,0x66,0x6c,0x6f,0x61,0x74,0x33,0x20,0x72,
    0x69,0x67,0x68,0x74,0x20,0x3d,0x20,0x5f,0x39,0x30,0x2e,0x63,0x61,0x6d,0x5f,0x72,
    0x69,0x67,0x68,0x74,0x2e,0x78,0x79,0x7a,0x3b,0x0a,0x20,0x20,0x20,0x20,0x66,0x6c,
    0x6f,0x61,0x74,0x33,0x20,0x75,0x70,0x20,0x3d,0x20,0x5f,0x39,0x30,0x2e,0x63,0x61,
    0x6d,0x5f,0x75,0x70,0x2e,0x78,0x79,0x7a,0x3b,0x0a,0x20,0x20,0x20,0x20,0x69,0x66,
    0x20,0x28,0x69,0x6e,0x2e,0x69,0x6e,0x73,0x74,0x5f,0x70,0x61,0x72,0x61,0x6d,0x73,
    0x2e,0x7a,0x20,0x3e,0x20,0x30,0x2e,0x35,0x29,0x0a,0x20,0x20,0x20,0x20,0x7b,0x0a,
    0x20,0x20,0x20,0x20,0x20,0x20,0x20,0x20,0x66,0x6c,0x6f,0x61,0x74,0x33,0x20,0x5f,
    0x31,0x31,0x33,0x20,0x3d,0x20,0x5f,0x39,0x30,0x2e,0x63,0x61,0x6d,0x5f,0x70,0x6f,
    0x73,0x2e,0x78,0x79,0x7a,0x20,0x2d,0x20,0x69,0x6e,0x2e,0x69,0x6e,0x73,0x74,0x5f,
    0x70,0x6f,0x73,0x2e,0x78,0x79,0x7a,0x3b,0x0a,0x20,0x20,0x20,0x20,0x20,0x20,0x20,
    0x20,0x66,0x6c,0x6f,0x61,0x74,0x33,0x20,0x5f,0x31,0x32,0x33,0x20,0x3d,0x20,0x66,
    0x61,0x73,0x74,0x3a,0x3a,0x6e,0x6f,0x72,0x6d,0x61,0x6c,0x69,0x7a,0x65,0x28,0x66,
    0x6c,0x6f,0x61,0x74,0x33,0x28,0x5f,0x31,0x31,0x33,0x2e,0x78,0x2c,0x20,0x30,0x2e,
    0x30,0x2c,0x20,0x5f,0x31,0x31,0x33,0x2e,0x7a,0x29,0x20,0x2b,0x20,0x66,0x6c,0x6f,
    0x61,0x74,0x33,0x28,0x39,0x2e,0x39,0x39,0x39,0x39,0x39,0x39,0x37,0x34,0x37,0x33,
    0x37,0x38,0x37,0x35,0x31,0x36,0x33,0x35,0x35,0x35,0x31,0x34,0x35,0x32,0x36,0x33,
    0x36,0x37,0x31,0x38,0x38,0x65,0x2d,0x30,0x36,0x2c,0x20,0x30,0x2e,0x30,0x2c,0x20,
    0x30,0x2e,0x30,0x29,0x29,0x3b,0x0a,0x20,0x20,0x20,0x20,0x20,0x20,0x20,0x20,0x72,
    0x69,0x67,0x68,0x74,0x20,0x3d,0x20,0x66,0x6c,0x6f,0x61,0x74,0x33,0x28,0x5f,0x31,
    0x32,0x33,0x2e,0x7a,0x2c,0x20,0x30,0x2e,0x30,0x2c,0x20,0x2d,0x5f,0x31,0x32,0x33,
    0x2e,0x78,0x29,0x3b,0x0a,0x20,0x20,0x20,0x20,0x20,0x20,0x20,0x20,0x75,0x70,0x20,
    0x3d,0x20,0x66,0x6c,0x6f,0x61,0x74,0x33,0x28,0x30,0x2e,0x30,0x2c,0x20,0x31,0x2e,
    0x30,0x2c,0x20,0x30,0x2e,0x30,0x29,0x3b,0x0a,0x20,0x20,0x20,0x20,0x7d,0x0a,0x20,
    0x20,0x20,0x20,0x66,0x6c,0x6f,0x61,0x74,0x33,0x20,0x5f,0x31,0x35,0x30,0x20,0x3d,
    0x20,0x28,0x69,0x6e,0x2e,0x69,0x6e,0x73,0x74,0x5f,0x70,0x6f,0x73,0x2e,0x78,0x79,
    0x7a,0x20,0x2b,0x20,0x28,0x72,0x69,0x67,0x68,0x74,0x20,0x2a,0x20,0x28,0x28,0x28,
    0x5f,0x36,0x36,0x20,0x2a,0x20,0x5f,0x36,0x33,0x29,0x20,0x2d,0x20,0x28,0x5f,0x37,
    0x30,0x20,0x2a,0x20,0x5f,0x35,0x39,0x29,0x29,0x20,0x2a,0x20,0x69,0x6e,0x2e,0x69,
    0x6e,0x73,0x74,0x5f,0x70,0x6f,0x73,0x2e,0x77,0x29,0x29,0x29,0x20,0x2b,0x20,0x28,
    0x75,0x70,0x20,0x2a,0x20,0x28,0x28,0x28,0x5f,0x36,0x36,0x20,0x2a,0x20,0x5f,0x35,
    0x39,0x29,0x20,0x2b,0x20,0x28,0x5f,0x37,0x30,0x20,0x2a,0x20,0x5f,0x36,0x33,0x29,
    0x29,0x20,0x2a,0x20,0x69,0x6e,0x2e,0x69,0x6e,0x73,0x74,0x5f,0x70,0x61,0x72,0x61,
    0x6d,0x73,0x2e,0x78,0x29,0x29,0x3b,0x0a,0x20,0x20,0x20,0x20,0x6f,0x75,0x74,0x2e,
    0x76,0x5f,0x77,0x6f,0x72,0x6c,0x64,0x5f,0x70,0x6f,0x73,0x20,0x3d,0x20,0x5f,0x31,
    0x35,0x30,0x3b,0x0a,0x20,0x20,0x20,0x20,0x6f,0x75,0x74,0x2e,0x76,0x5f,0x75,0x76,
    0x20,0x3d,0x20,0x66,0x6c,0x6f,0x61,0x74,0x32,0x28,0x6d,0x69,0x78,0x28,0x69,0x6e,
    0x2e,0x69,0x6e,0x73,0x74,0x5f,0x75,0x76,0x2e,0x78,0x2c,0x20,0x69,0x6e,0x2e,0x69,
    0x6e,0x73,0x74,0x5f,0x75,0x76,0x2e,0x7a,0x2c,0x20,0x5f,0x33,0x32,0x29,0x2c,0x20,
    0x6d,0x69,0x78,0x28,0x69,0x6e,0x2e,0x69,0x6e,0x73,0x74,0x5f,0x75,0x76,0x2e,0x77,
    0x2c,0x20,0x69,0x6e,0x2e,0x69,0x6e,0x73,0x74,0x5f,0x75,0x76,0x2e,0x79,0x2c,0x20,
    0x5f,0x34,0x32,0x29,0x29,0x3b,0x0a,0x20,0x20,0x20,0x20,0x6f,0x75,0x74,0x2e,0x76,
    0x5f,0x63,0x6f,0x6c,0x6f,0x72,0x20,0x3d,0x20,0x69,0x6e,0x2e,0x69,0x6e,0x73,0x74,
    0x5f,0x63,0x6f,0x6c,0x6f,0x72,0x3b,0x0a,0x20,0x20,0x20,0x20,0x6f,0x75,0x74,0x2e,
    0x67,0x6c,0x5f,0x50,0x6f,0x73,0x69,0x74,0x69,0x6f,0x6e,0x20,0x3d,0x20,0x5f,0x39,
    0x30,0x2e,0x76,0x69,0x65,0x77,0x5f,0x70,0x72,0x6f,0x6a,0x20,0x2a,0x20,0x66,0x6c,
    0x6f,0x61,0x74,0x34,0x28,0x5f,0x31,0x35,0x30,0x2c,0x20,0x31,0x2e,0x30,0x29,0x3b,
    0x0a,0x20,0x20,0x20,0x20,0x72,0x65,0x74,0x75,0x72,0x6e,0x20,0x6f,0x75,0x74,0x3b,
    0x0a,0x7d,0x0a,0x0a,0x00,
};
/*
    #include <metal_stdlib>
    #include <simd/simd.h>

    using namespace metal;

    struct billboard_fs_params
    {
        float4 fog_color;
        float4 fog_params;
        float4 fs_cam_pos;
    };

    struct main0_out
    {
        float4 frag_color [[color(0)]];
    };

    struct main0_in
    {
        float2 v_uv [[user(locn0)]];
        float4 v_color [[user(locn1)]];
        float3 v_world_pos [[user(locn2)]];
    };

    fragment main0_out main0(main0_in in [[stage_in]], constant billboard_fs_params& _42 [[buffer(1)]], texture2d<float> sprite_tex [[texture(0)]], sampler sprite_smp [[sampler(0)]])
    {
        main0_out out = {};
        float4 _28 = sprite_tex.sample(sprite_smp, in.v_uv) * in.v_color;
        float4 c = _28;
        if (_28.w < 0.0040000001899898052215576171875)
        {
            discard_fragment();
        }
        if (_42.fog_params.z > 0.5)
        {
            float _75 = fast::clamp((length(_42.fs_cam_pos.xyz - in.v_world_pos) - _42.fog_params.x) * _42.fog_params.y, 0.0, 1.0);
            if (_42.fog_params.w > 0.5)
            {
                float4 _83 = c;
                float3 _85 = _83.xyz * (1.0 - _75);
                float4 _119 = _83;
                _119.x = _85.x;
                _119.y = _85.y;
                _119.z = _85.z;
                c = _119;
            }
            else
            {
                float4 _93 = c;
                float3 _107 = powr(mix(powr(_93.xyz, float3(2.2000000476837158203125)), _42.fog_color.xyz, float3(_75)), float3(0.4545454680919647216796875));
                float4 _125 = _93;
                _125.x = _107.x;
                _125.y = _107.y;
                _125.z = _107.z;
                c = _125;
            }
        }
        out.frag_color = c;
        return out;
    }

*/
static const uint8_t billboard_fs_source_metal_macos[1590] = {
    0x23,0x69,0x6e,0x63,0x6c,0x75,0x64,0x65,0x20,0x3c,0x6d,0x65,0x74,0x61,0x6c,0x5f,
    0x73,0x74,0x64,0x6c,0x69,0x62,0x3e,0x0a,0x23,0x69,0x6e,0x63,0x6c,0x75,0x64,0x65,
    0x20,0x3c,0x73,0x69,0x6d,0x64,0x2f,0x73,0x69,0x6d,0x64,0x2e,0x68,0x3e,0x0a,0x0a,
    0x75,0x73,0x69,0x6e,0x67,0x20,0x6e,0x61,0x6d,0x65,0x73,0x70,0x61,0x63,0x65,0x20,
    0x6d,0x65,0x74,0x61,0x6c,0x3b,0x0a,0x0a,0x73,0x74,0x72,0x75,0x63,0x74,0x20,0x62,
    0x69,0x6c,0x6c,0x62,0x6f,0x61,0x72,0x64,0x5f,0x66,0x73,0x5f,0x70,0x61,0x72,0x61,
    0x6d,0x73,0x0a,0x7b,0x0a,0x20,0x20,0x20,0x20,0x66,0x6c,0x6f,0x61,0x74,0x34,0x20,
    0x66,0x6f,0x67,0x5f,0x63,0x6f,0x6c,0x6f,0x72,0x3b,0x0a,0x20,0x20,0x20,0x20,0x66,
    0x6c,0x6f,0x61,0x74,0x34,0x20,0x66,0x6f,0x67,0x5f,0x70,0x61,0x72,0x61,0x6d,0x73,
    0x3b,0x0a,0x20,0x20,0x20,0x20,0x66,0x6c,0x6f,0x61,0x74,0x34,0x20,0x66,0x73,0x5f,
    0x63,0x61,0x6d,0x5f,0x70,0x6f,0x73,0x3b,0x0a,0x7d,0x3b,0x0a,0x0a,0x73,0x74,0x72,
    0x75,0x63,0x74,0x20,0x6d,0x61,0x69,0x6e,0x30,0x5f,0x6f,0x75,0x74,0x0a,0x7b,0x0a,
    0x20,0x20,0x20,0x20,0x66,0x6c,0x6f,0x61,0x74,0x34,0x20,0x66,0x72,0x61,0x67,0x5f,
    0x63,0x6f,0x6c,0x6f,0x72,0x20,0x5b,0x5b,0x63,0x6f,0x6c,0x6f,0x72,0x28,0x30,0x29,
    0x5d,0x5d,0x3b,0x0a,0x7d,0x3b,0x0a,0x0a,0x73,0x74,0x72,0x75,0x63,0x74,0x20,0x6d,
    0x61,0x69,0x6e,0x30,0x5f,0x69,0x6e,0x0a,0x7b,0x0a,0x20,0x20,0x20,0x20,0x66,0x6c,
    0x6f,0x61,0x74,0x32,0x20,0x76,0x5f,0x75,0x76,0x20,0x5b,0x5b,0x75,0x73,0x65,0x72,
    0x28,0x6c,0x6f,0x63,0x6e,0x30,0x29,0x5d,0x5d,0x3b,0x0a,0x20,0x20,0x20,0x20,0x66,
    0x6c,0x6f,0x61,0x74,0x34,0x20,0x76,0x5f,0x63,0x6f,0x6c,0x6f,0x72,0x20,0x5b,0x5b,
    0x75,0x73,0x65,0x72,0x28,0x6c,0x6f,0x63,0x6e,0x31,0x29,0x5d,0x5d,0x3b,0x0a,0x20,
    0x20,0x20,0x20,0x66,0x6c,0x6f,0x61,0x74,0x33,0x20,0x76,0x5f,0x77,0x6f,0x72,0x6c,
    0x64,0x5f,0x70,0x6f,0x73,0x20,0x5b,0x5b,0x75,0x73,0x65,0x72,0x28,0x6c,0x6f,0x63,
    0x6e,0x32,0x29,0x5d,0x5d,0x3b,0x0a,0x7d,0x3b,0x0a,0x0a,0x66,0x72,0x61,0x67,0x6d,
    0x65,0x6e,0x74,0x20,0x6d,0x61,0x69,0x6e,0x30,0x5f,0x6f,0x75,0x74,0x20,0x6d,0x61,
    0x69,0x6e,0x30,0x28,0x6d,0x61,0x69,0x6e,0x30,0x5f,0x69,0x6e,0x20,0x69,0x6e,0x20,
    0x5b,0x5b,0x73,0x74,0x61,0x67,0x65,0x5f,0x69,0x6e,0x5d,0x5d,0x2c,0x20,0x63,0x6f,
    0x6e,0x73,0x74,0x61,0x6e,0x74,0x20,0x62,0x69,0x6c,0x6c,0x62,0x6f,0x61,0x72,0x64,
    0x5f,0x66,0x73,0x5f,0x70,0x61,0x72,0x61,0x6d,0x73,0x26,0x20,0x5f,0x34,0x32,0x20,
    0x5b,0x5b,0x62,0x75,0x66,0x66,0x65,0x72,0x28,0x31,0x29,0x5d,0x5d,0x2c,0x20,0x74,
    0x65,0x78,0x74,0x75,0x72,0x65,0x32,0x64,0x3c,0x66,0x6c,0x6f,0x61,0x74,0x3e,0x20,
    0x73,0x70,0x72,0x69,0x74,0x65,0x5f,0x74,0x65,0x78,0x20,0x5b,0x5b,0x74,0x65,0x78,
    0x74,0x75,0x72,0x65,0x28,0x30,0x29,0x5d,0x5d,0x2c,0x20,0x73,0x61,0x6d,0x70,0x6c,
    0x65,0x72,0x20,0x73,0x70,0x72,0x69,0x74,0x65,0x5f,0x73,0x6d,0x70,0x20,0x5b,0x5b,
    0x73,0x61,0x6d,0x70,0x6c,0x65,0x72,0x28,0x30,0x29,0x5d,0x5d,0x29,0x0a,0x7b,0x0a,
    0x20,0x20,0x20,0x20,0x6d,0x61,0x69,0x6e,0x30,0x5f,0x6f,0x75,0x74,0x20,0x6f,0x75,
    0x74,0x20,0x3d,0x20,0x7b,0x7d,0x3b,0x0a,0x20,0x20,0x20,0x20,0x66,0x6c,0x6f,0x61,
    0x74,0x34,0x20,0x5f,0x32,0x38,0x20,0x3d,0x20,0x73,0x70,0x72,0x69,0x74,0x65,0x5f,
    0x74,0x65,0x78,0x2e,0x73,0x61,0x6d,0x70,0x6c,0x65,0x28,0x73,0x70,0x72,0x69,0x74,
    0x65,0x5f,0x73,0x6d,0x70,0x2c,0x20,0x69,0x6e,0x2e,0x76,0x5f,0x75,0x76,0x29,0x20,
    0x2a,0x20,0x69,0x6e,0x2e,0x76,0x5f,0x63,0x6f,0x6c,0x6f,0x72,0x3b,0x0a,0x20,0x20,
    0x20,0x20,0x66,0x6c,0x6f,0x61,0x74,0x34,0x20,0x63,0x20,0x3d,0x20,0x5f,0x32,0x38,
    0x3b,0x0a,0x20,0x20,0x20,0x20,0x69,0x66,0x20,0x28,0x5f,0x32,0x38,0x2e,0x77,0x20,
    0x3c,0x20,0x30,0x2e,0x30,0x30,0x34,0x30,0x30,0x30,0x30,0x30,0x30,0x31,0x38,0x39,
    0x39,0x38,0x39,0x38,0x30,0x35,0x32,0x32,0x31,0x35,0x35,0x37,0x36,0x31,0x37,0x31,
    0x38,0x37,0x35,0x29,0x0a,0x20,0x20,0x20,0x20,0x7b,0x0a,0x20,0x20,0x20,0x20,0x20,
    0x20,0x20,0x20,0x64,0x69,0x73,0x63,0x61,0x72,0x64,0x5f,0x66,0x72,0x61,0x67,0x6d,
    0x65,0x6e,0x74,0x28,0x29,0x3b,0x0a,0x20,0x20,0x20,0x20,0x7d,0x0a,0x20,0x20,0x20,
    0x20,0x69,0x66,0x20,0x28,0x5f,0x34,0x32,0x2e,0x66,0x6f,0x67,0x5f,0x70,0x61,0x72,
    0x61,0x6d,0x73,0x2e,0x7a,0x20,0x3e,0x20,0x30,0x2e,0x35,0x29,0x0a,0x20,0x20,0x20,
    0x20,0x7b,0x0a,0x20,0x20,0x20,0x20,0x20,0x20,0x20,0x20,0x66,0x6c,0x6f,0x61,0x74,
    0x20,0x5f,0x37,0x35,0x20,0x3d,0x20,0x66,0x61,0x73,0x74,0x3a,0x3a,0x63,0x6c,0x61,
    0x6d,0x70,0x28,0x28,0x6c,0x65,0x6e,0x67,0x74,0x68,0x28,0x5f,0x34,0x32,0x2e,0x66,
    0x73,0x5f,0x63,0x61,0x6d,0x5f,0x70,0x6f,0x73,0x2e,0x78,0x79,0x7a,0x20,0x2d,0x20,
    0x69,0x6e,0x2e,0x76,0x5f,0x77,0x6f,0x72,0x6c,0x64,0x5f,0x70,0x6f,0x73,0x29,0x20,
    0x2d,0x20,0x5f,0x34,0x32,0x2e,0x66,0x6f,0x67,0x5f,0x70,0x61,0x72,0x61,0x6d,0x73,
    0x2e,0x78,0x29,0x20,0x2a,0x20,0x5f,0x34,0x32,0x2e,0x66,0x6f,0x67,0x5f,0x70,0x61,
    0x72,0x61,0x6d,0x73,0x2e,0x79,0x2c,0x20,0x30,0x2e,0x30,0x2c,0x20,0x31,0x2e,0x30,
    0x29,0x3b,0x0a,0x20,0x20,0x20,0x20,0x20,0x20,0x20,0x20,0x69,0x66,0x20,0x28,0x5f,
    0x34,0x32,0x2e,0x66,0x6f,0x67,0x5f,0x70,0x61,0x72,0x61,0x6d,0x73,0x2e,0x77,0x20,
    0x3e,0x20,0x30,0x2e,0x35,0x29,0x0a,0x20,0x20,0x20,0x20,0x20,0x20,0x20,0x20,0x7b,
    0x0a,0x20,0x20,0x20,0x20,0x20,0x20,0x20,0x20,0x20,0x20,0x20,0x20,0x66,0x6c,0x6f,
    0x61,0x74,0x34,0x20,0x5f,0x38,0x33,0x20,0x3d,0x20,0x63,0x3b,0x0a,0x20,0x20,0x20,
    0x20,0x20,0x20,0x20,0x20,0x20,0x20,0x20,0x20,0x66,0x6c,0x6f,0x61,0x74,0x33,0x20,
    0x5f,0x38,0x35,0x20,0x3d,0x20,0x5f,0x38,0x33,0x2e,0x78,0x79,0x7a,0x20,0x2a,0x20,
    0x28,0x31,0x2e,0x30,0x20,0x2d,0x20,0x5f,0x37,0x35,0x29,0x3b,0x0a,0x20,0x20,0x20,
    0x20,0x20,0x20,0x20,0x20,0x20,0x20,0x20,0x20,0x66,0x6c,0x6f,0x61,0x74,0x34,0x20,
    0x5f,0x31,0x31,0x39,0x20,0x3d,0x20,0x5f,0x38,0x33,0x3b,0x0a,0x20,0x20,0x20,0x20,
    0x20,0x20,0x20,0x20,0x20,0x20,0x20,0x20,0x5f,0x31,0x31,0x39,0x2e,0x78,0x20,0x3d,
    0x20,0x5f,0x38,0x35,0x2e,0x78,0x3b,0x0a,0x20,0x20,0x20,0x20,0x20,0x20,0x20,0x20,
    0x20,0x20,0x20,0x20,0x5f,0x31,0x31,0x39,0x2e,0x79,0x20,0x3d,0x20,0x5f,0x38,0x35,
    0x2e,0x79,0x3b,0x0a,0x20,0x20,0x20,0x20,0x20,0x20,0x20,0x20,0x20,0x20,0x20,0x20,
    0x5f,0x31,0x31,0x39,0x2e,0x7a,0x20,0x3d,0x20,0x5f,0x38,0x35,0x2e,0x7a,0x3b,0x0a,
    0x20,0x20,0x20,0x20,0x20,0x20,0x20,0x20,0x20,0x20,0x20,0x20,0x63,0x20,0x3d,0x20,
    0x5f,0x31,0x31,0x39,0x3b,0x0a,0x20,0x20,0x20,0x20,0x20,0x20,0x20,0x20,0x7d,0x0a,
    0x20,0x20,0x20,0x20,0x20,0x20,0x20,0x20,0x65,0x6c,0x73,0x65,0x0a,0x20,0x20,0x20,
    0x20,0x20,0x20,0x20,0x20,0x7b,0x0a,0x20,0x20,0x20,0x20,0x20,0x20,0x20,0x20,0x20,
    0x20,0x20,0x20,0x66,0x6c,0x6f,0x61,0x74,0x34,0x20,0x5f,0x39,0x33,0x20,0x3d,0x20,
    0x63,0x3b,0x0a,0x20,0x20,0x20,0x20,0x20,0x20,0x20,0x20,0x20,0x20,0x20,0x20,0x66,
    0x6c,0x6f,0x61,0x74,0x33,0x20,0x5f,0x31,0x30,0x37,0x20,0x3d,0x20,0x70,0x6f,0x77,
    0x72,0x28,0x6d,0x69,0x78,0x28,0x70,0x6f,0x77,0x72,0x28,0x5f,0x39,0x33,0x2e,0x78,
    0x79,0x7a,0x2c,0x20,0x66,0x6c,0x6f,0x61,0x74,0x33,0x28,0x32,0x2e,0x32,0x30,0x30,
    0x30,0x30,0x30,0x30,0x34,0x37,0x36,0x38,0x33,0x37,0x31,0x35,0x38,0x32,0x30,0x33,
    0x31,0x32,0x35,0x29,0x29,0x2c,0x20,0x5f,0x34,0x32,0x2e,0x66,0x6f,0x67,0x5f,0x63,
    0x6f,0x6c,0x6f,0x72,0x2e,0x78,0x79,0x7a,0x2c,0x20,0x66,0x6c,0x6f,0x61,0x74,0x33,
    0x28,0x5f,0x37,0x35,0x29,0x29,0x2c,0x20,0x66,0x6c,0x6f,0x61,0x74,0x33,0x28,0x30,
    0x2e,0x34,0x35,0x34,0x35,0x34,0x35,0x34,0x36,0x38,0x30,0x39,0x31,0x39,0x36,0x34,
    0x37,0x32,0x31,0x36,0x37,0x39,0x36,0x38,0x37,0x35,0x29,0x29,0x3b,0x0a,0x20,0x20,
    0x20,0x20,0x20,0x20,0x20,0x20,0x20,0x20,0x20,0x20,0x66,0x6c,0x6f,0x61,0x74,0x34,
    0x20,0x5f,0x31,0x32,0x35,0x20,0x3d,0x20,0x5f,0x39,0x33,0x3b,0x0a,0x20,0x20,0x20,
    0x20,0x20,0x20,0x20,0x20,0x20,0x20,0x20,0x20,0x5f,0x31,0x32,0x35,0x2e,0x78,0x20,
    0x3d,0x20,0x5f,0x31,0x30,0x37,0x2e,0x78,0x3b,0x0a,0x20,0x20,0x20,0x20,0x20,0x20,
    0x20,0x20,0x20,0x20,0x20,0x20,0x5f,0x31,0x32,0x35,0x2e,0x79,0x20,0x3d,0x20,0x5f,
    0x31,0x30,0x37,0x2e,0x79,0x3b,0x0a,0x20,0x20,0x20,0x20,0x20,0x20,0x20,0x20,0x20,
    0x20,0x20,0x20,0x5f,0x31,0x32,0x35,0x2e,0x7a,0x20,0x3d,0x20,0x5f,0x31,0x30,0x37,
    0x2e,0x7a,0x3b,0x0a,0x20,0x20,0x20,0x20,0x20,0x20,0x20,0x20,0x20,0x20,0x20,0x20,
    0x63,0x20,0x3d,0x20,0x5f,0x31,0x32,0x35,0x3b,0x0a,0x20,0x20,0x20,0x20,0x20,0x20,
    0x20,0x20,0x7d,0x0a,0x20,0x20,0x20,0x20,0x7d,0x0a,0x20,0x20,0x20,0x20,0x6f,0x75,
    0x74,0x2e,0x66,0x72,0x61,0x67,0x5f,0x63,0x6f,0x6c,0x6f,0x72,0x20,0x3d,0x20,0x63,
    0x3b,0x0a,0x20,0x20,0x20,0x20,0x72,0x65,0x74,0x75,0x72,0x6e,0x20,0x6f,0x75,0x74,
    0x3b,0x0a,0x7d,0x0a,0x0a,0x00,
};
/*
    #include <metal_stdlib>
    #include <simd/simd.h>

    using namespace metal;

    struct billboard_vs_params
    {
        float4x4 view_proj;
        float4 cam_right;
        float4 cam_up;
        float4 cam_pos;
    };

    struct main0_out
    {
        float2 v_uv [[user(locn0)]];
        float4 v_color [[user(locn1)]];
        float3 v_world_pos [[user(locn2)]];
        float4 gl_Position [[position]];
    };

    struct main0_in
    {
        float4 inst_pos [[attribute(0)]];
        float4 inst_params [[attribute(1)]];
        float4 inst_color [[attribute(2)]];
        float4 inst_uv [[attribute(3)]];
    };

    vertex main0_out main0(main0_in in [[stage_in]], constant billboard_vs_params& _90 [[buffer(0)]], uint gl_VertexIndex [[vertex_id]])
    {
        main0_out out = {};
        int _13 = int(gl_VertexIndex) % 6;
        bool _24 = _13 == 2;
        bool _28 = _13 == 4;
        float _32 = float(((_13 == 1) || _24) || _28);
        float _42 = float((_24 || _28) || (_13 == 5));
        float2 _48 = float2(_32, _42) - float2(0.5);
        float _59 = sin(in.inst_params.y);
        float _63 = cos(in.inst_params.y);
        float _66 = _48.x;
        float _70 = _48.y;
        float3 right = _90.cam_right.xyz;
        float3 up = _90.cam_up.xyz;
        if (in.inst_params.z > 0.5)
        {
            float3 _113 = _90.cam_pos.xyz - in.inst_pos.xyz;
            float3 _123 = fast::normalize(float3(_113.x, 0.0, _113.z) + float3(9.9999997473787516355514526367188e-06, 0.0, 0.0));
            right = float3(_123.z, 0.0, -_123.x);
            up = float3(0.0, 1.0, 0.0);
        }
        float3 _150 = (in.inst_pos.xyz + (right * (((_66 * _63) - (_70 * _59)) * in.inst_pos.w))) + (up * (((_66 * _59) + (_70 * _63)) * in.inst_params.x));
        out.v_world_pos = _150;
        out.v_uv = float2(mix(in.inst_uv.x, in.inst_uv.z, _32), mix(in.inst_uv.w, in.inst_uv.y, _42));
        out.v_color = in.inst_color;
        out.gl_Position = _90.view_proj * float4(_150, 1.0);
        return out;
    }

*/
static const uint8_t billboard_vs_source_metal_ios[1829] = {
    0x23,0x69,0x6e,0x63,0x6c,0x75,0x64,0x65,0x20,0x3c,0x6d,0x65,0x74,0x61,0x6c,0x5f,
    0x73,0x74,0x64,0x6c,0x69,0x62,0x3e,0x0a,0x23,0x69,0x6e,0x63,0x6c,0x75,0x64,0x65,
    0x20,0x3c,0x73,0x69,0x6d,0x64,0x2f,0x73,0x69,0x6d,0x64,0x2e,0x68,0x3e,0x0a,0x0a,
    0x75,0x73,0x69,0x6e,0x67,0x20,0x6e,0x61,0x6d,0x65,0x73,0x70,0x61,0x63,0x65,0x20,
    0x6d,0x65,0x74,0x61,0x6c,0x3b,0x0a,0x0a,0x73,0x74,0x72,0x75,0x63,0x74,0x20,0x62,
    0x69,0x6c,0x6c,0x62,0x6f,0x61,0x72,0x64,0x5f,0x76,0x73,0x5f,0x70,0x61,0x72,0x61,
    0x6d,0x73,0x0a,0x7b,0x0a,0x20,0x20,0x20,0x20,0x66,0x6c,0x6f,0x61,0x74,0x34,0x78,
    0x34,0x20,0x76,0x69,0x65,0x77,0x5f,0x70,0x72,0x6f,0x6a,0x3b,0x0a,0x20,0x20,0x20,
    0x20,0x66,0x6c,0x6f,0x61,0x74,0x34,0x20,0x63,0x61,0x6d,0x5f,0x72,0x69,0x67,0x68,
    0x74,0x3b,0x0a,0x20,0x20,0x20,0x20,0x66,0x6c,0x6f,0x61,0x74,0x34,0x20,0x63,0x61,
    0x6d,0x5f,0x75,0x70,0x3b,0x0a,0x20,0x20,0x20,0x20,0x66,0x6c,0x6f,0x61,0x74,0x34,
    0x20,0x63,0x61,0x6d,0x5f,0x70,0x6f,0x73,0x3b,0x0a,0x7d,0x3b,0x0a,0x0a,0x73,0x74,
    0x72,0x75,0x63,0x74,0x20,0x6d,0x61,0x69,0x6e,0x30,0x5f,0x6f,0x75,0x74,0x0a,0x7b,
    0x0a,0x20,0x20,0x20,0x20,0x66,0x6c,0x6f,0x61,0x74,0x32,0x20,0x76,0x5f,0x75,0x76,
    0x20,0x5b,0x5b,0x75,0x73,0x65,0x72,0x28,0x6c,0x6f,0x63,0x6e,0x30,0x29,0x5d,0x5d,
    0x3b,0x0a,0x20,0x20,0x20,0x20,0x66,0x6c,0x6f,0x61,0x74,0x34,0x20,0x76,0x5f,0x63,
    0x6f,0x6c,0x6f,0x72,0x20,0x5b,0x5b,0x75,0x73,0x65,0x72,0x28,0x6c,0x6f,0x63,0x6e,
    0x31,0x29,0x5d,0x5d,0x3b,0x0a,0x20,0x20,0x20,0x20,0x66,0x6c,0x6f,0x61,0x74,0x33,
    0x20,0x76,0x5f,0x77,0x6f,0x72,0x6c,0x64,0x5f,0x70,0x6f,0x73,0x20,0x5b,0x5b,0x75,
    0x73,0x65,0x72,0x28,0x6c,0x6f,0x63,0x6e,0x32,0x29,0x5d,0x5d,0x3b,0x0a,0x20,0x20,
    0x20,0x20,0x66,0x6c,0x6f,0x61,0x74,0x34,0x20,0x67,0x6c,0x5f,0x50,0x6f,0x73,0x69,
    0x74,0x69,0x6f,0x6e,0x20,0x5b,0x5b,0x70,0x6f,0x73,0x69,0x74,0x69,0x6f,0x6e,0x5d,
    0x5d,0x3b,0x0a,0x7d,0x3b,0x0a,0x0a,0x73,0x74,0x72,0x75,0x63,0x74,0x20,0x6d,0x61,
    0x69,0x6e,0x30,0x5f,0x69,0x6e,0x0a,0x7b,0x0a,0x20,0x20,0x20,0x20,0x66,0x6c,0x6f,
    0x61,0x74,0x34,0x20,0x69,0x6e,0x73,0x74,0x5f,0x70,0x6f,0x73,0x20,0x5b,0x5b,0x61,
    0x74,0x74,0x72,0x69,0x62,0x75,0x74,0x65,0x28,0x30,0x29,0x5d,0x5d,0x3b,0x0a,0x20,
    0x20,0x20,0x20,0x66,0x6c,0x6f,0x61,0x74,0x34,0x20,0x69,0x6e,0x73,0x74,0x5f,0x70,
    0x61,0x72,0x61,0x6d,0x73,0x20,0x5b,0x5b,0x61,0x74,0x74,0x72,0x69,0x62,0x75,0x74,
    0x65,0x28,0x31,0x29,0x5d,0x5d,0x3b,0x0a,0x20,0x20,0x20,0x20,0x66,0x6c,0x6f,0x61,
    0x74,0x34,0x20,0x69,0x6e,0x73,0x74,0x5f,0x63,0x6f,0x6c,0x6f,0x72,0x20,0x5b,0x5b,
    0x61,0x74,0x74,0x72,0x69,0x62,0x75,0x74,0x65,0x28,0x32,0x29,0x5d,0x5d,0x3b,0x0a,
    0x20,0x20,0x20,0x20,0x66,0x6c,0x6f,0x61,0x74,0x34,0x20,0x69,0x6e,0x73,0x74,0x5f,
    0x75,0x76,0x20,0x5b,0x5b,0x61,0x74,0x74,0x72,0x69,0x62,0x75,0x74,0x65,0x28,0x33,
    0x29,0x5d,0x5d,0x3b,0x0a,0x7d,0x3b,0x0a,0x0a,0x76,0x65,0x72,0x74,0x65,0x78,0x20,
    0x6d,0x61,0x69,0x6e,0x30,0x5f,0x6f,0x75,0x74,0x20,0x6d,0x61,0x69,0x6e,0x30,0x28,
    0x6d,0x61,0x69,0x6e,0x30,0x5f,0x69,0x6e,0x20,0x69,0x6e,0x20,0x5b,0x5b,0x73,0x74,
    0x61,0x67,0x65,0x5f,0x69,0x6e,0x5d,0x5d,0x2c,0x20,0x63,0x6f,0x6e,0x73,0x74,0x61,
    0x6e,0x74,0x20,0x62,0x69,0x6c,0x6c,0x62,0x6f,0x61,0x72,0x64,0x5f,0x76,0x73,0x5f,
    0x70,0x61,0x72,0x61,0x6d,0x73,0x26,0x20,0x5f,0x39,0x30,0x20,0x5b,0x5b,0x62,0x75,
    0x66,0x66,0x65,0x72,0x28,0x30,0x29,0x5d,0x5d,0x2c,0x20,0x75,0x69,0x6e,0x74,0x20,
    0x67,0x6c,0x5f,0x56,0x65,0x72,0x74,0x65,0x78,0x49,0x6e,0x64,0x65,0x78,0x20,0x5b,
    0x5b,0x76,0x65,0x72,0x74,0x65,0x78,0x5f,0x69,0x64,0x5d,0x5d,0x29,0x0a,0x7b,0x0a,
    0x20,0x20,0x20,0x20,0x6d,0x61,0x69,0x6e,0x30,0x5f,0x6f,0x75,0x74,0x20,0x6f,0x75,
    0x74,0x20,0x3d,0x20,0x7b,0x7d,0x3b,0x0a,0x20,0x20,0x20,0x20,0x69,0x6e,0x74,0x20,
    0x5f,0x31,0x33,0x20,0x3d,0x20,0x69,0x6e,0x74,0x28,0x67,0x6c,0x5f,0x56,0x65,0x72,
    0x74,0x65,0x78,0x49,0x6e,0x64,0x65,0x78,0x29,0x20,0x25,0x20,0x36,0x3b,0x0a,0x20,
    0x20,0x20,0x20,0x62,0x6f,0x6f,0x6c,0x20,0x5f,0x32,0x34,0x20,0x3d,0x20,0x5f,0x31,
    0x33,0x20,0x3d,0x3d,0x20,0x32,0x3b,0x0a,0x20,0x20,0x20,0x20,0x62,0x6f,0x6f,0x6c,
    0x20,0x5f,0x32,0x38,0x20,0x3d,0x20,0x5f,0x31,0x33,0x20,0x3d,0x3d,0x20,0x34,0x3b,
    0x0a,0x20,0x20,0x20,0x20,0x66,0x6c,0x6f,0x61,0x74,0x20,0x5f,0x33,0x32,0x20,0x3d,
    0x20,0x66,0x6c,0x6f,0x61,0x74,0x28,0x28,0x28,0x5f,0x31,0x33,0x20,0x3d,0x3d,0x20,
    0x31,0x29,0x20,0x7c,0x7c,0x20,0x5f,0x32,0x34,0x29,0x20,0x7c,0x7c,0x20,0x5f,0x32,
    0x38,0x29,0x3b,0x0a,0x20,0x20,0x20,0x20,0x66,0x6c,0x6f,0x61,0x74,0x20,0x5f,0x34,
    0x32,0x20,0x3d,0x20,0x66,0x6c,0x6f,0x61,0x74,0x28,0x28,0x5f,0x32,0x34,0x20,0x7c,
    0x7c,0x20,0x5f,0x32,0x38,0x29,0x20,0x7c,0x7c,0x20,0x28,0x5f,0x31,0x33,0x20,0x3d,
    0x3d,0x20,0x35,0x29,0x29,0x3b,0x0a,0x20,0x20,0x20,0x20,0x66,0x6c,0x6f,0x61,0x74,
    0x32,0x20,0x5f,0x34,0x38,0x20,0x3d,0x20,0x66,0x6c,0x6f,0x61,0x74,0x32,0x28,0x5f,
    0x33,0x32,0x2c,0x20,0x5f,0x34,0x32,0x29,0x20,0x2d,0x20,0x66,0x6c,0x6f,0x61,0x74,
    0x32,0x28,0x30,0x2e,0x35,0x29,0x3b,0x0a,0x20,0x20,0x20,0x20,0x66,0x6c,0x6f,0x61,
    0x74,0x20,0x5f,0x35,0x39,0x20,0x3d,0x20,0x73,0x69,0x6e,0x28,0x69,0x6e,0x2e,0x69,
    0x6e,0x73,0x74,0x5f,0x70,0x61,0x72,0x61,0x6d,0x73,0x2e,0x79,0x29,0x3b,0x0a,0x20,
    0x20,0x20,0x20,0x66,0x6c,0x6f,0x61,0x74,0x20,0x5f,0x36,0x33,0x20,0x3d,0x20,0x63,
    0x6f,0x73,0x28,0x69,0x6e,0x2e,0x69,0x6e,0x73,0x74,0x5f,0x70,0x61,0x72,0x61,0x6d,
    0x73,0x2e,0x79,0x29,0x3b,0x0a,0x20,0x20,0x20,0x20,0x66,0x6c,0x6f,0x61,0x74,0x20,
    0x5f,0x36,0x36,0x20,0x3d,0x20,0x5f,0x34,0x38,0x2e,0x78,0x3b,0x0a,0x20,0x20,0x20,
    0x20,0x66,0x6c,0x6f,0x61,0x74,0x20,0x5f,0x37,0x30,0x20,0x3d,0x20,0x5f,0x34,0x38,
    0x2e,0x79,0x3b,0x0a,0x20,0x20,0x20,0x20,0x66,0x6c,0x6f,0x61,0x74,0x33,0x20,0x72,
    0x69,0x67,0x68,0x74,0x20,0x3d,0x20,0x5f,0x39,0x30,0x2e,0x63,0x61,0x6d,0x5f,0x72,
    0x69,0x67,0x68,0x74,0x2e,0x78,0x79,0x7a,0x3b,0x0a,0x20,0x20,0x20,0x20,0x66,0x6c,
    0x6f,0x61,0x74,0x33,0x20,0x75,0x70,0x20,0x3d,0x20,0x5f,0x39,0x30,0x2e,0x63,0x61,
    0x6d,0x5f,0x75,0x70,0x2e,0x78,0x79,0x7a,0x3b,0x0a,0x20,0x20,0x20,0x20,0x69,0x66,
    0x20,0x28,0x69,0x6e,0x2e,0x69,0x6e,0x73,0x74,0x5f,0x70,0x61,0x72,0x61,0x6d,0x73,
    0x2e,0x7a,0x20,0x3e,0x20,0x30,0x2e,0x35,0x29,0x0a,0x20,0x20,0x20,0x20,0x7b,0x0a,
    0x20,0x20,0x20,0x20,0x20,0x20,0x20,0x20,0x66,0x6c,0x6f,0x61,0x74,0x33,0x20,0x5f,
    0x31,0x31,0x33,0x20,0x3d,0x20,0x5f,0x39,0x30,0x2e,0x63,0x61,0x6d,0x5f,0x70,0x6f,
    0x73,0x2e,0x78,0x79,0x7a,0x20,0x2d,0x20,0x69,0x6e,0x2e,0x69,0x6e,0x73,0x74,0x5f,
    0x70,0x6f,0x73,0x2e,0x78,0x79,0x7a,0x3b,0x0a,0x20,0x20,0x20,0x20,0x20,0x20,0x20,
    0x20,0x66,0x6c,0x6f,0x61,0x74,0x33,0x20,0x5f,0x31,0x32,0x33,0x20,0x3d,0x20,0x66,
    0x61,0x73,0x74,0x3a,0x3a,0x6e,0x6f,0x72,0x6d,0x61,0x6c,0x69,0x7a,0x65,0x28,0x66,
    0x6c,0x6f,0x61,0x74,0x33,0x28,0x5f,0x31,0x31,0x33,0x2e,0x78,0x2c,0x20,0x30,0x2e,
    0x30,0x2c,0x20,0x5f,0x31,0x31,0x33,0x2e,0x7a,0x29,0x20,0x2b,0x20,0x66,0x6c,0x6f,
    0x61,0x74,0x33,0x28,0x39,0x2e,0x39,0x39,0x39,0x39,0x39,0x39,0x37,0x34,0x37,0x33,
    0x37,0x38,0x37,0x35,0x31,0x36,0x33,0x35,0x35,0x35,0x31,0x34,0x35,0x32,0x36,0x33,
    0x36,0x37,0x31,0x38,0x38,0x65,0x2d,0x30,0x36,0x2c,0x20,0x30,0x2e,0x30,0x2c,0x20,
    0x30,0x2e,0x30,0x29,0x29,0x3b,0x0a,0x20,0x20,0x20,0x20,0x20,0x20,0x20,0x20,0x72,
    0x69,0x67,0x68,0x74,0x20,0x3d,0x20,0x66,0x6c,0x6f,0x61,0x74,0x33,0x28,0x5f,0x31,
    0x32,0x33,0x2e,0x7a,0x2c,0x20,0x30,0x2e,0x30,0x2c,0x20,0x2d,0x5f,0x31,0x32,0x33,
    0x2e,0x78,0x29,0x3b,0x0a,0x20,0x20,0x20,0x20,0x20,0x20,0x20,0x20,0x75,0x70,0x20,
    0x3d,0x20,0x66,0x6c,0x6f,0x61,0x74,0x33,0x28,0x30,0x2e,0x30,0x2c,0x20,0x31,0x2e,
    0x30,0x2c,0x20,0x30,0x2e,0x30,0x29,0x3b,0x0a,0x20,0x20,0x20,0x20,0x7d,0x0a,0x20,
    0x20,0x20,0x20,0x66,0x6c,0x6f,0x61,0x74,0x33,0x20,0x5f,0x31,0x35,0x30,0x20,0x3d,
    0x20,0x28,0x69,0x6e,0x2e,0x69,0x6e,0x73,0x74,0x5f,0x70,0x6f,0x73,0x2e,0x78,0x79,
    0x7a,0x20,0x2b,0x20,0x28,0x72,0x69,0x67,0x68,0x74,0x20,0x2a,0x20,0x28,0x28,0x28,
    0x5f,0x36,0x36,0x20,0x2a,0x20,0x5f,0x36,0x33,0x29,0x20,0x2d,0x20,0x28,0x5f,0x37,
    0x30,0x20,0x2a,0x20,0x5f,0x35,0x39,0x29,0x29,0x20,0x2a,0x20,0x69,0x6e,0x2e,0x69,
    0x6e,0x73,0x74,0x5f,0x70,0x6f,0x73,0x2e,0x77,0x29,0x29,0x29,0x20,0x2b,0x20,0x28,
    0x75,0x70,0x20,0x2a,0x20,0x28,0x28,0x28,0x5f,0x36,0x36,0x20,0x2a,0x20,0x5f,0x35,
    0x39,0x29,0x20,0x2b,0x20,0x28,0x5f,0x37,0x30,0x20,0x2a,0x20,0x5f,0x36,0x33,0x29,
    0x29,0x20,0x2a,0x20,0x69,0x6e,0x2e,0x69,0x6e,0x73,0x74,0x5f,0x70,0x61,0x72,0x61,
    0x6d,0x73,0x2e,0x78,0x29,0x29,0x3b,0x0a,0x20,0x20,0x20,0x20,0x6f,0x75,0x74,0x2e,
    0x76,0x5f,0x77,0x6f,0x72,0x6c,0x64,0x5f,0x70,0x6f,0x73,0x20,0x3d,0x20,0x5f,0x31,
    0x35,0x30,0x3b,0x0a,0x20,0x20,0x20,0x20,0x6f,0x75,0x74,0x2e,0x76,0x5f,0x75,0x76,
    0x20,0x3d,0x20,0x66,0x6c,0x6f,0x61,0x74,0x32,0x28,0x6d,0x69,0x78,0x28,0x69,0x6e,
    0x2e,0x69,0x6e,0x73,0x74,0x5f,0x75,0x76,0x2e,0x78,0x2c,0x20,0x69,0x6e,0x2e,0x69,
    0x6e,0x73,0x74,0x5f,0x75,0x76,0x2e,0x7a,0x2c,0x20,0x5f,0x33,0x32,0x29,0x2c,0x20,
    0x6d,0x69,0x78,0x28,0x69,0x6e,0x2e,0x69,0x6e,0x73,0x74,0x5f,0x75,0x76,0x2e,0x77,
    0x2c,0x20,0x69,0x6e,0x2e,0x69,0x6e,0x73,0x74,0x5f,0x75,0x76,0x2e,0x79,0x2c,0x20,
    0x5f,0x34,0x32,0x29,0x29,0x3b,0x0a,0x20,0x20,0x20,0x20,0x6f,0x75,0x74,0x2e,0x76,
    0x5f,0x63,0x6f,0x6c,0x6f,0x72,0x20,0x3d,0x20,0x69,0x6e,0x2e,0x69,0x6e,0x73,0x74,
    0x5f,0x63,0x6f,0x6c,0x6f,0x72,0x3b,0x0a,0x20,0x20,0x20,0x20,0x6f,0x75,0x74,0x2e,
    0x67,0x6c,0x5f,0x50,0x6f,0x73,0x69,0x74,0x69,0x6f,0x6e,0x20,0x3d,0x20,0x5f,0x39,
    0x30,0x2e,0x76,0x69,0x65,0x77,0x5f,0x70,0x72,0x6f,0x6a,0x20,0x2a,0x20,0x66,0x6c,
    0x6f,0x61,0x74,0x34,0x28,0x5f,0x31,0x35,0x30,0x2c,0x20,0x31,0x2e,0x30,0x29,0x3b,
    0x0a,0x20,0x20,0x20,0x20,0x72,0x65,0x74,0x75,0x72,0x6e,0x20,0x6f,0x75,0x74,0x3b,
    0x0a,0x7d,0x0a,0x0a,0x00,
};
/*
    #include <metal_stdlib>
    #include <simd/simd.h>

    using namespace metal;

    struct billboard_fs_params
    {
        float4 fog_color;
        float4 fog_params;
        float4 fs_cam_pos;
    };

    struct main0_out
    {
        float4 frag_color [[color(0)]];
    };

    struct main0_in
    {
        float2 v_uv [[user(locn0)]];
        float4 v_color [[user(locn1)]];
        float3 v_world_pos [[user(locn2)]];
    };

    fragment main0_out main0(main0_in in [[stage_in]], constant billboard_fs_params& _42 [[buffer(1)]], texture2d<float> sprite_tex [[texture(0)]], sampler sprite_smp [[sampler(0)]])
    {
        main0_out out = {};
        float4 _28 = sprite_tex.sample(sprite_smp, in.v_uv) * in.v_color;
        float4 c = _28;
        if (_28.w < 0.0040000001899898052215576171875)
        {
            discard_fragment();
        }
        if (_42.fog_params.z > 0.5)
        {
            float _75 = fast::clamp((length(_42.fs_cam_pos.xyz - in.v_world_pos) - _42.fog_params.x) * _42.fog_params.y, 0.0, 1.0);
            if (_42.fog_params.w > 0.5)
            {
                float4 _83 = c;
                float3 _85 = _83.xyz * (1.0 - _75);
                float4 _119 = _83;
                _119.x = _85.x;
                _119.y = _85.y;
                _119.z = _85.z;
                c = _119;
            }
            else
            {
                float4 _93 = c;
                float3 _107 = powr(mix(powr(_93.xyz, float3(2.2000000476837158203125)), _42.fog_color.xyz, float3(_75)), float3(0.4545454680919647216796875));
                float4 _125 = _93;
                _125.x = _107.x;
                _125.y = _107.y;
                _125.z = _107.z;
                c = _125;
            }
        }
        out.frag_color = c;
        return out;
    }

*/
static const uint8_t billboard_fs_source_metal_ios[1590] = {
    0x23,0x69,0x6e,0x63,0x6c,0x75,0x64,0x65,0x20,0x3c,0x6d,0x65,0x74,0x61,0x6c,0x5f,
    0x73,0x74,0x64,0x6c,0x69,0x62,0x3e,0x0a,0x23,0x69,0x6e,0x63,0x6c,0x75,0x64,0x65,
    0x20,0x3c,0x73,0x69,0x6d,0x64,0x2f,0x73,0x69,0x6d,0x64,0x2e,0x68,0x3e,0x0a,0x0a,
    0x75,0x73,0x69,0x6e,0x67,0x20,0x6e,0x61,0x6d,0x65,0x73,0x70,0x61,0x63,0x65,0x20,
    0x6d,0x65,0x74,0x61,0x6c,0x3b,0x0a,0x0a,0x73,0x74,0x72,0x75,0x63,0x74,0x20,0x62,
    0x69,0x6c,0x6c,0x62,0x6f,0x61,0x72,0x64,0x5f,0x66,0x73,0x5f,0x70,0x61,0x72,0x61,
    0x6d,0x73,0x0a,0x7b,0x0a,0x20,0x20,0x20,0x20,0x66,0x6c,0x6f,0x61,0x74,0x34,0x20,
    0x66,0x6f,0x67,0x5f,0x63,0x6f,0x6c,0x6f,0x72,0x3b,0x0a,0x20,0x20,0x20,0x20,0x66,
    0x6c,0x6f,0x61,0x74,0x34,0x20,0x66,0x6f,0x67,0x5f,0x70,0x61,0x72,0x61,0x6d,0x73,
    0x3b,0x0a,0x20,0x20,0x20,0x20,0x66,0x6c,0x6f,0x61,0x74,0x34,0x20,0x66,0x73,0x5f,
    0x63,0x61,0x6d,0x5f,0x70,0x6f,0x73,0x3b,0x0a,0x7d,0x3b,0x0a,0x0a,0x73,0x74,0x72,
    0x75,0x63,0x74,0x20,0x6d,0x61,0x69,0x6e,0x30,0x5f,0x6f,0x75,0x74,0x0a,0x7b,0x0a,
    0x20,0x20,0x20,0x20,0x66,0x6c,0x6f,0x61,0x74,0x34,0x20,0x66,0x72,0x61,0x67,0x5f,
    0x63,0x6f,0x6c,0x6f,0x72,0x20,0x5b,0x5b,0x63,0x6f,0x6c,0x6f,0x72,0x28,0x30,0x29,
    0x5d,0x5d,0x3b,0x0a,0x7d,0x3b,0x0a,0x0a,0x73,0x74,0x72,0x75,0x63,0x74,0x20,0x6d,
    0x61,0x69,0x6e,0x30,0x5f,0x69,0x6e,0x0a,0x7b,0x0a,0x20,0x20,0x20,0x20,0x66,0x6c,
    0x6f,0x61,0x74,0x32,0x20,0x76,0x5f,0x75,0x76,0x20,0x5b,0x5b,0x75,0x73,0x65,0x72,
    0x28,0x6c,0x6f,0x63,0x6e,0x30,0x29,0x5d,0x5d,0x3b,0x0a,0x20,0x20,0x20,0x20,0x66,
    0x6c,0x6f,0x61,0x74,0x34,0x20,0x76,0x5f,0x63,0x6f,0x6c,0x6f,0x72,0x20,0x5b,0x5b,
    0x75,0x73,0x65,0x72,0x28,0x6c,0x6f,0x63,0x6e,0x31,0x29,0x5d,0x5d,0x3b,0x0a,0x20,
    0x20,0x20,0x20,0x66,0x6c,0x6f,0x61,0x74,0x33,0x20,0x76,0x5f,0x77,0x6f,0x72,0x6c,
    0x64,0x5f,0x70,0x6f,0x73,0x20,0x5b,0x5b,0x75,0x73,0x65,0x72,0x28,0x6c,0x6f,0x63,
    0x6e,0x32,0x29,0x5d,0x5d,0x3b,0x0a,0x7d,0x3b,0x0a,0x0a,0x66,0x72,0x61,0x67,0x6d,
    0x65,0x6e,0x74,0x20,0x6d,0x61,0x69,0x6e,0x30,0x5f,0x6f,0x75,0x74,0x20,0x6d,0x61,
    0x69,0x6e,0x30,0x28,0x6d,0x61,0x69,0x6e,0x30,0x5f,0x69,0x6e,0x20,0x69,0x6e,0x20,
    0x5b,0x5b,0x73,0x74,0x61,0x67,0x65,0x5f,0x69,0x6e,0x5d,0x5d,0x2c,0x20,0x63,0x6f,
    0x6e,0x73,0x74,0x61,0x6e,0x74,0x20,0x62,0x69,0x6c,0x6c,0x62,0x6f,0x61,0x72,0x64,
    0x5f,0x66,0x73,0x5f,0x70,0x61,0x72,0x61,0x6d,0x73,0x26,0x20,0x5f,0x34,0x32,0x20,
    0x5b,0x5b,0x62,0x75,0x66,0x66,0x65,0x72,0x28,0x31,0x29,0x5d,0x5d,0x2c,0x20,0x74,
    0x65,0x78,0x74,0x75,0x72,0x65,0x32,0x64,0x3c,0x66,0x6c,0x6f,0x61,0x74,0x3e,0x20,
    0x73,0x70,0x72,0x69,0x74,0x65,0x5f,0x74,0x65,0x78,0x20,0x5b,0x5b,0x74,0x65,0x78,
    0x74,0x75,0x72,0x65,0x28,0x30,0x29,0x5d,0x5d,0x2c,0x20,0x73,0x61,0x6d,0x70,0x6c,
    0x65,0x72,0x20,0x73,0x70,0x72,0x69,0x74,0x65,0x5f,0x73,0x6d,0x70,0x20,0x5b,0x5b,
    0x73,0x61,0x6d,0x70,0x6c,0x65,0x72,0x28,0x30,0x29,0x5d,0x5d,0x29,0x0a,0x7b,0x0a,
    0x20,0x20,0x20,0x20,0x6d,0x61,0x69,0x6e,0x30,0x5f,0x6f,0x75,0x74,0x20,0x6f,0x75,
    0x74,0x20,0x3d,0x20,0x7b,0x7d,0x3b,0x0a,0x20,0x20,0x20,0x20,0x66,0x6c,0x6f,0x61,
    0x74,0x34,0x20,0x5f,0x32,0x38,0x20,0x3d,0x20,0x73,0x70,0x72,0x69,0x74,0x65,0x5f,
    0x74,0x65,0x78,0x2e,0x73,0x61,0x6d,0x70,0x6c,0x65,0x28,0x73,0x70,0x72,0x69,0x74,
    0x65,0x5f,0x73,0x6d,0x70,0x2c,0x20,0x69,0x6e,0x2e,0x76,0x5f,0x75,0x76,0x29,0x20,
    0x2a,0x20,0x69,0x6e,0x2e,0x76,0x5f,0x63,0x6f,0x6c,0x6f,0x72,0x3b,0x0a,0x20,0x20,
    0x20,0x20,0x66,0x6c,0x6f,0x61,0x74,0x34,0x20,0x63,0x20,0x3d,0x20,0x5f,0x32,0x38,
    0x3b,0x0a,0x20,0x20,0x20,0x20,0x69,0x66,0x20,0x28,0x5f,0x32,0x38,0x2e,0x77,0x20,
    0x3c,0x20,0x30,0x2e,0x30,0x30,0x34,0x30,0x30,0x30,0x30,0x30,0x30,0x31,0x38,0x39,
    0x39,0x38,0x39,0x38,0x30,0x35,0x32,0x32,0x31,0x35,0x35,0x37,0x36,0x31,0x37,0x31,
    0x38,0x37,0x35,0x29,0x0a,0x20,0x20,0x20,0x20,0x7b,0x0a,0x20,0x20,0x20,0x20,0x20,
    0x20,0x20,0x20,0x64,0x69,0x73,0x63,0x61,0x72,0x64,0x5f,0x66,0x72,0x61,0x67,0x6d,
    0x65,0x6e,0x74,0x28,0x29,0x3b,0x0a,0x20,0x20,0x20,0x20,0x7d,0x0a,0x20,0x20,0x20,
    0x20,0x69,0x66,0x20,0x28,0x5f,0x34,0x32,0x2e,0x66,0x6f,0x67,0x5f,0x70,0x61,0x72,
    0x61,0x6d,0x73,0x2e,0x7a,0x20,0x3e,0x20,0x30,0x2e,0x35,0x29,0x0a,0x20,0x20,0x20,
    0x20,0x7b,0x0a,0x20,0x20,0x20,0x20,0x20,0x20,0x20,0x20,0x66,0x6c,0x6f,0x61,0x74,
    0x20,0x5f,0x37,0x35,0x20,0x3d,0x20,0x66,0x61,0x73,0x74,0x3a,0x3a,0x63,0x6c,0x61,
    0x6d,0x70,0x28,0x28,0x6c,0x65,0x6e,0x67,0x74,0x68,0x28,0x5f,0x34,0x32,0x2e,0x66,
    0x73,0x5f,0x63,0x61,0x6d,0x5f,0x70,0x6f,0x73,0x2e,0x78,0x79,0x7a,0x20,0x2d,0x20,
    0x69,0x6e,0x2e,0x76,0x5f,0x77,0x6f,0x72,0x6c,0x64,0x5f,0x70,0x6f,0x73,0x29,0x20,
    0x2d,0x20,0x5f,0x34,0x32,0x2e,0x66,0x6f,0x67,0x5f,0x70,0x61,0x72,0x61,0x6d,0x73,
    0x2e,0x78,0x29,0x20,0x2a,0x20,0x5f,0x34,0x32,0x2e,0x66,0x6f,0x67,0x5f,0x70,0x61,
    0x72,0x61,0x6d,0x73,0x2e,0x79,0x2c,0x20,0x30,0x2e,0x30,0x2c,0x20,0x31,0x2e,0x30,
    0x29,0x3b,0x0a,0x20,0x20,0x20,0x20,0x20,0x20,0x20,0x20,0x69,0x66,0x20,0x28,0x5f,
    0x34,0x32,0x2e,0x66,0x6f,0x67,0x5f,0x70,0x61,0x72,0x61,0x6d,0x73,0x2e,0x77,0x20,
    0x3e,0x20,0x30,0x2e,0x35,0x29,0x0a,0x20,0x20,0x20,0x20,0x20,0x20,0x20,0x20,0x7b,
    0x0a,0x20,0x20,0x20,0x20,0x20,0x20,0x20,0x20,0x20,0x20,0x20,0x20,0x66,0x6c,0x6f,
    0x61,0x74,0x34,0x20,0x5f,0x38,0x33,0x20,0x3d,0x20,0x63,0x3b,0x0a,0x20,0x20,0x20,
    0x20,0x20,0x20,0x20,0x20,0x20,0x20,0x20,0x20,0x66,0x6c,0x6f,0x61,0x74,0x33,0x20,
    0x5f,0x38,0x35,0x20,0x3d,0x20,0x5f,0x38,0x33,0x2e,0x78,0x79,0x7a,0x20,0x2a,0x20,
    0x28,0x31,0x2e,0x30,0x20,0x2d,0x20,0x5f,0x37,0x35,0x29,0x3b,0x0a,0x20,0x20,0x20,
    0x20,0x20,0x20,0x20,0x20,0x20,0x20,0x20,0x20,0x66,0x6c,0x6f,0x61,0x74,0x34,0x20,
    0x5f,0x31,0x31,0x39,0x20,0x3d,0x20,0x5f,0x38,0x33,0x3b,0x0a,0x20,0x20,0x20,0x20,
    0x20,0x20,0x20,0x20,0x20,0x20,0x20,0x20,0x5f,0x31,0x31,0x39,0x2e,0x78,0x20,0x3d,
    0x20,0x5f,0x38,0x35,0x2e,0x78,0x3b,0x0a,0x20,0x20,0x20,0x20,0x20,0x20,0x20,0x20,
    0x20,0x20,0x20,0x20,0x5f,0x31,0x31,0x39,0x2e,0x79,0x20,0x3d,0x20,0x5f,0x38,0x35,
    0x2e,0x79,0x3b,0x0a,0x20,0x20,0x20,0x20,0x20,0x20,0x20,0x20,0x20,0x20,0x20,0x20,
    0x5f,0x31,0x31,0x39,0x2e,0x7a,0x20,0x3d,0x20,0x5f,0x38,0x35,0x2e,0x7a,0x3b,0x0a,
    0x20,0x20,0x20,0x20,0x20,0x20,0x20,0x20,0x20,0x20,0x20,0x20,0x63,0x20,0x3d,0x20,
    0x5f,0x31,0x31,0x39,0x3b,0x0a,0x20,0x20,0x20,0x20,0x20,0x20,0x20,0x20,0x7d,0x0a,
    0x20,0x20,0x20,0x20,0x20,0x20,0x20,0x20,0x65,0x6c,0x73,0x65,0x0a,0x20,0x20,0x20,
    0x20,0x20,0x20,0x20,0x20,0x7b,0x0a,0x20,0x20,0x20,0x20,0x20,0x20,0x20,0x20,0x20,
    0x20,0x20,0x20,0x66,0x6c,0x6f,0x61,0x74,0x34,0x20,0x5f,0x39,0x33,0x20,0x3d,0x20,
    0x63,0x3b,0x0a,0x20,0x20,0x20,0x20,0x20,0x20,0x20,0x20,0x20,0x20,0x20,0x20,0x66,
    0x6c,0x6f,0x61,0x74,0x33,0x20,0x5f,0x31,0x30,0x37,0x20,0x3d,0x20,0x70,0x6f,0x77,
    0x72,0x28,0x6d,0x69,0x78,0x28,0x70,0x6f,0x77,0x72,0x28,0x5f,0x39,0x33,0x2e,0x78,
    0x79,0x7a,0x2c,0x20,0x66,0x6c,0x6f,0x61,0x74,0x33,0x28,0x32,0x2e,0x32,0x30,0x30,
    0x30,0x30,0x30,0x30,0x34,0x37,0x36,0x38,0x33,0x37,0x31,0x35,0x38,0x32,0x30,0x33,
    0x31,0x32,0x35,0x29,0x29,0x2c,0x20,0x5f,0x34,0x32,0x2e,0x66,0x6f,0x67,0x5f,0x63,
    0x6f,0x6c,0x6f,0x72,0x2e,0x78,0x79,0x7a,0x2c,0x20,0x66,0x6c,0x6f,0x61,0x74,0x33,
    0x28,0x5f,0x37,0x35,0x29,0x29,0x2c,0x20,0x66,0x6c,0x6f,0x61,0x74,0x33,0x28,0x30,
    0x2e,0x34,0x35,0x34,0x35,0x34,0x35,0x34,0x36,0x38,0x30,0x39,0x31,0x39,0x36,0x34,
    0x37,0x32,0x31,0x36,0x37,0x39,0x36,0x38,0x37,0x35,0x29,0x29,0x3b,0x0a,0x20,0x20,
    0x20,0x20,0x20,0x20,0x20,0x20,0x20,0x20,0x20,0x20,0x66,0x6c,0x6f,0x61,0x74,0x34,
    0x20,0x5f,0x31,0x32,0x35,0x20,0x3d,0x20,0x5f,0x39,0x33,0x3b,0x0a,0x20,0x20,0x20,
    0x20,0x20,0x20,0x20,0x20,0x20,0x20,0x20,0x20,0x5f,0x31,0x32,0x35,0x2e,0x78,0x20,
    0x3d,0x20,0x5f,0x31,0x30,0x37,0x2e,0x78,0x3b,0x0a,0x20,0x20,0x20,0x20,0x20,0x20,
    0x20,0x20,0x20,0x20,0x20,0x20,0x5f,0x31,0x32,0x35,0x2e,0x79,0x20,0x3d,0x20,0x5f,
    0x31,0x30,0x37,0x2e,0x79,0x3b,0x0a,0x20,0x20,0x20,0x20,0x20,0x20,0x20,0x20,0x20,
    0x20,0x20,0x20,0x5f,0x31,0x32,0x35,0x2e,0x7a,0x20,0x3d,0x20,0x5f,0x31,0x30,0x37,
    0x2e,0x7a,0x3b,0x0a,0x20,0x20,0x20,0x20,0x20,0x20,0x20,0x20,0x20,0x20,0x20,0x20,
    0x63,0x20,0x3d,0x20,0x5f,0x31,0x32,0x35,0x3b,0x0a,0x20,0x20,0x20,0x20,0x20,0x20,
    0x20,0x20,0x7d,0x0a,0x20,0x20,0x20,0x20,0x7d,0x0a,0x20,0x20,0x20,0x20,0x6f,0x75,
    0x74,0x2e,0x66,0x72,0x61,0x67,0x5f,0x63,0x6f,0x6c,0x6f,0x72,0x20,0x3d,0x20,0x63,
    0x3b,0x0a,0x20,0x20,0x20,0x20,0x72,0x65,0x74,0x75,0x72,0x6e,0x20,0x6f,0x75,0x74,
    0x3b,0x0a,0x7d,0x0a,0x0a,0x00,
};
/*
    #include <metal_stdlib>
    #include <simd/simd.h>

    using namespace metal;

    struct billboard_vs_params
    {
        float4x4 view_proj;
        float4 cam_right;
        float4 cam_up;
        float4 cam_pos;
    };

    struct main0_out
    {
        float2 v_uv [[user(locn0)]];
        float4 v_color [[user(locn1)]];
        float3 v_world_pos [[user(locn2)]];
        float4 gl_Position [[position]];
    };

    struct main0_in
    {
        float4 inst_pos [[attribute(0)]];
        float4 inst_params [[attribute(1)]];
        float4 inst_color [[attribute(2)]];
        float4 inst_uv [[attribute(3)]];
    };

    vertex main0_out main0(main0_in in [[stage_in]], constant billboard_vs_params& _90 [[buffer(0)]], uint gl_VertexIndex [[vertex_id]])
    {
        main0_out out = {};
        int _13 = int(gl_VertexIndex) % 6;
        bool _24 = _13 == 2;
        bool _28 = _13 == 4;
        float _32 = float(((_13 == 1) || _24) || _28);
        float _42 = float((_24 || _28) || (_13 == 5));
        float2 _48 = float2(_32, _42) - float2(0.5);
        float _59 = sin(in.inst_params.y);
        float _63 = cos(in.inst_params.y);
        float _66 = _48.x;
        float _70 = _48.y;
        float3 right = _90.cam_right.xyz;
        float3 up = _90.cam_up.xyz;
        if (in.inst_params.z > 0.5)
        {
            float3 _113 = _90.cam_pos.xyz - in.inst_pos.xyz;
            float3 _123 = fast::normalize(float3(_113.x, 0.0, _113.z) + float3(9.9999997473787516355514526367188e-06, 0.0, 0.0));
            right = float3(_123.z, 0.0, -_123.x);
            up = float3(0.0, 1.0, 0.0);
        }
        float3 _150 = (in.inst_pos.xyz + (right * (((_66 * _63) - (_70 * _59)) * in.inst_pos.w))) + (up * (((_66 * _59) + (_70 * _63)) * in.inst_params.x));
        out.v_world_pos = _150;
        out.v_uv = float2(mix(in.inst_uv.x, in.inst_uv.z, _32), mix(in.inst_uv.w, in.inst_uv.y, _42));
        out.v_color = in.inst_color;
        out.gl_Position = _90.view_proj * float4(_150, 1.0);
        return out;
    }

*/
static const uint8_t billboard_vs_source_metal_sim[1829] = {
    0x23,0x69,0x6e,0x63,0x6c,0x75,0x64,0x65,0x20,0x3c,0x6d,0x65,0x74,0x61,0x6c,0x5f,
    0x73,0x74,0x64,0x6c,0x69,0x62,0x3e,0x0a,0x23,0x69,0x6e,0x63,0x6c,0x75,0x64,0x65,
    0x20,0x3c,0x73,0x69,0x6d,0x64,0x2f,0x73,0x69,0x6d,0x64,0x2e,0x68,0x3e,0x0a,0x0a,
    0x75,0x73,0x69,0x6e,0x67,0x20,0x6e,0x61,0x6d,0x65,0x73,0x70,0x61,0x63,0x65,0x20,
    0x6d,0x65,0x74,0x61,0x6c,0x3b,0x0a,0x0a,0x73,0x74,0x72,0x75,0x63,0x74,0x20,0x62,
    0x69,0x6c,0x6c,0x62,0x6f,0x61,0x72,0x64,0x5f,0x76,0x73,0x5f,0x70,0x61,0x72,0x61,
    0x6d,0x73,0x0a,0x7b,0x0a,0x20,0x20,0x20,0x20,0x66,0x6c,0x6f,0x61,0x74,0x34,0x78,
    0x34,0x20,0x76,0x69,0x65,0x77,0x5f,0x70,0x72,0x6f,0x6a,0x3b,0x0a,0x20,0x20,0x20,
    0x20,0x66,0x6c,0x6f,0x61,0x74,0x34,0x20,0x63,0x61,0x6d,0x5f,0x72,0x69,0x67,0x68,
    0x74,0x3b,0x0a,0x20,0x20,0x20,0x20,0x66,0x6c,0x6f,0x61,0x74,0x34,0x20,0x63,0x61,
    0x6d,0x5f,0x75,0x70,0x3b,0x0a,0x20,0x20,0x20,0x20,0x66,0x6c,0x6f,0x61,0x74,0x34,
    0x20,0x63,0x61,0x6d,0x5f,0x70,0x6f,0x73,0x3b,0x0a,0x7d,0x3b,0x0a,0x0a,0x73,0x74,
    0x72,0x75,0x63,0x74,0x20,0x6d,0x61,0x69,0x6e,0x30,0x5f,0x6f,0x75,0x74,0x0a,0x7b,
    0x0a,0x20,0x20,0x20,0x20,0x66,0x6c,0x6f,0x61,0x74,0x32,0x20,0x76,0x5f,0x75,0x76,
    0x20,0x5b,0x5b,0x75,0x73,0x65,0x72,0x28,0x6c,0x6f,0x63,0x6e,0x30,0x29,0x5d,0x5d,
    0x3b,0x0a,0x20,0x20,0x20,0x20,0x66,0x6c,0x6f,0x61,0x74,0x34,0x20,0x76,0x5f,0x63,
    0x6f,0x6c,0x6f,0x72,0x20,0x5b,0x5b,0x75,0x73,0x65,0x72,0x28,0x6c,0x6f,0x63,0x6e,
    0x31,0x29,0x5d,0x5d,0x3b,0x0a,0x20,0x20,0x20,0x20,0x66,0x6c,0x6f,0x61,0x74,0x33,
    0x20,0x76,0x5f,0x77,0x6f,0x72,0x6c,0x64,0x5f,0x70,0x6f,0x73,0x20,0x5b,0x5b,0x75,
    0x73,0x65,0x72,0x28,0x6c,0x6f,0x63,0x6e,0x32,0x29,0x5d,0x5d,0x3b,0x0a,0x20,0x20,
    0x20,0x20,0x66,0x6c,0x6f,0x61,0x74,0x34,0x20,0x67,0x6c,0x5f,0x50,0x6f,0x73,0x69,
    0x74,0x69,0x6f,0x6e,0x20,0x5b,0x5b,0x70,0x6f,0x73,0x69,0x74,0x69,0x6f,0x6e,0x5d,
    0x5d,0x3b,0x0a,0x7d,0x3b,0x0a,0x0a,0x73,0x74,0x72,0x75,0x63,0x74,0x20,0x6d,0x61,
    0x69,0x6e,0x30,0x5f,0x69,0x6e,0x0a,0x7b,0x0a,0x20,0x20,0x20,0x20,0x66,0x6c,0x6f,
    0x61,0x74,0x34,0x20,0x69,0x6e,0x73,0x74,0x5f,0x70,0x6f,0x73,0x20,0x5b,0x5b,0x61,
    0x74,0x74,0x72,0x69,0x62,0x75,0x74,0x65,0x28,0x30,0x29,0x5d,0x5d,0x3b,0x0a,0x20,
    0x20,0x20,0x20,0x66,0x6c,0x6f,0x61,0x74,0x34,0x20,0x69,0x6e,0x73,0x74,0x5f,0x70,
    0x61,0x72,0x61,0x6d,0x73,0x20,0x5b,0x5b,0x61,0x74,0x74,0x72,0x69,0x62,0x75,0x74,
    0x65,0x28,0x31,0x29,0x5d,0x5d,0x3b,0x0a,0x20,0x20,0x20,0x20,0x66,0x6c,0x6f,0x61,
    0x74,0x34,0x20,0x69,0x6e,0x73,0x74,0x5f,0x63,0x6f,0x6c,0x6f,0x72,0x20,0x5b,0x5b,
    0x61,0x74,0x74,0x72,0x69,0x62,0x75,0x74,0x65,0x28,0x32,0x29,0x5d,0x5d,0x3b,0x0a,
    0x20,0x20,0x20,0x20,0x66,0x6c,0x6f,0x61,0x74,0x34,0x20,0x69,0x6e,0x73,0x74,0x5f,
    0x75,0x76,0x20,0x5b,0x5b,0x61,0x74,0x74,0x72,0x69,0x62,0x75,0x74,0x65,0x28,0x33,
    0x29,0x5d,0x5d,0x3b,0x0a,0x7d,0x3b,0x0a,0x0a,0x76,0x65,0x72,0x74,0x65,0x78,0x20,
    0x6d,0x61,0x69,0x6e,0x30,0x5f,0x6f,0x75,0x74,0x20,0x6d,0x61,0x69,0x6e,0x30,0x28,
    0x6d,0x61,0x69,0x6e,0x30,0x5f,0x69,0x6e,0x20,0x69,0x6e,0x20,0x5b,0x5b,0x73,0x74,
    0x61,0x67,0x65,0x5f,0x69,0x6e,0x5d,0x5d,0x2c,0x20,0x63,0x6f,0x6e,0x73,0x74,0x61,
    0x6e,0x74,0x20,0x62,0x69,0x6c,0x6c,0x62,0x6f,0x61,0x72,0x64,0x5f,0x76,0x73,0x5f,
    0x70,0x61,0x72,0x61,0x6d,0x73,0x26,0x20,0x5f,0x39,0x30,0x20,0x5b,0x5b,0x62,0x75,
    0x66,0x66,0x65,0x72,0x28,0x30,0x29,0x5d,0x5d,0x2c,0x20,0x75,0x69,0x6e,0x74,0x20,
    0x67,0x6c,0x5f,0x56,0x65,0x72,0x74,0x65,0x78,0x49,0x6e,0x64,0x65,0x78,0x20,0x5b,
    0x5b,0x76,0x65,0x72,0x74,0x65,0x78,0x5f,0x69,0x64,0x5d,0x5d,0x29,0x0a,0x7b,0x0a,
    0x20,0x20,0x20,0x20,0x6d,0x61,0x69,0x6e,0x30,0x5f,0x6f,0x75,0x74,0x20,0x6f,0x75,
    0x74,0x20,0x3d,0x20,0x7b,0x7d,0x3b,0x0a,0x20,0x20,0x20,0x20,0x69,0x6e,0x74,0x20,
    0x5f,0x31,0x33,0x20,0x3d,0x20,0x69,0x6e,0x74,0x28,0x67,0x6c,0x5f,0x56,0x65,0x72,
    0x74,0x65,0x78,0x49,0x6e,0x64,0x65,0x78,0x29,0x20,0x25,0x20,0x36,0x3b,0x0a,0x20,
    0x20,0x20,0x20,0x62,0x6f,0x6f,0x6c,0x20,0x5f,0x32,0x34,0x20,0x3d,0x20,0x5f,0x31,
    0x33,0x20,0x3d,0x3d,0x20,0x32,0x3b,0x0a,0x20,0x20,0x20,0x20,0x62,0x6f,0x6f,0x6c,
    0x20,0x5f,0x32,0x38,0x20,0x3d,0x20,0x5f,0x31,0x33,0x20,0x3d,0x3d,0x20,0x34,0x3b,
    0x0a,0x20,0x20,0x20,0x20,0x66,0x6c,0x6f,0x61,0x74,0x20,0x5f,0x33,0x32,0x20,0x3d,
    0x20,0x66,0x6c,0x6f,0x61,0x74,0x28,0x28,0x28,0x5f,0x31,0x33,0x20,0x3d,0x3d,0x20,
    0x31,0x29,0x20,0x7c,0x7c,0x20,0x5f,0x32,0x34,0x29,0x20,0x7c,0x7c,0x20,0x5f,0x32,
    0x38,0x29,0x3b,0x0a,0x20,0x20,0x20,0x20,0x66,0x6c,0x6f,0x61,0x74,0x20,0x5f,0x34,
    0x32,0x20,0x3d,0x20,0x66,0x6c,0x6f,0x61,0x74,0x28,0x28,0x5f,0x32,0x34,0x20,0x7c,
    0x7c,0x20,0x5f,0x32,0x38,0x29,0x20,0x7c,0x7c,0x20,0x28,0x5f,0x31,0x33,0x20,0x3d,
    0x3d,0x20,0x35,0x29,0x29,0x3b,0x0a,0x20,0x20,0x20,0x20,0x66,0x6c,0x6f,0x61,0x74,
    0x32,0x20,0x5f,0x34,0x38,0x20,0x3d,0x20,0x66,0x6c,0x6f,0x61,0x74,0x32,0x28,0x5f,
    0x33,0x32,0x2c,0x20,0x5f,0x34,0x32,0x29,0x20,0x2d,0x20,0x66,0x6c,0x6f,0x61,0x74,
    0x32,0x28,0x30,0x2e,0x35,0x29,0x3b,0x0a,0x20,0x20,0x20,0x20,0x66,0x6c,0x6f,0x61,
    0x74,0x20,0x5f,0x35,0x39,0x20,0x3d,0x20,0x73,0x69,0x6e,0x28,0x69,0x6e,0x2e,0x69,
    0x6e,0x73,0x74,0x5f,0x70,0x61,0x72,0x61,0x6d,0x73,0x2e,0x79,0x29,0x3b,0x0a,0x20,
    0x20,0x20,0x20,0x66,0x6c,0x6f,0x61,0x74,0x20,0x5f,0x36,0x33,0x20,0x3d,0x20,0x63,
    0x6f,0x73,0x28,0x69,0x6e,0x2e,0x69,0x6e,0x73,0x74,0x5f,0x70,0x61,0x72,0x61,0x6d,
    0x73,0x2e,0x79,0x29,0x3b,0x0a,0x20,0x20,0x20,0x20,0x66,0x6c,0x6f,0x61,0x74,0x20,
    0x5f,0x36,0x36,0x20,0x3d,0x20,0x5f,0x34,0x38,0x2e,0x78,0x3b,0x0a,0x20,0x20,0x20,
    0x20,0x66,0x6c,0x6f,0x61,0x74,0x20,0x5f,0x37,0x30,0x20,0x3d,0x20,0x5f,0x34,0x38,
    0x2e,0x79,0x3b,0x0a,0x20,0x20,0x20,0x20,0x66,0x6c,0x6f,0x61,0x74,0x33,0x20,0x72,
    0x69,0x67,0x68,0x74,0x20,0x3d,0x20,0x5f,0x39,0x30,0x2e,0x63,0x61,0x6d,0x5f,0x72,
    0x69,0x67,0x68,0x74,0x2e,0x78,0x79,0x7a,0x3b,0x0a,0x20,0x20,0x20,0x20,0x66,0x6c,
    0x6f,0x61,0x74,0x33,0x20,0x75,0x70,0x20,0x3d,0x20,0x5f,0x39,0x30,0x2e,0x63,0x61,
    0x6d,0x5f,0x75,0x70,0x2e,0x78,0x79,0x7a,0x3b,0x0a,0x20,0x20,0x20,0x20,0x69,0x66,
    0x20,0x28,0x69,0x6e,0x2e,0x69,0x6e,0x73,0x74,0x5f,0x70,0x61,0x72,0x61,0x6d,0x73,
    0x2e,0x7a,0x20,0x3e,0x20,0x30,0x2e,0x35,0x29,0x0a,0x20,0x20,0x20,0x20,0x7b,0x0a,
    0x20,0x20,0x20,0x20,0x20,0x20,0x20,0x20,0x66,0x6c,0x6f,0x61,0x74,0x33,0x20,0x5f,
    0x31,0x31,0x33,0x20,0x3d,0x20,0x5f,0x39,0x30,0x2e,0x63,0x61,0x6d,0x5f,0x70,0x6f,
    0x73,0x2e,0x78,0x79,0x7a,0x20,0x2d,0x20,0x69,0x6e,0x2e,0x69,0x6e,0x73,0x74,0x5f,
    0x70,0x6f,0x73,0x2e,0x78,0x79,0x7a,0x3b,0x0a,0x20,0x20,0x20,0x20,0x20,0x20,0x20,
    0x20,0x66,0x6c,0x6f,0x61,0x74,0x33,0x20,0x5f,0x31,0x32,0x33,0x20,0x3d,0x20,0x66,
    0x61,0x73,0x74,0x3a,0x3a,0x6e,0x6f,0x72,0x6d,0x61,0x6c,0x69,0x7a,0x65,0x28,0x66,
    0x6c,0x6f,0x61,0x74,0x33,0x28,0x5f,0x31,0x31,0x33,0x2e,0x78,0x2c,0x20,0x30,0x2e,
    0x30,0x2c,0x20,0x5f,0x31,0x31,0x33,0x2e,0x7a,0x29,0x20,0x2b,0x20,0x66,0x6c,0x6f,
    0x61,0x74,0x33,0x28,0x39,0x2e,0x39,0x39,0x39,0x39,0x39,0x39,0x37,0x34,0x37,0x33,
    0x37,0x38,0x37,0x35,0x31,0x36,0x33,0x35,0x35,0x35,0x31,0x34,0x35,0x32,0x36,0x33,
    0x36,0x37,0x31,0x38,0x38,0x65,0x2d,0x30,0x36,0x2c,0x20,0x30,0x2e,0x30,0x2c,0x20,
    0x30,0x2e,0x30,0x29,0x29,0x3b,0x0a,0x20,0x20,0x20,0x20,0x20,0x20,0x20,0x20,0x72,
    0x69,0x67,0x68,0x74,0x20,0x3d,0x20,0x66,0x6c,0x6f,0x61,0x74,0x33,0x28,0x5f,0x31,
    0x32,0x33,0x2e,0x7a,0x2c,0x20,0x30,0x2e,0x30,0x2c,0x20,0x2d,0x5f,0x31,0x32,0x33,
    0x2e,0x78,0x29,0x3b,0x0a,0x20,0x20,0x20,0x20,0x20,0x20,0x20,0x20,0x75,0x70,0x20,
    0x3d,0x20,0x66,0x6c,0x6f,0x61,0x74,0x33,0x28,0x30,0x2e,0x30,0x2c,0x20,0x31,0x2e,
    0x30,0x2c,0x20,0x30,0x2e,0x30,0x29,0x3b,0x0a,0x20,0x20,0x20,0x20,0x7d,0x0a,0x20,
    0x20,0x20,0x20,0x66,0x6c,0x6f,0x61,0x74,0x33,0x20,0x5f,0x31,0x35,0x30,0x20,0x3d,
    0x20,0x28,0x69,0x6e,0x2e,0x69,0x6e,0x73,0x74,0x5f,0x70,0x6f,0x73,0x2e,0x78,0x79,
    0x7a,0x20,0x2b,0x20,0x28,0x72,0x69,0x67,0x68,0x74,0x20,0x2a,0x20,0x28,0x28,0x28,
    0x5f,0x36,0x36,0x20,0x2a,0x20,0x5f,0x36,0x33,0x29,0x20,0x2d,0x20,0x28,0x5f,0x37,
    0x30,0x20,0x2a,0x20,0x5f,0x35,0x39,0x29,0x29,0x20,0x2a,0x20,0x69,0x6e,0x2e,0x69,
    0x6e,0x73,0x74,0x5f,0x70,0x6f,0x73,0x2e,0x77,0x29,0x29,0x29,0x20,0x2b,0x20,0x28,
    0x75,0x70,0x20,0x2a,0x20,0x28,0x28,0x28,0x5f,0x36,0x36,0x20,0x2a,0x20,0x5f,0x35,
    0x39,0x29,0x20,0x2b,0x20,0x28,0x5f,0x37,0x30,0x20,0x2a,0x20,0x5f,0x36,0x33,0x29,
    0x29,0x20,0x2a,0x20,0x69,0x6e,0x2e,0x69,0x6e,0x73,0x74,0x5f,0x70,0x61,0x72,0x61,
    0x6d,0x73,0x2e,0x78,0x29,0x29,0x3b,0x0a,0x20,0x20,0x20,0x20,0x6f,0x75,0x74,0x2e,
    0x76,0x5f,0x77,0x6f,0x72,0x6c,0x64,0x5f,0x70,0x6f,0x73,0x20,0x3d,0x20,0x5f,0x31,
    0x35,0x30,0x3b,0x0a,0x20,0x20,0x20,0x20,0x6f,0x75,0x74,0x2e,0x76,0x5f,0x75,0x76,
    0x20,0x3d,0x20,0x66,0x6c,0x6f,0x61,0x74,0x32,0x28,0x6d,0x69,0x78,0x28,0x69,0x6e,
    0x2e,0x69,0x6e,0x73,0x74,0x5f,0x75,0x76,0x2e,0x78,0x2c,0x20,0x69,0x6e,0x2e,0x69,
    0x6e,0x73,0x74,0x5f,0x75,0x76,0x2e,0x7a,0x2c,0x20,0x5f,0x33,0x32,0x29,0x2c,0x20,
    0x6d,0x69,0x78,0x28,0x69,0x6e,0x2e,0x69,0x6e,0x73,0x74,0x5f,0x75,0x76,0x2e,0x77,
    0x2c,0x20,0x69,0x6e,0x2e,0x69,0x6e,0x73,0x74,0x5f,0x75,0x76,0x2e,0x79,0x2c,0x20,
    0x5f,0x34,0x32,0x29,0x29,0x3b,0x0a,0x20,0x20,0x20,0x20,0x6f,0x75,0x74,0x2e,0x76,
    0x5f,0x63,0x6f,0x6c,0x6f,0x72,0x20,0x3d,0x20,0x69,0x6e,0x2e,0x69,0x6e,0x73,0x74,
    0x5f,0x63,0x6f,0x6c,0x6f,0x72,0x3b,0x0a,0x20,0x20,0x20,0x20,0x6f,0x75,0x74,0x2e,
    0x67,0x6c,0x5f,0x50,0x6f,0x73,0x69,0x74,0x69,0x6f,0x6e,0x20,0x3d,0x20,0x5f,0x39,
    0x30,0x2e,0x76,0x69,0x65,0x77,0x5f,0x70,0x72,0x6f,0x6a,0x20,0x2a,0x20,0x66,0x6c,
    0x6f,0x61,0x74,0x34,0x28,0x5f,0x31,0x35,0x30,0x2c,0x20,0x31,0x2e,0x30,0x29,0x3b,
    0x0a,0x20,0x20,0x20,0x20,0x72,0x65,0x74,0x75,0x72,0x6e,0x20,0x6f,0x75,0x74,0x3b,
    0x0a,0x7d,0x0a,0x0a,0x00,
};
/*
    #include <metal_stdlib>
    #include <simd/simd.h>

    using namespace metal;

    struct billboard_fs_params
    {
        float4 fog_color;
        float4 fog_params;
        float4 fs_cam_pos;
    };

    struct main0_out
    {
        float4 frag_color [[color(0)]];
    };

    struct main0_in
    {
        float2 v_uv [[user(locn0)]];
        float4 v_color [[user(locn1)]];
        float3 v_world_pos [[user(locn2)]];
    };

    fragment main0_out main0(main0_in in [[stage_in]], constant billboard_fs_params& _42 [[buffer(1)]], texture2d<float> sprite_tex [[texture(0)]], sampler sprite_smp [[sampler(0)]])
    {
        main0_out out = {};
        float4 _28 = sprite_tex.sample(sprite_smp, in.v_uv) * in.v_color;
        float4 c = _28;
        if (_28.w < 0.0040000001899898052215576171875)
        {
            discard_fragment();
        }
        if (_42.fog_params.z > 0.5)
        {
            float _75 = fast::clamp((length(_42.fs_cam_pos.xyz - in.v_world_pos) - _42.fog_params.x) * _42.fog_params.y, 0.0, 1.0);
            if (_42.fog_params.w > 0.5)
            {
                float4 _83 = c;
                float3 _85 = _83.xyz * (1.0 - _75);
                float4 _119 = _83;
                _119.x = _85.x;
                _119.y = _85.y;
                _119.z = _85.z;
                c = _119;
            }
            else
            {
                float4 _93 = c;
                float3 _107 = powr(mix(powr(_93.xyz, float3(2.2000000476837158203125)), _42.fog_color.xyz, float3(_75)), float3(0.4545454680919647216796875));
                float4 _125 = _93;
                _125.x = _107.x;
                _125.y = _107.y;
                _125.z = _107.z;
                c = _125;
            }
        }
        out.frag_color = c;
        return out;
    }

*/
static const uint8_t billboard_fs_source_metal_sim[1590] = {
    0x23,0x69,0x6e,0x63,0x6c,0x75,0x64,0x65,0x20,0x3c,0x6d,0x65,0x74,0x61,0x6c,0x5f,
    0x73,0x74,0x64,0x6c,0x69,0x62,0x3e,0x0a,0x23,0x69,0x6e,0x63,0x6c,0x75,0x64,0x65,
    0x20,0x3c,0x73,0x69,0x6d,0x64,0x2f,0x73,0x69,0x6d,0x64,0x2e,0x68,0x3e,0x0a,0x0a,
    0x75,0x73,0x69,0x6e,0x67,0x20,0x6e,0x61,0x6d,0x65,0x73,0x70,0x61,0x63,0x65,0x20,
    0x6d,0x65,0x74,0x61,0x6c,0x3b,0x0a,0x0a,0x73,0x74,0x72,0x75,0x63,0x74,0x20,0x62,
    0x69,0x6c,0x6c,0x62,0x6f,0x61,0x72,0x64,0x5f,0x66,0x73,0x5f,0x70,0x61,0x72,0x61,
    0x6d,0x73,0x0a,0x7b,0x0a,0x20,0x20,0x20,0x20,0x66,0x6c,0x6f,0x61,0x74,0x34,0x20,
    0x66,0x6f,0x67,0x5f,0x63,0x6f,0x6c,0x6f,0x72,0x3b,0x0a,0x20,0x20,0x20,0x20,0x66,
    0x6c,0x6f,0x61,0x74,0x34,0x20,0x66,0x6f,0x67,0x5f,0x70,0x61,0x72,0x61,0x6d,0x73,
    0x3b,0x0a,0x20,0x20,0x20,0x20,0x66,0x6c,0x6f,0x61,0x74,0x34,0x20,0x66,0x73,0x5f,
    0x63,0x61,0x6d,0x5f,0x70,0x6f,0x73,0x3b,0x0a,0x7d,0x3b,0x0a,0x0a,0x73,0x74,0x72,
    0x75,0x63,0x74,0x20,0x6d,0x61,0x69,0x6e,0x30,0x5f,0x6f,0x75,0x74,0x0a,0x7b,0x0a,
    0x20,0x20,0x20,0x20,0x66,0x6c,0x6f,0x61,0x74,0x34,0x20,0x66,0x72,0x61,0x67,0x5f,
    0x63,0x6f,0x6c,0x6f,0x72,0x20,0x5b,0x5b,0x63,0x6f,0x6c,0x6f,0x72,0x28,0x30,0x29,
    0x5d,0x5d,0x3b,0x0a,0x7d,0x3b,0x0a,0x0a,0x73,0x74,0x72,0x75,0x63,0x74,0x20,0x6d,
    0x61,0x69,0x6e,0x30,0x5f,0x69,0x6e,0x0a,0x7b,0x0a,0x20,0x20,0x20,0x20,0x66,0x6c,
    0x6f,0x61,0x74,0x32,0x20,0x76,0x5f,0x75,0x76,0x20,0x5b,0x5b,0x75,0x73,0x65,0x72,
    0x28,0x6c,0x6f,0x63,0x6e,0x30,0x29,0x5d,0x5d,0x3b,0x0a,0x20,0x20,0x20,0x20,0x66,
    0x6c,0x6f,0x61,0x74,0x34,0x20,0x76,0x5f,0x63,0x6f,0x6c,0x6f,0x72,0x20,0x5b,0x5b,
    0x75,0x73,0x65,0x72,0x28,0x6c,0x6f,0x63,0x6e,0x31,0x29,0x5d,0x5d,0x3b,0x0a,0x20,
    0x20,0x20,0x20,0x66,0x6c,0x6f,0x61,0x74,0x33,0x20,0x76,0x5f,0x77,0x6f,0x72,0x6c,
    0x64,0x5f,0x70,0x6f,0x73,0x20,0x5b,0x5b,0x75,0x73,0x65,0x72,0x28,0x6c,0x6f,0x63,
    0x6e,0x32,0x29,0x5d,0x5d,0x3b,0x0a,0x7d,0x3b,0x0a,0x0a,0x66,0x72,0x61,0x67,0x6d,
    0x65,0x6e,0x74,0x20,0x6d,0x61,0x69,0x6e,0x30,0x5f,0x6f,0x75,0x74,0x20,0x6d,0x61,
    0x69,0x6e,0x30,0x28,0x6d,0x61,0x69,0x6e,0x30,0x5f,0x69,0x6e,0x20,0x69,0x6e,0x20,
    0x5b,0x5b,0x73,0x74,0x61,0x67,0x65,0x5f,0x69,0x6e,0x5d,0x5d,0x2c,0x20,0x63,0x6f,
    0x6e,0x73,0x74,0x61,0x6e,0x74,0x20,0x62,0x69,0x6c,0x6c,0x62,0x6f,0x61,0x72,0x64,
    0x5f,0x66,0x73,0x5f,0x70,0x61,0x72,0x61,0x6d,0x73,0x26,0x20,0x5f,0x34,0x32,0x20,
    0x5b,0x5b,0x62,0x75,0x66,0x66,0x65,0x72,0x28,0x31,0x29,0x5d,0x5d,0x2c,0x20,0x74,
    0x65,0x78,0x74,0x75,0x72,0x65,0x32,0x64,0x3c,0x66,0x6c,0x6f,0x61,0x74,0x3e,0x20,
    0x73,0x70,0x72,0x69,0x74,0x65,0x5f,0x74,0x65,0x78,0x20,0x5b,0x5b,0x74,0x65,0x78,
    0x74,0x75,0x72,0x65,0x28,0x30,0x29,0x5d,0x5d,0x2c,0x20,0x73,0x61,0x6d,0x70,0x6c,
    0x65,0x72,0x20,0x73,0x70,0x72,0x69,0x74,0x65,0x5f,0x73,0x6d,0x70,0x20,0x5b,0x5b,
    0x73,0x61,0x6d,0x70,0x6c,0x65,0x72,0x28,0x30,0x29,0x5d,0x5d,0x29,0x0a,0x7b,0x0a,
    0x20,0x20,0x20,0x20,0x6d,0x61,0x69,0x6e,0x30,0x5f,0x6f,0x75,0x74,0x20,0x6f,0x75,
    0x74,0x20,0x3d,0x20,0x7b,0x7d,0x3b,0x0a,0x20,0x20,0x20,0x20,0x66,0x6c,0x6f,0x61,
    0x74,0x34,0x20,0x5f,0x32,0x38,0x20,0x3d,0x20,0x73,0x70,0x72,0x69,0x74,0x65,0x5f,
    0x74,0x65,0x78,0x2e,0x73,0x61,0x6d,0x70,0x6c,0x65,0x28,0x73,0x70,0x72,0x69,0x74,
    0x65,0x5f,0x73,0x6d,0x70,0x2c,0x20,0x69,0x6e,0x2e,0x76,0x5f,0x75,0x76,0x29,0x20,
    0x2a,0x20,0x69,0x6e,0x2e,0x76,0x5f,0x63,0x6f,0x6c,0x6f,0x72,0x3b,0x0a,0x20,0x20,
    0x20,0x20,0x66,0x6c,0x6f,0x61,0x74,0x34,0x20,0x63,0x20,0x3d,0x20,0x5f,0x32,0x38,
    0x3b,0x0a,0x20,0x20,0x20,0x20,0x69,0x66,0x20,0x28,0x5f,0x32,0x38,0x2e,0x77,0x20,
    0x3c,0x20,0x30,0x2e,0x30,0x30,0x34,0x30,0x30,0x30,0x30,0x30,0x30,0x31,0x38,0x39,
    0x39,0x38,0x39,0x38,0x30,0x35,0x32,0x32,0x31,0x35,0x35,0x37,0x36,0x31,0x37,0x31,
    0x38,0x37,0x35,0x29,0x0a,0x20,0x20,0x20,0x20,0x7b,0x0a,0x20,0x20,0x20,0x20,0x20,
    0x20,0x20,0x20,0x64,0x69,0x73,0x63,0x61,0x72,0x64,0x5f,0x66,0x72,0x61,0x67,0x6d,
    0x65,0x6e,0x74,0x28,0x29,0x3b,0x0a,0x20,0x20,0x20,0x20,0x7d,0x0a,0x20,0x20,0x20,
    0x20,0x69,0x66,0x20,0x28,0x5f,0x34,0x32,0x2e,0x66,0x6f,0x67,0x5f,0x70,0x61,0x72,
    0x61,0x6d,0x73,0x2e,0x7a,0x20,0x3e,0x20,0x30,0x2e,0x35,0x29,0x0a,0x20,0x20,0x20,
    0x20,0x7b,0x0a,0x20,0x20,0x20,0x20,0x20,0x20,0x20,0x20,0x66,0x6c,0x6f,0x61,0x74,
    0x20,0x5f,0x37,0x35,0x20,0x3d,0x20,0x66,0x61,0x73,0x74,0x3a,0x3a,0x63,0x6c,0x61,
    0x6d,0x70,0x28,0x28,0x6c,0x65,0x6e,0x67,0x74,0x68,0x28,0x5f,0x34,0x32,0x2e,0x66,
    0x73,0x5f,0x63,0x61,0x6d,0x5f,0x70,0x6f,0x73,0x2e,0x78,0x79,0x7a,0x20,0x2d,0x20,
    0x69,0x6e,0x2e,0x76,0x5f,0x77,0x6f,0x72,0x6c,0x64,0x5f,0x70,0x6f,0x73,0x29,0x20,
    0x2d,0x20,0x5f,0x34,0x32,0x2e,0x66,0x6f,0x67,0x5f,0x70,0x61,0x72,0x61,0x6d,0x73,
    0x2e,0x78,0x29,0x20,0x2a,0x20,0x5f,0x34,0x32,0x2e,0x66,0x6f,0x67,0x5f,0x70,0x61,
    0x72,0x61,0x6d,0x73,0x2e,0x79,0x2c,0x20,0x30,0x2e,0x30,0x2c,0x20,0x31,0x2e,0x30,
    0x29,0x3b,0x0a,0x20,0x20,0x20,0x20,0x20,0x20,0x20,0x20,0x69,0x66,0x20,0x28,0x5f,
    0x34,0x32,0x2e,0x66,0x6f,0x67,0x5f,0x70,0x61,0x72,0x61,0x6d,0x73,0x2e,0x77,0x20,
    0x3e,0x20,0x30,0x2e,0x35,0x29,0x0a,0x20,0x20,0x20,0x20,0x20,0x20,0x20,0x20,0x7b,
    0x0a,0x20,0x20,0x20,0x20,0x20,0x20,0x20,0x20,0x20,0x20,0x20,0x20,0x66,0x6c,0x6f,
    0x61,0x74,0x34,0x20,0x5f,0x38,0x33,0x20,0x3d,0x20,0x63,0x3b,0x0a,0x20,0x20,0x20,
    0x20,0x20,0x20,0x20,0x20,0x20,0x20,0x20,0x20,0x66,0x6c,0x6f,0x61,0x74,0x33,0x20,
    0x5f,0x38,0x35,0x20,0x3d,0x20,0x5f,0x38,0x33,0x2e,0x78,0x79,0x7a,0x20,0x2a,0x20,
    0x28,0x31,0x2e,0x30,0x20,0x2d,0x20,0x5f,0x37,0x35,0x29,0x3b,0x0a,0x20,0x20,0x20,
    0x20,0x20,0x20,0x20,0x20,0x20,0x20,0x20,0x20,0x66,0x6c,0x6f,0x61,0x74,0x34,0x20,
    0x5f,0x31,0x31,0x39,0x20,0x3d,0x20,0x5f,0x38,0x33,0x3b,0x0a,0x20,0x20,0x20,0x20,
    0x20,0x20,0x20,0x20,0x20,0x20,0x20,0x20,0x5f,0x31,0x31,0x39,0x2e,0x78,0x20,0x3d,
    0x20,0x5f,0x38,0x35,0x2e,0x78,0x3b,0x0a,0x20,0x20,0x20,0x20,0x20,0x20,0x20,0x20,
    0x20,0x20,0x20,0x20,0x5f,0x31,0x31,0x39,0x2e,0x79,0x20,0x3d,0x20,0x5f,0x38,0x35,
    0x2e,0x79,0x3b,0x0a,0x20,0x20,0x20,0x20,0x20,0x20,0x20,0x20,0x20,0x20,0x20,0x20,
    0x5f,0x31,0x31,0x39,0x2e,0x7a,0x20,0x3d,0x20,0x5f,0x38,0x35,0x2e,0x7a,0x3b,0x0a,
    0x20,0x20,0x20,0x20,0x20,0x20,0x20,0x20,0x20,0x20,0x20,0x20,0x63,0x20,0x3d,0x20,
    0x5f,0x31,0x31,0x39,0x3b,0x0a,0x20,0x20,0x20,0x20,0x20,0x20,0x20,0x20,0x7d,0x0a,
    0x20,0x20,0x20,0x20,0x20,0x20,0x20,0x20,0x65,0x6c,0x73,0x65,0x0a,0x20,0x20,0x20,
    0x20,0x20,0x20,0x20,0x20,0x7b,0x0a,0x20,0x20,0x20,0x20,0x20,0x20,0x20,0x20,0x20,
    0x20,0x20,0x20,0x66,0x6c,0x6f,0x61,0x74,0x34,0x20,0x5f,0x39,0x33,0x20,0x3d,0x20,
    0x63,0x3b,0x0a,0x20,0x20,0x20,0x20,0x20,0x20,0x20,0x20,0x20,0x20,0x20,0x20,0x66,
    0x6c,0x6f,0x61,0x74,0x33,0x20,0x5f,0x31,0x30,0x37,0x20,0x3d,0x20,0x70,0x6f,0x77,
    0x72,0x28,0x6d,0x69,0x78,0x28,0x70,0x6f,0x77,0x72,0x28,0x5f,0x39,0x33,0x2e,0x78,
    0x79,0x7a,0x2c,0x20,0x66,0x6c,0x6f,0x61,0x74,0x33,0x28,0x32,0x2e,0x32,0x30,0x30,
    0x30,0x30,0x30,0x30,0x34,0x37,0x36,0x38,0x33,0x37,0x31,0x35,0x38,0x32,0x30,0x33,
    0x31,0x32,0x35,0x29,0x29,0x2c,0x20,0x5f,0x34,0x32,0x2e,0x66,0x6f,0x67,0x5f,0x63,
    0x6f,0x6c,0x6f,0x72,0x2e,0x78,0x79,0x7a,0x2c,0x20,0x66,0x6c,0x6f,0x61,0x74,0x33,
    0x28,0x5f,0x37,0x35,0x29,0x29,0x2c,0x20,0x66,0x6c,0x6f,0x61,0x74,0x33,0x28,0x30,
    0x2e,0x34,0x35,0x34,0x35,0x34,0x35,0x34,0x36,0x38,0x30,0x39,0x31,0x39,0x36,0x34,
    0x37,0x32,0x31,0x36,0x37,0x39,0x36,0x38,0x37,0x35,0x29,0x29,0x3b,0x0a,0x20,0x20,
    0x20,0x20,0x20,0x20,0x20,0x20,0x20,0x20,0x20,0x20,0x66,0x6c,0x6f,0x61,0x74,0x34,
    0x20,0x5f,0x31,0x32,0x35,0x20,0x3d,0x20,0x5f,0x39,0x33,0x3b,0x0a,0x20,0x20,0x20,
    0x20,0x20,0x20,0x20,0x20,0x20,0x20,0x20,0x20,0x5f,0x31,0x32,0x35,0x2e,0x78,0x20,
    0x3d,0x20,0x5f,0x31,0x30,0x37,0x2e,0x78,0x3b,0x0a,0x20,0x20,0x20,0x20,0x20,0x20,
    0x20,0x20,0x20,0x20,0x20,0x20,0x5f,0x31,0x32,0x35,0x2e,0x79,0x20,0x3d,0x20,0x5f,
    0x31,0x30,0x37,0x2e,0x79,0x3b,0x0a,0x20,0x20,0x20,0x20,0x20,0x20,0x20,0x20,0x20,
    0x20,0x20,0x20,0x5f,0x31,0x32,0x35,0x2e,0x7a,0x20,0x3d,0x20,0x5f,0x31,0x30,0x37,
    0x2e,0x7a,0x3b,0x0a,0x20,0x20,0x20,0x20,0x20,0x20,0x20,0x20,0x20,0x20,0x20,0x20,
    0x63,0x20,0x3d,0x20,0x5f,0x31,0x32,0x35,0x3b,0x0a,0x20,0x20,0x20,0x20,0x20,0x20,
    0x20,0x20,0x7d,0x0a,0x20,0x20,0x20,0x20,0x7d,0x0a,0x20,0x20,0x20,0x20,0x6f,0x75,
    0x74,0x2e,0x66,0x72,0x61,0x67,0x5f,0x63,0x6f,0x6c,0x6f,0x72,0x20,0x3d,0x20,0x63,
    0x3b,0x0a,0x20,0x20,0x20,0x20,0x72,0x65,0x74,0x75,0x72,0x6e,0x20,0x6f,0x75,0x74,
    0x3b,0x0a,0x7d,0x0a,0x0a,0x00,
};
static inline const sg_shader_desc* billboard_shader_desc(sg_backend backend) {
    if (backend == SG_BACKEND_GLCORE) {
        static sg_shader_desc desc;
        static bool valid;
        if (!valid) {
            valid = true;
            desc.vertex_func.source = (const char*)billboard_vs_source_glsl410;
            desc.vertex_func.entry = "main";
            desc.fragment_func.source = (const char*)billboard_fs_source_glsl410;
            desc.fragment_func.entry = "main";
            desc.attrs[0].base_type = SG_SHADERATTRBASETYPE_FLOAT;
            desc.attrs[0].glsl_name = "inst_pos";
            desc.attrs[1].base_type = SG_SHADERATTRBASETYPE_FLOAT;
            desc.attrs[1].glsl_name = "inst_params";
            desc.attrs[2].base_type = SG_SHADERATTRBASETYPE_FLOAT;
            desc.attrs[2].glsl_name = "inst_color";
            desc.attrs[3].base_type = SG_SHADERATTRBASETYPE_FLOAT;
            desc.attrs[3].glsl_name = "inst_uv";
            desc.uniform_blocks[0].stage = SG_SHADERSTAGE_VERTEX;
            desc.uniform_blocks[0].layout = SG_UNIFORMLAYOUT_STD140;
            desc.uniform_blocks[0].size = 112;
            desc.uniform_blocks[0].glsl_uniforms[0].type = SG_UNIFORMTYPE_FLOAT4;
            desc.uniform_blocks[0].glsl_uniforms[0].array_count = 7;
            desc.uniform_blocks[0].glsl_uniforms[0].glsl_name = "billboard_vs_params";
            desc.uniform_blocks[1].stage = SG_SHADERSTAGE_FRAGMENT;
            desc.uniform_blocks[1].layout = SG_UNIFORMLAYOUT_STD140;
            desc.uniform_blocks[1].size = 48;
            desc.uniform_blocks[1].glsl_uniforms[0].type = SG_UNIFORMTYPE_FLOAT4;
            desc.uniform_blocks[1].glsl_uniforms[0].array_count = 3;
            desc.uniform_blocks[1].glsl_uniforms[0].glsl_name = "billboard_fs_params";
            desc.views[0].texture.stage = SG_SHADERSTAGE_FRAGMENT;
            desc.views[0].texture.image_type = SG_IMAGETYPE_2D;
            desc.views[0].texture.sample_type = SG_IMAGESAMPLETYPE_FLOAT;
            desc.views[0].texture.multisampled = false;
            desc.samplers[0].stage = SG_SHADERSTAGE_FRAGMENT;
            desc.samplers[0].sampler_type = SG_SAMPLERTYPE_FILTERING;
            desc.texture_sampler_pairs[0].stage = SG_SHADERSTAGE_FRAGMENT;
            desc.texture_sampler_pairs[0].view_slot = 0;
            desc.texture_sampler_pairs[0].sampler_slot = 0;
            desc.texture_sampler_pairs[0].glsl_name = "sprite_tex_sprite_smp";
            desc.label = "billboard_shader";
        }
        return &desc;
    }
    if (backend == SG_BACKEND_GLES3) {
        static sg_shader_desc desc;
        static bool valid;
        if (!valid) {
            valid = true;
            desc.vertex_func.source = (const char*)billboard_vs_source_glsl300es;
            desc.vertex_func.entry = "main";
            desc.fragment_func.source = (const char*)billboard_fs_source_glsl300es;
            desc.fragment_func.entry = "main";
            desc.attrs[0].base_type = SG_SHADERATTRBASETYPE_FLOAT;
            desc.attrs[0].glsl_name = "inst_pos";
            desc.attrs[1].base_type = SG_SHADERATTRBASETYPE_FLOAT;
            desc.attrs[1].glsl_name = "inst_params";
            desc.attrs[2].base_type = SG_SHADERATTRBASETYPE_FLOAT;
            desc.attrs[2].glsl_name = "inst_color";
            desc.attrs[3].base_type = SG_SHADERATTRBASETYPE_FLOAT;
            desc.attrs[3].glsl_name = "inst_uv";
            desc.uniform_blocks[0].stage = SG_SHADERSTAGE_VERTEX;
            desc.uniform_blocks[0].layout = SG_UNIFORMLAYOUT_STD140;
            desc.uniform_blocks[0].size = 112;
            desc.uniform_blocks[0].glsl_uniforms[0].type = SG_UNIFORMTYPE_FLOAT4;
            desc.uniform_blocks[0].glsl_uniforms[0].array_count = 7;
            desc.uniform_blocks[0].glsl_uniforms[0].glsl_name = "billboard_vs_params";
            desc.uniform_blocks[1].stage = SG_SHADERSTAGE_FRAGMENT;
            desc.uniform_blocks[1].layout = SG_UNIFORMLAYOUT_STD140;
            desc.uniform_blocks[1].size = 48;
            desc.uniform_blocks[1].glsl_uniforms[0].type = SG_UNIFORMTYPE_FLOAT4;
            desc.uniform_blocks[1].glsl_uniforms[0].array_count = 3;
            desc.uniform_blocks[1].glsl_uniforms[0].glsl_name = "billboard_fs_params";
            desc.views[0].texture.stage = SG_SHADERSTAGE_FRAGMENT;
            desc.views[0].texture.image_type = SG_IMAGETYPE_2D;
            desc.views[0].texture.sample_type = SG_IMAGESAMPLETYPE_FLOAT;
            desc.views[0].texture.multisampled = false;
            desc.samplers[0].stage = SG_SHADERSTAGE_FRAGMENT;
            desc.samplers[0].sampler_type = SG_SAMPLERTYPE_FILTERING;
            desc.texture_sampler_pairs[0].stage = SG_SHADERSTAGE_FRAGMENT;
            desc.texture_sampler_pairs[0].view_slot = 0;
            desc.texture_sampler_pairs[0].sampler_slot = 0;
            desc.texture_sampler_pairs[0].glsl_name = "sprite_tex_sprite_smp";
            desc.label = "billboard_shader";
        }
        return &desc;
    }
    if (backend == SG_BACKEND_D3D11) {
        static sg_shader_desc desc;
        static bool valid;
        if (!valid) {
            valid = true;
            desc.vertex_func.source = (const char*)billboard_vs_source_hlsl5;
            desc.vertex_func.d3d11_target = "vs_5_0";
            desc.vertex_func.entry = "main";
            desc.fragment_func.source = (const char*)billboard_fs_source_hlsl5;
            desc.fragment_func.d3d11_target = "ps_5_0";
            desc.fragment_func.entry = "main";
            desc.attrs[0].base_type = SG_SHADERATTRBASETYPE_FLOAT;
            desc.attrs[0].hlsl_sem_name = "TEXCOORD";
            desc.attrs[0].hlsl_sem_index = 0;
            desc.attrs[1].base_type = SG_SHADERATTRBASETYPE_FLOAT;
            desc.attrs[1].hlsl_sem_name = "TEXCOORD";
            desc.attrs[1].hlsl_sem_index = 1;
            desc.attrs[2].base_type = SG_SHADERATTRBASETYPE_FLOAT;
            desc.attrs[2].hlsl_sem_name = "TEXCOORD";
            desc.attrs[2].hlsl_sem_index = 2;
            desc.attrs[3].base_type = SG_SHADERATTRBASETYPE_FLOAT;
            desc.attrs[3].hlsl_sem_name = "TEXCOORD";
            desc.attrs[3].hlsl_sem_index = 3;
            desc.uniform_blocks[0].stage = SG_SHADERSTAGE_VERTEX;
            desc.uniform_blocks[0].layout = SG_UNIFORMLAYOUT_STD140;
            desc.uniform_blocks[0].size = 112;
            desc.uniform_blocks[0].hlsl_register_b_n = 0;
            desc.uniform_blocks[1].stage = SG_SHADERSTAGE_FRAGMENT;
            desc.uniform_blocks[1].layout = SG_UNIFORMLAYOUT_STD140;
            desc.uniform_blocks[1].size = 48;
            desc.uniform_blocks[1].hlsl_register_b_n = 1;
            desc.views[0].texture.stage = SG_SHADERSTAGE_FRAGMENT;
            desc.views[0].texture.image_type = SG_IMAGETYPE_2D;
            desc.views[0].texture.sample_type = SG_IMAGESAMPLETYPE_FLOAT;
            desc.views[0].texture.multisampled = false;
            desc.views[0].texture.hlsl_register_t_n = 0;
            desc.samplers[0].stage = SG_SHADERSTAGE_FRAGMENT;
            desc.samplers[0].sampler_type = SG_SAMPLERTYPE_FILTERING;
            desc.samplers[0].hlsl_register_s_n = 0;
            desc.texture_sampler_pairs[0].stage = SG_SHADERSTAGE_FRAGMENT;
            desc.texture_sampler_pairs[0].view_slot = 0;
            desc.texture_sampler_pairs[0].sampler_slot = 0;
            desc.label = "billboard_shader";
        }
        return &desc;
    }
    if (backend == SG_BACKEND_METAL_MACOS) {
        static sg_shader_desc desc;
        static bool valid;
        if (!valid) {
            valid = true;
            desc.vertex_func.source = (const char*)billboard_vs_source_metal_macos;
            desc.vertex_func.entry = "main0";
            desc.fragment_func.source = (const char*)billboard_fs_source_metal_macos;
            desc.fragment_func.entry = "main0";
            desc.attrs[0].base_type = SG_SHADERATTRBASETYPE_FLOAT;
            desc.attrs[1].base_type = SG_SHADERATTRBASETYPE_FLOAT;
            desc.attrs[2].base_type = SG_SHADERATTRBASETYPE_FLOAT;
            desc.attrs[3].base_type = SG_SHADERATTRBASETYPE_FLOAT;
            desc.uniform_blocks[0].stage = SG_SHADERSTAGE_VERTEX;
            desc.uniform_blocks[0].layout = SG_UNIFORMLAYOUT_STD140;
            desc.uniform_blocks[0].size = 112;
            desc.uniform_blocks[0].msl_buffer_n = 0;
            desc.uniform_blocks[1].stage = SG_SHADERSTAGE_FRAGMENT;
            desc.uniform_blocks[1].layout = SG_UNIFORMLAYOUT_STD140;
            desc.uniform_blocks[1].size = 48;
            desc.uniform_blocks[1].msl_buffer_n = 1;
            desc.views[0].texture.stage = SG_SHADERSTAGE_FRAGMENT;
            desc.views[0].texture.image_type = SG_IMAGETYPE_2D;
            desc.views[0].texture.sample_type = SG_IMAGESAMPLETYPE_FLOAT;
            desc.views[0].texture.multisampled = false;
            desc.views[0].texture.msl_texture_n = 0;
            desc.samplers[0].stage = SG_SHADERSTAGE_FRAGMENT;
            desc.samplers[0].sampler_type = SG_SAMPLERTYPE_FILTERING;
            desc.samplers[0].msl_sampler_n = 0;
            desc.texture_sampler_pairs[0].stage = SG_SHADERSTAGE_FRAGMENT;
            desc.texture_sampler_pairs[0].view_slot = 0;
            desc.texture_sampler_pairs[0].sampler_slot = 0;
            desc.label = "billboard_shader";
        }
        return &desc;
    }
    if (backend == SG_BACKEND_METAL_IOS) {
        static sg_shader_desc desc;
        static bool valid;
        if (!valid) {
            valid = true;
            desc.vertex_func.source = (const char*)billboard_vs_source_metal_ios;
            desc.vertex_func.entry = "main0";
            desc.fragment_func.source = (const char*)billboard_fs_source_metal_ios;
            desc.fragment_func.entry = "main0";
            desc.attrs[0].base_type = SG_SHADERATTRBASETYPE_FLOAT;
            desc.attrs[1].base_type = SG_SHADERATTRBASETYPE_FLOAT;
            desc.attrs[2].base_type = SG_SHADERATTRBASETYPE_FLOAT;
            desc.attrs[3].base_type = SG_SHADERATTRBASETYPE_FLOAT;
            desc.uniform_blocks[0].stage = SG_SHADERSTAGE_VERTEX;
            desc.uniform_blocks[0].layout = SG_UNIFORMLAYOUT_STD140;
            desc.uniform_blocks[0].size = 112;
            desc.uniform_blocks[0].msl_buffer_n = 0;
            desc.uniform_blocks[1].stage = SG_SHADERSTAGE_FRAGMENT;
            desc.uniform_blocks[1].layout = SG_UNIFORMLAYOUT_STD140;
            desc.uniform_blocks[1].size = 48;
            desc.uniform_blocks[1].msl_buffer_n = 1;
            desc.views[0].texture.stage = SG_SHADERSTAGE_FRAGMENT;
            desc.views[0].texture.image_type = SG_IMAGETYPE_2D;
            desc.views[0].texture.sample_type = SG_IMAGESAMPLETYPE_FLOAT;
            desc.views[0].texture.multisampled = false;
            desc.views[0].texture.msl_texture_n = 0;
            desc.samplers[0].stage = SG_SHADERSTAGE_FRAGMENT;
            desc.samplers[0].sampler_type = SG_SAMPLERTYPE_FILTERING;
            desc.samplers[0].msl_sampler_n = 0;
            desc.texture_sampler_pairs[0].stage = SG_SHADERSTAGE_FRAGMENT;
            desc.texture_sampler_pairs[0].view_slot = 0;
            desc.texture_sampler_pairs[0].sampler_slot = 0;
            desc.label = "billboard_shader";
        }
        return &desc;
    }
    if (backend == SG_BACKEND_METAL_SIMULATOR) {
        static sg_shader_desc desc;
        static bool valid;
        if (!valid) {
            valid = true;
            desc.vertex_func.source = (const char*)billboard_vs_source_metal_sim;
            desc.vertex_func.entry = "main0";
            desc.fragment_func.source = (const char*)billboard_fs_source_metal_sim;
            desc.fragment_func.entry = "main0";
            desc.attrs[0].base_type = SG_SHADERATTRBASETYPE_FLOAT;
            desc.attrs[1].base_type = SG_SHADERATTRBASETYPE_FLOAT;
            desc.attrs[2].base_type = SG_SHADERATTRBASETYPE_FLOAT;
            desc.attrs[3].base_type = SG_SHADERATTRBASETYPE_FLOAT;
            desc.uniform_blocks[0].stage = SG_SHADERSTAGE_VERTEX;
            desc.uniform_blocks[0].layout = SG_UNIFORMLAYOUT_STD140;
            desc.uniform_blocks[0].size = 112;
            desc.uniform_blocks[0].msl_buffer_n = 0;
            desc.uniform_blocks[1].stage = SG_SHADERSTAGE_FRAGMENT;
            desc.uniform_blocks[1].layout = SG_UNIFORMLAYOUT_STD140;
            desc.uniform_blocks[1].size = 48;
            desc.uniform_blocks[1].msl_buffer_n = 1;
            desc.views[0].texture.stage = SG_SHADERSTAGE_FRAGMENT;
            desc.views[0].texture.image_type = SG_IMAGETYPE_2D;
            desc.views[0].texture.sample_type = SG_IMAGESAMPLETYPE_FLOAT;
            desc.views[0].texture.multisampled = false;
            desc.views[0].texture.msl_texture_n = 0;
            desc.samplers[0].stage = SG_SHADERSTAGE_FRAGMENT;
            desc.samplers[0].sampler_type = SG_SAMPLERTYPE_FILTERING;
            desc.samplers[0].msl_sampler_n = 0;
            desc.texture_sampler_pairs[0].stage = SG_SHADERSTAGE_FRAGMENT;
            desc.texture_sampler_pairs[0].view_slot = 0;
            desc.texture_sampler_pairs[0].sampler_slot = 0;
            desc.label = "billboard_shader";
        }
        return &desc;
    }
    return 0;
}
