#pragma once
/*
    #version:1# (machine generated, don't edit!)

    Generated by sokol-shdc (https://github.com/floooh/sokol-tools)

    Cmdline:
        sokol-shdc -i lit.glsl -o lit.glsl.h -l glsl410:glsl300es:hlsl5:metal_macos:metal_ios:metal_sim

    Overview:
    =========
    Shader program: 'lit':
        Get shader desc: lit_shader_desc(sg_query_backend());
        Vertex Shader: lit_vs
        Fragment Shader: lit_fs
        Attributes:
            ATTR_lit_position => 0
            ATTR_lit_normal => 1
            ATTR_lit_texcoord0 => 2
            ATTR_lit_color0 => 3
    Bindings:
        Uniform block 'lit_vs_params':
            C struct: lit_vs_params_t
            Bind slot: UB_lit_vs_params => 0
        Uniform block 'lit_material_params':
            C struct: lit_material_params_t
            Bind slot: UB_lit_material_params => 2
        Uniform block 'lit_scene_params':
            C struct: lit_scene_params_t
            Bind slot: UB_lit_scene_params => 1
        Texture 'base_tex':
            Image type: SG_IMAGETYPE_2D
            Sample type: SG_IMAGESAMPLETYPE_FLOAT
            Multisampled: false
            Bind slot: VIEW_base_tex => 0
        Sampler 'base_smp':
            Type: SG_SAMPLERTYPE_FILTERING
            Bind slot: SMP_base_smp => 0
*/
#if !defined(SOKOL_GFX_INCLUDED)
#error "Please include sokol_gfx.h before lit.glsl.h"
#endif
#if !defined(SOKOL_SHDC_ALIGN)
#if defined(_MSC_VER)
#define SOKOL_SHDC_ALIGN(a) __declspec(align(a))
#else
#define SOKOL_SHDC_ALIGN(a) __attribute__((aligned(a)))
#endif
#endif
#define ATTR_lit_position (0)
#define ATTR_lit_normal (1)
#define ATTR_lit_texcoord0 (2)
#define ATTR_lit_color0 (3)
#define UB_lit_vs_params (0)
#define UB_lit_material_params (2)
#define UB_lit_scene_params (1)
#define VIEW_base_tex (0)
#define SMP_base_smp (0)
#pragma pack(push,1)
SOKOL_SHDC_ALIGN(16) typedef struct lit_vs_params_t {
    thistle::three::mat4 model;
    thistle::three::mat4 view_proj;
    thistle::three::mat4 normal_matrix;
    thistle::three::vec4 uv_transform;
} lit_vs_params_t;
#pragma pack(pop)
#pragma pack(push,1)
SOKOL_SHDC_ALIGN(16) typedef struct lit_material_params_t {
    thistle::three::vec4 base_color;
    thistle::three::vec4 emissive;
    thistle::three::vec4 surface;
} lit_material_params_t;
#pragma pack(pop)
#pragma pack(push,1)
SOKOL_SHDC_ALIGN(16) typedef struct lit_scene_params_t {
    thistle::three::vec4 camera_pos;
    thistle::three::vec4 sun_dir;
    thistle::three::vec4 sun_color;
    thistle::three::vec4 sky_ambient;
    thistle::three::vec4 ground_ambient;
} lit_scene_params_t;
#pragma pack(pop)
/*
    #version 410

    uniform vec4 lit_vs_params[13];
    layout(location = 0) in vec3 position;
    layout(location = 0) out vec3 v_world_pos;
    layout(location = 1) out vec3 v_normal;
    layout(location = 1) in vec3 normal;
    layout(location = 2) out vec2 v_uv;
    layout(location = 2) in vec2 texcoord0;
    layout(location = 3) out vec4 v_color;
    layout(location = 3) in vec4 color0;

    void main()
    {
        vec4 _28 = mat4(lit_vs_params[0], lit_vs_params[1], lit_vs_params[2], lit_vs_params[3]) * vec4(position, 1.0);
        v_world_pos = _28.xyz;
        v_normal = (mat4(lit_vs_params[8], lit_vs_params[9], lit_vs_params[10], lit_vs_params[11]) * vec4(normal, 0.0)).xyz;
        v_uv = (texcoord0 * lit_vs_params[12].xy) + lit_vs_params[12].zw;
        v_color = color0;
        gl_Position = mat4(lit_vs_params[4], lit_vs_params[5], lit_vs_params[6], lit_vs_params[7]) * _28;
    }

*/
static const uint8_t lit_vs_source_glsl410[833] = {
    0x23,0x76,0x65,0x72,0x73,0x69,0x6f,0x6e,0x20,0x34,0x31,0x30,0x0a,0x0a,0x75,0x6e,
    0x69,0x66,0x6f,0x72,0x6d,0x20,0x76,0x65,0x63,0x34,0x20,0x6c,0x69,0x74,0x5f,0x76,
    0x73,0x5f,0x70,0x61,0x72,0x61,0x6d,0x73,0x5b,0x31,0x33,0x5d,0x3b,0x0a,0x6c,0x61,
    0x79,0x6f,0x75,0x74,0x28,0x6c,0x6f,0x63,0x61,0x74,0x69,0x6f,0x6e,0x20,0x3d,0x20,
    0x30,0x29,0x20,0x69,0x6e,0x20,0x76,0x65,0x63,0x33,0x20,0x70,0x6f,0x73,0x69,0x74,
    0x69,0x6f,0x6e,0x3b,0x0a,0x6c,0x61,0x79,0x6f,0x75,0x74,0x28,0x6c,0x6f,0x63,0x61,
    0x74,0x69,0x6f,0x6e,0x20,0x3d,0x20,0x30,0x29,0x20,0x6f,0x75,0x74,0x20,0x76,0x65,
    0x63,0x33,0x20,0x76,0x5f,0x77,0x6f,0x72,0x6c,0x64,0x5f,0x70,0x6f,0x73,0x3b,0x0a,
    0x6c,0x61,0x79,0x6f,0x75,0x74,0x28,0x6c,0x6f,0x63,0x61,0x74,0x69,0x6f,0x6e,0x20,
    0x3d,0x20,0x31,0x29,0x20,0x6f,0x75,0x74,0x20,0x76,0x65,0x63,0x33,0x20,0x76,0x5f,
    0x6e,0x6f,0x72,0x6d,0x61,0x6c,0x3b,0x0a,0x6c,0x61,0x79,0x6f,0x75,0x74,0x28,0x6c,
    0x6f,0x63,0x61,0x74,0x69,0x6f,0x6e,0x20,0x3d,0x20,0x31,0x29,0x20,0x69,0x6e,0x20,
    0x76,0x65,0x63,0x33,0x20,0x6e,0x6f,0x72,0x6d,0x61,0x6c,0x3b,0x0a,0x6c,0x61,0x79,
    0x6f,0x75,0x74,0x28,0x6c,0x6f,0x63,0x61,0x74,0x69,0x6f,0x6e,0x20,0x3d,0x20,0x32,
    0x29,0x20,0x6f,0x75,0x74,0x20,0x76,0x65,0x63,0x32,0x20,0x76,0x5f,0x75,0x76,0x3b,
    0x0a,0x6c,0x61,0x79,0x6f,0x75,0x74,0x28,0x6c,0x6f,0x63,0x61,0x74,0x69,0x6f,0x6e,
    0x20,0x3d,0x20,0x32,0x29,0x20,0x69,0x6e,0x20,0x76,0x65,0x63,0x32,0x20,0x74,0x65,
    0x78,0x63,0x6f,0x6f,0x72,0x64,0x30,0x3b,0x0a,0x6c,0x61,0x79,0x6f,0x75,0x74,0x28,
    0x6c,0x6f,0x63,0x61,0x74,0x69,0x6f,0x6e,0x20,0x3d,0x20,0x33,0x29,0x20,0x6f,0x75,
    0x74,0x20,0x76,0x65,0x63,0x34,0x20,0x76,0x5f,0x63,0x6f,0x6c,0x6f,0x72,0x3b,0x0a,
    0x6c,0x61,0x79,0x6f,0x75,0x74,0x28,0x6c,0x6f,0x63,0x61,0x74,0x69,0x6f,0x6e,0x20,
    0x3d,0x20,0x33,0x29,0x20,0x69,0x6e,0x20,0x76,0x65,0x63,0x34,0x20,0x63,0x6f,0x6c,
    0x6f,0x72,0x30,0x3b,0x0a,0x0a,0x76,0x6f,0x69,0x64,0x20,0x6d,0x61,0x69,0x6e,0x28,
    0x29,0x0a,0x7b,0x0a,0x20,0x20,0x20,0x20,0x76,0x65,0x63,0x34,0x20,0x5f,0x32,0x38,
    0x20,0x3d,0x20,0x6d,0x61,0x74,0x34,0x28,0x6c,0x69,0x74,0x5f,0x76,0x73,0x5f,0x70,
    0x61,0x72,0x61,0x6d,0x73,0x5b,0x30,0x5d,0x2c,0x20,0x6c,0x69,0x74,0x5f,0x76,0x73,
    0x5f,0x70,0x61,0x72,0x61,0x6d,0x73,0x5b,0x31,0x5d,0x2c,0x20,0x6c,0x69,0x74,0x5f,
    0x76,0x73,0x5f,0x70,0x61,0x72,0x61,0x6d,0x73,0x5b,0x32,0x5d,0x2c,0x20,0x6c,0x69,
    0x74,0x5f,0x76,0x73,0x5f,0x70,0x61,0x72,0x61,0x6d,0x73,0x5b,0x33,0x5d,0x29,0x20,
    0x2a,0x20,0x76,0x65,0x63,0x34,0x28,0x70,0x6f,0x73,0x69,0x74,0x69,0x6f,0x6e,0x2c,
    0x20,0x31,0x2e,0x30,0x29,0x3b,0x0a,0x20,0x20,0x20,0x20,0x76,0x5f,0x77,0x6f,0x72,
    0x6c,0x64,0x5f,0x70,0x6f,0x73,0x20,0x3d,0x20,0x5f,0x32,0x38,0x2e,0x78,0x79,0x7a,
    0x3b,0x0a,0x20,0x20,0x20,0x20,0x76,0x5f,0x6e,0x6f,0x72,0x6d,0x61,0x6c,0x20,0x3d,
    0x20,0x28,0x6d,0x61,0x74,0x34,0x28,0x6c,0x69,0x74,0x5f,0x76,0x73,0x5f,0x70,0x61,
    0x72,0x61,0x6d,0x73,0x5b,0x38,0x5d,0x2c,0x20,0x6c,0x69,0x74,0x5f,0x76,0x73,0x5f,
    0x70,0x61,0x72,0x61,0x6d,0x73,0x5b,0x39,0x5d,0x2c,0x20,0x6c,0x69,0x74,0x5f,0x76,
    0x73,0x5f,0x70,0x61,0x72,0x61,0x6d,0x73,0x5b,0x31,0x30,0x5d,0x2c,0x20,0x6c,0x69,
    0x74,0x5f,0x76,0x73,0x5f,0x70,0x61,0x72,0x61,0x6d,0x73,0x5b,0x31,0x31,0x5d,0x29,
    0x20,0x2a,0x20,0x76,0x65,0x63,0x34,0x28,0x6e,0x6f,0x72,0x6d,0x61,0x6c,0x2c,0x20,
    0x30,0x2e,0x30,0x29,0x29,0x2e,0x78,0x79,0x7a,0x3b,0x0a,0x20,0x20,0x20,0x20,0x76,
    0x5f,0x75,0x76,0x20,0x3d,0x20,0x28,0x74,0x65,0x78,0x63,0x6f,0x6f,0x72,0x64,0x30,
    0x20,0x2a,0x20,0x6c,0x69,0x74,0x5f,0x76,0x73,0x5f,0x70,0x61,0x72,0x61,0x6d,0x73,
    0x5b,0x31,0x32,0x5d,0x2e,0x78,0x79,0x29,0x20,0x2b,0x20,0x6c,0x69,0x74,0x5f,0x76,
    0x73,0x5f,0x70,0x61,0x72,0x61,0x6d,0x73,0x5b,0x31,0x32,0x5d,0x2e,0x7a,0x77,0x3b,
    0x0a,0x20,0x20,0x20,0x20,0x76,0x5f,0x63,0x6f,0x6c,0x6f,0x72,0x20,0x3d,0x20,0x63,
    0x6f,0x6c,0x6f,0x72,0x30,0x3b,0x0a,0x20,0x20,0x20,0x20,0x67,0x6c,0x5f,0x50,0x6f,
    0x73,0x69,0x74,0x69,0x6f,0x6e,0x20,0x3d,0x20,0x6d,0x61,0x74,0x34,0x28,0x6c,0x69,
    0x74,0x5f,0x76,0x73,0x5f,0x70,0x61,0x72,0x61,0x6d,0x73,0x5b,0x34,0x5d,0x2c,0x20,
    0x6c,0x69,0x74,0x5f,0x76,0x73,0x5f,0x70,0x61,0x72,0x61,0x6d,0x73,0x5b,0x35,0x5d,
    0x2c,0x20,0x6c,0x69,0x74,0x5f,0x76,0x73,0x5f,0x70,0x61,0x72,0x61,0x6d,0x73,0x5b,
    0x36,0x5d,0x2c,0x20,0x6c,0x69,0x74,0x5f,0x76,0x73,0x5f,0x70,0x61,0x72,0x61,0x6d,
    0x73,0x5b,0x37,0x5d,0x29,0x20,0x2a,0x20,0x5f,0x32,0x38,0x3b,0x0a,0x7d,0x0a,0x0a,
    0x00,
};
/*
    #version 410

    uniform vec4 lit_material_params[3];
    uniform vec4 lit_scene_params[5];
    uniform sampler2D base_tex_base_smp;

    layout(location = 2) in vec2 v_uv;
    layout(location = 3) in vec4 v_color;
    layout(location = 1) in vec3 v_normal;
    layout(location = 0) in vec3 v_world_pos;
    layout(location = 0) out vec4 frag_color;

    vec3 to_linear(vec3 c)
    {
        return pow(max(c, vec3(0.0)), vec3(2.2000000476837158203125));
    }

    vec3 to_srgb(vec3 c)
    {
        return pow(max(c, vec3(0.0)), vec3(0.4545454680919647216796875));
    }

    void main()
    {
        vec4 _49 = texture(base_tex_base_smp, v_uv);
        vec4 _64 = (lit_material_params[0] * v_color) * _49;
        float _69 = _64.w;
        if (_69 < lit_material_params[2].w)
        {
            discard;
        }
        vec3 param = _64.xyz;
        vec3 _83 = to_linear(param);
        vec3 color;
        if (lit_material_params[2].z > 0.5)
        {
            color = _83;
        }
        else
        {
            vec3 n = normalize(v_normal);
            if (!gl_FrontFacing)
            {
                n = -n;
            }
            vec3 _131 = -lit_scene_params[1].xyz;
            float _136 = max(dot(n, _131), 0.0);
            float _153;
            if (_136 > 0.0)
            {
                _153 = pow(max(dot(n, normalize(_131 + normalize(lit_scene_params[0].xyz - v_world_pos))), 0.0), lit_material_params[2].y) * lit_material_params[2].x;
            }
            else
            {
                _153 = 0.0;
            }
            color = (_83 * (mix(lit_scene_params[4].xyz, lit_scene_params[3].xyz, vec3((n.y * 0.5) + 0.5)) + (lit_scene_params[2].xyz * _136))) + (lit_scene_params[2].xyz * _153);
        }
        vec3 param_1 = lit_material_params[1].xyz;
        vec3 _189 = color;
        vec3 _190 = _189 + to_linear(param_1);
        color = _190;
        vec3 param_2 = _190;
        frag_color = vec4(to_srgb(param_2), _69);
    }

*/
static const uint8_t lit_fs_source_glsl410[1756] = {
    0x23,0x76,0x65,0x72,0x73,0x69,0x6f,0x6e,0x20,0x34,0x31,0x30,0x0a,0x0a,0x75,0x6e,
    0x69,0x66,0x6f,0x72,0x6d,0x20,0x76,0x65,0x63,0x34,0x20,0x6c,0x69,0x74,0x5f,0x6d,
    0x61,0x74,0x65,0x72,0x69,0x61,0x6c,0x5f,0x70,0x61,0x72,0x61,0x6d,0x73,0x5b,0x33,
    0x5d,0x3b,0x0a,0x75,0x6e,0x69,0x66,0x6f,0x72,0x6d,0x20,0x76,0x65,0x63,0x34,0x20,
    0x6c,0x69,0x74,0x5f,0x73,0x63,0x65,0x6e,0x65,0x5f,0x70,0x61,0x72,0x61,0x6d,0x73,
    0x5b,0x35,0x5d,0x3b,0x0a,0x75,0x6e,0x69,0x66,0x6f,0x72,0x6d,0x20,0x73,0x61,0x6d,
    0x70,0x6c,0x65,0x72,0x32,0x44,0x20,0x62,0x61,0x73,0x65,0x5f,0x74,0x65,0x78,0x5f,
    0x62,0x61,0x73,0x65,0x5f,0x73,0x6d,0x70,0x3b,0x0a,0x0a,0x6c,0x61,0x79,0x6f,0x75,
    0x74,0x28,0x6c,0x6f,0x63,0x61,0x74,0x69,0x6f,0x6e,0x20,0x3d,0x20,0x32,0x29,0x20,
    0x69,0x6e,0x20,0x76,0x65,0x63,0x32,0x20,0x76,0x5f,0x75,0x76,0x3b,0x0a,0x6c,0x61,
    0x79,0x6f,0x75,0x74,0x28,0x6c,0x6f,0x63,0x61,0x74,0x69,0x6f,0x6e,0x20,0x3d,0x20,
    0x33,0x29,0x20,0x69,0x6e,0x20,0x76,0x65,0x63,0x34,0x20,0x76,0x5f,0x63,0x6f,0x6c,
    0x6f,0x72,0x3b,0x0a,0x6c,0x61,0x79,0x6f,0x75,0x74,0x28,0x6c,0x6f,0x63,0x61,0x74,
    0x69,0x6f,0x6e,0x20,0x3d,0x20,0x31,0x29,0x20,0x69,0x6e,0x20,0x76,0x65,0x63,0x33,
    0x20,0x76,0x5f,0x6e,0x6f,0x72,0x6d,0x61,0x6c,0x3b,0x0a,0x6c,0x61,0x79,0x6f,0x75,
    0x74,0x28,0x6c,0x6f,0x63,0x61,0x74,0x69,0x6f,0x6e,0x20,0x3d,0x20,0x30,0x29,0x20,
    0x69,0x6e,0x20,0x76,0x65,0x63,0x33,0x20,0x76,0x5f,0x77,0x6f,0x72,0x6c,0x64,0x5f,
    0x70,0x6f,0x73,0x3b,0x0a,0x6c,0x61,0x79,0x6f,0x75,0x74,0x28,0x6c,0x6f,0x63,0x61,
    0x74,0x69,0x6f,0x6e,0x20,0x3d,0x20,0x30,0x29,0x20,0x6f,0x75,0x74,0x20,0x76,0x65,
    0x63,0x34,0x20,0x66,0x72,0x61,0x67,0x5f,0x63,0x6f,0x6c,0x6f,0x72,0x3b,0x0a,0x0a,
    0x76,0x65,0x63,0x33,0x20,0x74,0x6f,0x5f,0x6c,0x69,0x6e,0x65,0x61,0x72,0x28,0x76,
    0x65,0x63,0x33,0x20,0x63,0x29,0x0a,0x7b,0x0a,0x20,0x20,0x20,0x20,0x72,0x65,0x74,
    0x75,0x72,0x6e,0x20,0x70,0x6f,0x77,0x28,0x6d,0x61,0x78,0x28,0x63,0x2c,0x20,0x76,
    0x65,0x63,0x33,0x28,0x30,0x2e,0x30,0x29,0x29,0x2c,0x20,0x76,0x65,0x63,0x33,0x28,
    0x32,0x2e,0x32,0x30,0x30,0x30,0x30,0x30,0x30,0x34,0x37,0x36,0x38,0x33,0x37,0x31,
    0x35,0x38,0x32,0x30,0x33,0x31,0x32,0x35,0x29,0x29,0x3b,0x0a,0x7d,0x0a,0x0a,0x76,
    0x65,0x63,0x33,0x20,0x74,0x6f,0x5f,0x73,0x72,0x67,0x62,0x28,0x76,0x65,0x63,0x33,
    0x20,0x63,0x29,0x0a,0x7b,0x0a,0x20,0x20,0x20,0x20,0x72,0x65,0x74,0x75,0x72,0x6e,
    0x20,0x70,0x6f,0x77,0x28,0x6d,0x61,0x78,0x28,0x63,0x2c,0x20,0x76,0x65,0x63,0x33,
    0x28,0x30,0x2e,0x30,0x29,0x29,0x2c,0x20,0x76,0x65,0x63,0x33,0x28,0x30,0x2e,0x34,
    0x35,0x34,0x35,0x34,0x35,0x34,0x36,0x38,0x30,0x39,0x31,0x39,0x36,0x34,0x37,0x32,
    0x31,0x36,0x37,0x39,0x36,0x38,0x37,0x35,0x29,0x29,0x3b,0x0a,0x7d,0x0a,0x0a,0x76,
    0x6f,0x69,0x64,0x20,0x6d,0x61,0x69,0x6e,0x28,0x29,0x0a,0x7b,0x0a,0x20,0x20,0x20,
    0x20,0x76,0x65,0x63,0x34,0x20,0x5f,0x34,0x39,0x20,0x3d,0x20,0x74,0x65,0x78,0x74,
    0x75,0x72,0x65,0x28,0x62,0x61,0x73,0x65,0x5f,0x74,0x65,0x78,0x5f,0x62,0x61,0x73,
    0x65,0x5f,0x73,0x6d,0x70,0x2c,0x20,0x76,0x5f,0x75,0x76,0x29,0x3b,0x0a,0x20,0x20,
    0x20,0x20,0x76,0x65,0x63,0x34,0x20,0x5f,0x36,0x34,0x20,0x3d,0x20,0x28,0x6c,0x69,
    0x74,0x5f,0x6d,0x61,0x74,0x65,0x72,0x69,0x61,0x6c,0x5f,0x70,0x61,0x72,0x61,0x6d,
    0x73,0x5b,0x30,0x5d,0x20,0x2a,0x20,0x76,0x5f,0x63,0x6f,0x6c,0x6f,0x72,0x29,0x20,
    0x2a,0x20,0x5f,0x34,0x39,0x3b,0x0a,0x20,0x20,0x20,0x20,0x66,0x6c,0x6f,0x61,0x74,
    0x20,0x5f,0x36,0x39,0x20,0x3d,0x20,0x5f,0x36,0x34,0x2e,0x77,0x3b,0x0a,0x20,0x20,
    0x20,0x20,0x69,0x66,0x20,0x28,0x5f,0x36,0x39,0x20,0x3c,0x20,0x6c,0x69,0x74,0x5f,
    0x6d,0x61,0x74,0x65,0x72,0x69,0x61,0x6c,0x5f,0x70,0x61,0x72,0x61,0x6d,0x73,0x5b,
    0x32,0x5d,0x2e,0x77,0x29,0x0a,0x20,0x20,0x20,0x20,0x7b,0x0a,0x20,0x20,0x20,0x20,
    0x20,0x20,0x20,0x20,0x64,0x69,0x73,0x63,0x61,0x72,0x64,0x3b,0x0a,0x20,0x20,0x20,
    0x20,0x7d,0x0a,0x20,0x20,0x20,0x20,0x76,0x65,0x63,0x33,0x20,0x70,0x61,0x72,0x61,
    0x6d,0x20,0x3d,0x20,0x5f,0x36,0x34,0x2e,0x78,0x79,0x7a,0x3b,0x0a,0x20,0x20,0x20,
    0x20,0x76,0x65,0x63,0x33,0x20,0x5f,0x38,0x33,0x20,0x3d,0x20,0x74,0x6f,0x5f,0x6c,
    0x69,0x6e,0x65,0x61,0x72,0x28,0x70,0x61,0x72,0x61,0x6d,0x29,0x3b,0x0a,0x20,0x20,
    0x20,0x20,0x76,0x65,0x63,0x33,0x20,0x63,0x6f,0x6c,0x6f,0x72,0x3b,0x0a,0x20,0x20,
    0x20,0x20,0x69,0x66,0x20,0x28,0x6c,0x69,0x74,0x5f,0x6d,0x61,0x74,0x65,0x72,0x69,
    0x61,0x6c,0x5f,0x70,0x61,0x72,0x61,0x6d,0x73,0x5b,0x32,0x5d,0x2e,0x7a,0x20,0x3e,
    0x20,0x30,0x2e,0x35,0x29,0x0a,0x20,0x20,0x20,0x20,0x7b,0x0a,0x20,0x20,0x20,0x20,
    0x20,0x20,0x20,0x20,0x63,0x6f,0x6c,0x6f,0x72,0x20,0x3d,0x20,0x5f,0x38,0x33,0x3b,
    0x0a,0x20,0x20,0x20,0x20,0x7d,0x0a,0x20,0x20,0x20,0x20,0x65,0x6c,0x73,0x65,0x0a,
    0x20,0x20,0x20,0x20,0x7b,0x0a,0x20,0x20,0x20,0x20,0x20,0x20,0x20,0x20,0x76,0x65,
    0x63,0x33,0x20,0x6e,0x20,0x3d,0x20,0x6e,0x6f,0x72,0x6d,0x61,0x6c,0x69,0x7a,0x65,
    0x28,0x76,0x5f,0x6e,0x6f,0x72,0x6d,0x61,0x6c,0x29,0x3b,0x0a,0x20,0x20,0x20,0x20,
    0x20,0x20,0x20,0x20,0x69,0x66,0x20,0x28,0x21,0x67,0x6c,0x5f,0x46,0x72,0x6f,0x6e,
    0x74,0x46,0x61,0x63,0x69,0x6e,0x67,0x29,0x0a,0x20,0x20,0x20,0x20,0x20,0x20,0x20,
    0x20,0x7b,0x0a,0x20,0x20,0x20,0x20,0x20,0x20,0x20,0x20,0x20,0x20,0x20,0x20,0x6e,
    0x20,0x3d,0x20,0x2d,0x6e,0x3b,0x0a,0x20,0x20,0x20,0x20,0x20,0x20,0x20,0x20,0x7d,
    0x0a,0x20,0x20,0x20,0x20,0x20,0x20,0x20,0x20,0x76,0x65,0x63,0x33,0x20,0x5f,0x31,
    0x33,0x31,0x20,0x3d,0x20,0x2d,0x6c,0x69,0x74,0x5f,0x73,0x63,0x65,0x6e,0x65,0x5f,
    0x70,0x61,0x72,0x61,0x6d,0x73,0x5b,0x31,0x5d,0x2e,0x78,0x79,0x7a,0x3b,0x0a,0x20,
    0x20,0x20,0x20,0x20,0x20,0x20,0x20,0x66,0x6c,0x6f,0x61,0x74,0x20,0x5f,0x31,0x33,
    0x36,0x20,0x3d,0x20,0x6d,0x61,0x78,0x28,0x64,0x6f,0x74,0x28,0x6e,0x2c,0x20,0x5f,
    0x31,0x33,0x31,0x29,0x2c,0x20,0x30,0x2e,0x30,0x29,0x3b,0x0a,0x20,0x20,0x20,0x20,
    0x20,0x20,0x20,0x20,0x66,0x6c,0x6f,0x61,0x74,0x20,0x5f,0x31,0x35,0x33,0x3b,0x0a,
    0x20,0x20,0x20,0x20,0x20,0x20,0x20,0x20,0x69,0x66,0x20,0x28,0x5f,0x31,0x33,0x36,
    0x20,0x3e,0x20,0x30,0x2e,0x30,0x29,0x0a,0x20,0x20,0x20,0x20,0x20,0x20,0x20,0x20,
    0x7b,0x0a,0x20,0x20,0x20,0x20,0x20,0x20,0x20,0x20,0x20,0x20,0x20,0x20,0x5f,0x31,
    0x35,0x33,0x20,0x3d,0x20,0x70,0x6f,0x77,0x28,0x6d,0x61,0x78,0x28,0x64,0x6f,0x74,
    0x28,0x6e,0x2c,0x20,0x6e,0x6f,0x72,0x6d,0x61,0x6c,0x69,0x7a,0x65,0x28,0x5f,0x31,
    0x33,0x31,0x20,0x2b,0x20,0x6e,0x6f,0x72,0x6d,0x61,0x6c,0x69,0x7a,0x65,0x28,0x6c,
    0x69,0x74,0x5f,0x73,0x63,0x65,0x6e,0x65,0x5f,0x70,0x61,0x72,0x61,0x6d,0x73,0x5b,
    0x30,0x5d,0x2e,0x78,0x79,0x7a,0x20,0x2d,0x20,0x76,0x5f,0x77,0x6f,0x72,0x6c,0x64,
    0x5f,0x70,0x6f,0x73,0x29,0x29,0x29,0x2c,0x20,0x30,0x2e,0x30,0x29,0x2c,0x20,0x6c,
    0x69,0x74,0x5f,0x6d,0x61,0x74,0x65,0x72,0x69,0x61,0x6c,0x5f,0x70,0x61,0x72,0x61,
    0x6d,0x73,0x5b,0x32,0x5d,0x2e,0x79,0x29,0x20,0x2a,0x20,0x6c,0x69,0x74,0x5f,0x6d,
    0x61,0x74,0x65,0x72,0x69,0x61,0x6c,0x5f,0x70,0x61,0x72,0x61,0x6d,0x73,0x5b,0x32,
    0x5d,0x2e,0x78,0x3b,0x0a,0x20,0x20,0x20,0x20,0x20,0x20,0x20,0x20,0x7d,0x0a,0x20,
    0x20,0x20,0x20,0x20,0x20,0x20,0x20,0x65,0x6c,0x73,0x65,0x0a,0x20,0x20,0x20,0x20,
    0x20,0x20,0x20,0x20,0x7b,0x0a,0x20,0x20,0x20,0x20,0x20,0x20,0x20,0x20,0x20,0x20,
    0x20,0x20,0x5f,0x31,0x35,0x33,0x20,0x3d,0x20,0x30,0x2e,0x30,0x3b,0x0a,0x20,0x20,
    0x20,0x20,0x20,0x20,0x20,0x20,0x7d,0x0a,0x20,0x20,0x20,0x20,0x20,0x20,0x20,0x20,
    0x63,0x6f,0x6c,0x6f,0x72,0x20,0x3d,0x20,0x28,0x5f,0x38,0x33,0x20,0x2a,0x20,0x28,
    0x6d,0x69,0x78,0x28,0x6c,0x69,0x74,0x5f,0x73,0x63,0x65,0x6e,0x65,0x5f,0x70,0x61,
    0x72,0x61,0x6d,0x73,0x5b,0x34,0x5d,0x2e,0x78,0x79,0x7a,0x2c,0x20,0x6c,0x69,0x74,
    0x5f,0x73,0x63,0x65,0x6e,0x65,0x5f,0x70,0x61,0x72,0x61,0x6d,0x73,0x5b,0x33,0x5d,
    0x2e,0x78,0x79,0x7a,0x2c,0x20,0x76,0x65,0x63,0x33,0x28,0x28,0x6e,0x2e,0x79,0x20,
    0x2a,0x20,0x30,0x2e,0x35,0x29,0x20,0x2b,0x20,0x30,0x2e,0x35,0x29,0x29,0x20,0x2b,
    0x20,0x28,0x6c,0x69,0x74,0x5f,0x73,0x63,0x65,0x6e,0x65,0x5f,0x70,0x61,0x72,0x61,
    0x6d,0x73,0x5b,0x32,0x5d,0x2e,0x78,0x79,0x7a,0x20,0x2a,0x20,0x5f,0x31,0x33,0x36,
    0x29,0x29,0x29,0x20,0x2b,0x20,0x28,0x6c,0x69,0x74,0x5f,0x73,0x63,0x65,0x6e,0x65,
    0x5f,0x70,0x61,0x72,0x61,0x6d,0x73,0x5b,0x32,0x5d,0x2e,0x78,0x79,0x7a,0x20,0x2a,
    0x20,0x5f,0x31,0x35,0x33,0x29,0x3b,0x0a,0x20,0x20,0x20,0x20,0x7d,0x0a,0x20,0x20,
    0x20,0x20,0x76,0x65,0x63,0x33,0x20,0x70,0x61,0x72,0x61,0x6d,0x5f,0x31,0x20,0x3d,
    0x20,0x6c,0x69,0x74,0x5f,0x6d,0x61,0x74,0x65,0x72,0x69,0x61,0x6c,0x5f,0x70,0x61,
    0x72,0x61,0x6d,0x73,0x5b,0x31,0x5d,0x2e,0x78,0x79,0x7a,0x3b,0x0a,0x20,0x20,0x20,
    0x20,0x76,0x65,0x63,0x33,0x20,0x5f,0x31,0x38,0x39,0x20,0x3d,0x20,0x63,0x6f,0x6c,
    0x6f,0x72,0x3b,0x0a,0x20,0x20,0x20,0x20,0x76,0x65,0x63,0x33,0x20,0x5f,0x31,0x39,
    0x30,0x20,0x3d,0x20,0x5f,0x31,0x38,0x39,0x20,0x2b,0x20,0x74,0x6f,0x5f,0x6c,0x69,
    0x6e,0x65,0x61,0x72,0x28,0x70,0x61,0x72,0x61,0x6d,0x5f,0x31,0x29,0x3b,0x0a,0x20,
    0x20,0x20,0x20,0x63,0x6f,0x6c,0x6f,0x72,0x20,0x3d,0x20,0x5f,0x31,0x39,0x30,0x3b,
    0x0a,0x20,0x20,0x20,0x20,0x76,0x65,0x63,0x33,0x20,0x70,0x61,0x72,0x61,0x6d,0x5f,
    0x32,0x20,0x3d,0x20,0x5f,0x31,0x39,0x30,0x3b,0x0a,0x20,0x20,0x20,0x20,0x66,0x72,
    0x61,0x67,0x5f,0x63,0x6f,0x6c,0x6f,0x72,0x20,0x3d,0x20,0x76,0x65,0x63,0x34,0x28,
    0x74,0x6f,0x5f,0x73,0x72,0x67,0x62,0x28,0x70,0x61,0x72,0x61,0x6d,0x5f,0x32,0x29,
    0x2c,0x20,0x5f,0x36,0x39,0x29,0x3b,0x0a,0x7d,0x0a,0x0a,0x00,
};
/*
    #version 300 es

    uniform vec4 lit_vs_params[13];
    layout(location = 0) in vec3 position;
    out vec3 v_world_pos;
    out vec3 v_normal;
    layout(location = 1) in vec3 normal;
    out vec2 v_uv;
    layout(location = 2) in vec2 texcoord0;
    out vec4 v_color;
    layout(location = 3) in vec4 color0;

    void main()
    {
        vec4 _28 = mat4(lit_vs_params[0], lit_vs_params[1], lit_vs_params[2], lit_vs_params[3]) * vec4(position, 1.0);
        v_world_pos = _28.xyz;
        v_normal = (mat4(lit_vs_params[8], lit_vs_params[9], lit_vs_params[10], lit_vs_params[11]) * vec4(normal, 0.0)).xyz;
        v_uv = (texcoord0 * lit_vs_params[12].xy) + lit_vs_params[12].zw;
        v_color = color0;
        gl_Position = mat4(lit_vs_params[4], lit_vs_params[5], lit_vs_params[6], lit_vs_params[7]) * _28;
    }

*/
static const uint8_t lit_vs_source_glsl300es[752] = {
    0x23,0x76,0x65,0x72,0x73,0x69,0x6f,0x6e,0x20,0x33,0x30,0x30,0x20,0x65,0x73,0x0a,
    0x0a,0x75,0x6e,0x69,0x66,0x6f,0x72,0x6d,0x20,0x76,0x65,0x63,0x34,0x20,0x6c,0x69,
    0x74,0x5f,0x76,0x73,0x5f,0x70,0x61,0x72,0x61,0x6d,0x73,0x5b,0x31,0x33,0x5d,0x3b,
    0x0a,0x6c,0x61,0x79,0x6f,0x75,0x74,0x28,0x6c,0x6f,0x63,0x61,0x74,0x69,0x6f,0x6e,
    0x20,0x3d,0x20,0x30,0x29,0x20,0x69,0x6e,0x20,0x76,0x65,0x63,0x33,0x20,0x70,0x6f,
    0x73,0x69,0x74,0x69,0x6f,0x6e,0x3b,0x0a,0x6f,0x75,0x74,0x20,0x76,0x65,0x63,0x33,
    0x20,0x76,0x5f,0x77,0x6f,0x72,0x6c,0x64,0x5f,0x70,0x6f,0x73,0x3b,0x0a,0x6f,0x75,
    0x74,0x20,0x76,0x65,0x63,0x33,0x20,0x76,0x5f,0x6e,0x6f,0x72,0x6d,0x61,0x6c,0x3b,
    0x0a,0x6c,0x61,0x79,0x6f,0x75,0x74,0x28,0x6c,0x6f,0x63,0x61,0x74,0x69,0x6f,0x6e,
    0x20,0x3d,0x20,0x31,0x29,0x20,0x69,0x6e,0x20,0x76,0x65,0x63,0x33,0x20,0x6e,0x6f,
    0x72,0x6d,0x61,0x6c,0x3b,0x0a,0x6f,0x75,0x74,0x20,0x76,0x65,0x63,0x32,0x20,0x76,
    0x5f,0x75,0x76,0x3b,0x0a,0x6c,0x61,0x79,0x6f,0x75,0x74,0x28,0x6c,0x6f,0x63,0x61,
    0x74,0x69,0x6f,0x6e,0x20,0x3d,0x20,0x32,0x29,0x20,0x69,0x6e,0x20,0x76,0x65,0x63,
    0x32,0x20,0x74,0x65,0x78,0x63,0x6f,0x6f,0x72,0x64,0x30,0x3b,0x0a,0x6f,0x75,0x74,
    0x20,0x76,0x65,0x63,0x34,0x20,0x76,0x5f,0x63,0x6f,0x6c,0x6f,0x72,0x3b,0x0a,0x6c,
    0x61,0x79,0x6f,0x75,0x74,0x28,0x6c,0x6f,0x63,0x61,0x74,0x69,0x6f,0x6e,0x20,0x3d,
    0x20,0x33,0x29,0x20,0x69,0x6e,0x20,0x76,0x65,0x63,0x34,0x20,0x63,0x6f,0x6c,0x6f,
    0x72,0x30,0x3b,0x0a,0x0a,0x76,0x6f,0x69,0x64,0x20,0x6d,0x61,0x69,0x6e,0x28,0x29,
    0x0a,0x7b,0x0a,0x20,0x20,0x20,0x20,0x76,0x65,0x63,0x34,0x20,0x5f,0x32,0x38,0x20,
    0x3d,0x20,0x6d,0x61,0x74,0x34,0x28,0x6c,0x69,0x74,0x5f,0x76,0x73,0x5f,0x70,0x61,
    0x72,0x61,0x6d,0x73,0x5b,0x30,0x5d,0x2c,0x20,0x6c,0x69,0x74,0x5f,0x76,0x73,0x5f,
    0x70,0x61,0x72,0x61,0x6d,0x73,0x5b,0x31,0x5d,0x2c,0x20,0x6c,0x69,0x74,0x5f,0x76,
    0x73,0x5f,0x70,0x61,0x72,0x61,0x6d,0x73,0x5b,0x32,0x5d,0x2c,0x20,0x6c,0x69,0x74,
    0x5f,0x76,0x73,0x5f,0x70,0x61,0x72,0x61,0x6d,0x73,0x5b,0x33,0x5d,0x29,0x20,0x2a,
    0x20,0x76,0x65,0x63,0x34,0x28,0x70,0x6f,0x73,0x69,0x74,0x69,0x6f,0x6e,0x2c,0x20,
    0x31,0x2e,0x30,0x29,0x3b,0x0a,0x20,0x20,0x20,0x20,0x76,0x5f,0x77,0x6f,0x72,0x6c,
    0x64,0x5f,0x70,0x6f,0x73,0x20,0x3d,0x20,0x5f,0x32,0x38,0x2e,0x78,0x79,0x7a,0x3b,
    0x0a,0x20,0x20,0x20,0x20,0x76,0x5f,0x6e,0x6f,0x72,0x6d,0x61,0x6c,0x20,0x3d,0x20,
    0x28,0x6d,0x61,0x74,0x34,0x28,0x6c,0x69,0x74,0x5f,0x76,0x73,0x5f,0x70,0x61,0x72,
    0x61,0x6d,0x73,0x5b,0x38,0x5d,0x2c,0x20,0x6c,0x69,0x74,0x5f,0x76,0x73,0x5f,0x70,
    0x61,0x72,0x61,0x6d,0x73,0x5b,0x39,0x5d,0x2c,0x20,0x6c,0x69,0x74,0x5f,0x76,0x73,
    0x5f,0x70,0x61,0x72,0x61,0x6d,0x73,0x5b,0x31,0x30,0x5d,0x2c,0x20,0x6c,0x69,0x74,
    0x5f,0x76,0x73,0x5f,0x70,0x61,0x72,0x61,0x6d,0x73,0x5b,0x31,0x31,0x5d,0x29,0x20,
    0x2a,0x20,0x76,0x65,0x63,0x34,0x28,0x6e,0x6f,0x72,0x6d,0x61,0x6c,0x2c,0x20,0x30,
    0x2e,0x30,0x29,0x29,0x2e,0x78,0x79,0x7a,0x3b,0x0a,0x20,0x20,0x20,0x20,0x76,0x5f,
    0x75,0x76,0x20,0x3d,0x20,0x28,0x74,0x65,0x78,0x63,0x6f,0x6f,0x72,0x64,0x30,0x20,
    0x2a,0x20,0x6c,0x69,0x74,0x5f,0x76,0x73,0x5f,0x70,0x61,0x72,0x61,0x6d,0x73,0x5b,
    0x31,0x32,0x5d,0x2e,0x78,0x79,0x29,0x20,0x2b,0x20,0x6c,0x69,0x74,0x5f,0x76,0x73,
    0x5f,0x70,0x61,0x72,0x61,0x6d,0x73,0x5b,0x31,0x32,0x5d,0x2e,0x7a,0x77,0x3b,0x0a,
    0x20,0x20,0x20,0x20,0x76,0x5f,0x63,0x6f,0x6c,0x6f,0x72,0x20,0x3d,0x20,0x63,0x6f,
    0x6c,0x6f,0x72,0x30,0x3b,0x0a,0x20,0x20,0x20,0x20,0x67,0x6c,0x5f,0x50,0x6f,0x73,
    0x69,0x74,0x69,0x6f,0x6e,0x20,0x3d,0x20,0x6d,0x61,0x74,0x34,0x28,0x6c,0x69,0x74,
    0x5f,0x76,0x73,0x5f,0x70,0x61,0x72,0x61,0x6d,0x73,0x5b,0x34,0x5d,0x2c,0x20,0x6c,
    0x69,0x74,0x5f,0x76,0x73,0x5f,0x70,0x61,0x72,0x61,0x6d,0x73,0x5b,0x35,0x5d,0x2c,
    0x20,0x6c,0x69,0x74,0x5f,0x76,0x73,0x5f,0x70,0x61,0x72,0x61,0x6d,0x73,0x5b,0x36,
    0x5d,0x2c,0x20,0x6c,0x69,0x74,0x5f,0x76,0x73,0x5f,0x70,0x61,0x72,0x61,0x6d,0x73,
    0x5b,0x37,0x5d,0x29,0x20,0x2a,0x20,0x5f,0x32,0x38,0x3b,0x0a,0x7d,0x0a,0x0a,0x00,

};
/*
    #version 300 es
    precision mediump float;
    precision highp int;

    uniform highp vec4 lit_material_params[3];
    uniform highp vec4 lit_scene_params[5];
    uniform highp sampler2D base_tex_base_smp;

    in highp vec2 v_uv;
    in highp vec4 v_color;
    in highp vec3 v_normal;
    in highp vec3 v_world_pos;
    layout(location = 0) out highp vec4 frag_color;

    highp vec3 to_linear(highp vec3 c)
    {
        return pow(max(c, vec3(0.0)), vec3(2.2000000476837158203125));
    }

    highp vec3 to_srgb(highp vec3 c)
    {
        return pow(max(c, vec3(0.0)), vec3(0.4545454680919647216796875));
    }

    void main()
    {
        highp vec4 _49 = texture(base_tex_base_smp, v_uv);
        highp vec4 _64 = (lit_material_params[0] * v_color) * _49;
        highp float _69 = _64.w;
        if (_69 < lit_material_params[2].w)
        {
            discard;
        }
        highp vec3 param = _64.xyz;
        highp vec3 _83 = to_linear(param);
        highp vec3 color;
        if (lit_material_params[2].z > 0.5)
        {
            color = _83;
        }
        else
        {
            highp vec3 n = normalize(v_normal);
            if (!gl_FrontFacing)
            {
                n = -n;
            }
            highp vec3 _131 = -lit_scene_params[1].xyz;
            highp float _136 = max(dot(n, _131), 0.0);
            highp float _153;
            if (_136 > 0.0)
            {
                _153 = pow(max(dot(n, normalize(_131 + normalize(lit_scene_params[0].xyz - v_world_pos))), 0.0), lit_material_params[2].y) * lit_material_params[2].x;
            }
            else
            {
                _153 = 0.0;
            }
            color = (_83 * (mix(lit_scene_params[4].xyz, lit_scene_params[3].xyz, vec3((n.y * 0.5) + 0.5)) + (lit_scene_params[2].xyz * _136))) + (lit_scene_params[2].xyz * _153);
        }
        highp vec3 param_1 = lit_material_params[1].xyz;
        highp vec3 _189 = color;
        highp vec3 _190 = _189 + to_linear(param_1);
        color = _190;
        highp vec3 param_2 = _190;
        frag_color = vec4(to_srgb(param_2), _69);
    }

*/
static const uint8_t lit_fs_source_glsl300es[1877] = {
    0x23,0x76,0x65,0x72,0x73,0x69,0x6f,0x6e,0x20,0x33,0x30,0x30,0x20,0x65,0x73,0x0a,
    0x70,0x72,0x65,0x63,0x69,0x73,0x69,0x6f,0x6e,0x20,0x6d,0x65,0x64,0x69,0x75,0x6d,
    0x70,0x20,0x66,0x6c,0x6f,0x61,0x74,0x3b,0x0a,0x70,0x72,0x65,0x63,0x69,0x73,0x69,
    0x6f,0x6e,0x20,0x68,0x69,0x67,0x68,0x70,0x20,0x69,0x6e,0x74,0x3b,0x0a,0x0a,0x75,
    0x6e,0x69,0x66,0x6f,0x72,0x6d,0x20,0x68,0x69,0x67,0x68,0x70,0x20,0x76,0x65,0x63,
    0x34,0x20,0x6c,0x69,0x74,0x5f,0x6d,0x61,0x74,0x65,0x72,0x69,0x61,0x6c,0x5f,0x70,
    0x61,0x72,0x61,0x6d,0x73,0x5b,0x33,0x5d,0x3b,0x0a,0x75,0x6e,0x69,0x66,0x6f,0x72,
    0x6d,0x20,0x68,0x69,0x67,0x68,0x70,0x20,0x76,0x65,0x63,0x34,0x20,0x6c,0x69,0x74,
    0x5f,0x73,0x63,0x65,0x6e,0x65,0x5f,0x70,0x61,0x72,0x61,0x6d,0x73,0x5b,0x35,0x5d,
    0x3b,0x0a,0x75,0x6e,0x69,0x66,0x6f,0x72,0x6d,0x20,0x68,0x69,0x67,0x68,0x70,0x20,
    0x73,0x61,0x6d,0x70,0x6c,0x65,0x72,0x32,0x44,0x20,0x62,0x61,0x73,0x65,0x5f,0x74,
    0x65,0x78,0x5f,0x62,0x61,0x73,0x65,0x5f,0x73,0x6d,0x70,0x3b,0x0a,0x0a,0x69,0x6e,
    0x20,0x68,0x69,0x67,0x68,0x70,0x20,0x76,0x65,0x63,0x32,0x20,0x76,0x5f,0x75,0x76,
    0x3b,0x0a,0x69,0x6e,0x20,0x68,0x69,0x67,0x68,0x70,0x20,0x76,0x65,0x63,0x34,0x20,
    0x76,0x5f,0x63,0x6f,0x6c,0x6f,0x72,0x3b,0x0a,0x69,0x6e,0x20,0x68,0x69,0x67,0x68,
    0x70,0x20,0x76,0x65,0x63,0x33,0x20,0x76,0x5f,0x6e,0x6f,0x72,0x6d,0x61,0x6c,0x3b,
    0x0a,0x69,0x6e,0x20,0x68,0x69,0x67,0x68,0x70,0x20,0x76,0x65,0x63,0x33,0x20,0x76,
    0x5f,0x77,0x6f,0x72,0x6c,0x64,0x5f,0x70,0x6f,0x73,0x3b,0x0a,0x6c,0x61,0x79,0x6f,
    0x75,0x74,0x28,0x6c,0x6f,0x63,0x61,0x74,0x69,0x6f,0x6e,0x20,0x3d,0x20,0x30,0x29,
    0x20,0x6f,0x75,0x74,0x20,0x68,0x69,0x67,0x68,0x70,0x20,0x76,0x65,0x63,0x34,0x20,
    0x66,0x72,0x61,0x67,0x5f,0x63,0x6f,0x6c,0x6f,0x72,0x3b,0x0a,0x0a,0x68,0x69,0x67,
    0x68,0x70,0x20,0x76,0x65,0x63,0x33,0x20,0x74,0x6f,0x5f,0x6c,0x69,0x6e,0x65,0x61,
    0x72,0x28,0x68,0x69,0x67,0x68,0x70,0x20,0x76,0x65,0x63,0x33,0x20,0x63,0x29,0x0a,
    0x7b,0x0a,0x20,0x20,0x20,0x20,0x72,0x65,0x74,0x75,0x72,0x6e,0x20,0x70,0x6f,0x77,
    0x28,0x6d,0x61,0x78,0x28,0x63,0x2c,0x20,0x76,0x65,0x63,0x33,0x28,0x30,0x2e,0x30,
    0x29,0x29,0x2c,0x20,0x76,0x65,0x63,0x33,0x28,0x32,0x2e,0x32,0x30,0x30,0x30,0x30,
    0x30,0x30,0x34,0x37,0x36,0x38,0x33,0x37,0x31,0x35,0x38,0x32,0x30,0x33,0x31,0x32,
    0x35,0x29,0x29,0x3b,0x0a,0x7d,0x0a,0x0a,0x68,0x69,0x67,0x68,0x70,0x20,0x76,0x65,
    0x63,0x33,0x20,0x74,0x6f,0x5f,0x73,0x72,0x67,0x62,0x28,0x68,0x69,0x67,0x68,0x70,
    0x20,0x76,0x65,0x63,0x33,0x20,0x63,0x29,0x0a,0x7b,0x0a,0x20,0x20,0x20,0x20,0x72,
    0x65,0x74,0x75,0x72,0x6e,0x20,0x70,0x6f,0x77,0x28,0x6d,0x61,0x78,0x28,0x63,0x2c,
    0x20,0x76,0x65,0x63,0x33,0x28,0x30,0x2e,0x30,0x29,0x29,0x2c,0x20,0x76,0x65,0x63,
    0x33,0x28,0x30,0x2e,0x34,0x35,0x34,0x35,0x34,0x35,0x34,0x36,0x38,0x30,0x39,0x31,
    0x39,0x36,0x34,0x37,0x32,0x31,0x36,0x37,0x39,0x36,0x38,0x37,0x35,0x29,0x29,0x3b,
    0x0a,0x7d,0x0a,0x0a,0x76,0x6f,0x69,0x64,0x20,0x6d,0x61,0x69,0x6e,0x28,0x29,0x0a,
    0x7b,0x0a,0x20,0x20,0x20,0x20,0x68,0x69,0x67,0x68,0x70,0x20,0x76,0x65,0x63,0x34,
    0x20,0x5f,0x34,0x39,0x20,0x3d,0x20,0x74,0x65,0x78,0x74,0x75,0x72,0x65,0x28,0x62,
    0x61,0x73,0x65,0x5f,0x74,0x65,0x78,0x5f,0x62,0x61,0x73,0x65,0x5f,0x73,0x6d,0x70,
    0x2c,0x20,0x76,0x5f,0x75,0x76,0x29,0x3b,0x0a,0x20,0x20,0x20,0x20,0x68,0x69,0x67,
    0x68,0x70,0x20,0x76,0x65,0x63,0x34,0x20,0x5f,0x36,0x34,0x20,0x3d,0x20,0x28,0x6c,
    0x69,0x74,0x5f,0x6d,0x61,0x74,0x65,0x72,0x69,0x61,0x6c,0x5f,0x70,0x61,0x72,0x61,
    0x6d,0x73,0x5b,0x30,0x5d,0x20,0x2a,0x20,0x76,0x5f,0x63,0x6f,0x6c,0x6f,0x72,0x29,
    0x20,0x2a,0x20,0x5f,0x34,0x39,0x3b,0x0a,0x20,0x20,0x20,0x20,0x68,0x69,0x67,0x68,
    0x70,0x20,0x66,0x6c,0x6f,0x61,0x74,0x20,0x5f,0x36,0x39,0x20,0x3d,0x20,0x5f,0x36,
    0x34,0x2e,0x77,0x3b,0x0a,0x20,0x20,0x20,0x20,0x69,0x66,0x20,0x28,0x5f,0x36,0x39,
    0x20,0x3c,0x20,0x6c,0x69,0x74,0x5f,0x6d,0x61,0x74,0x65,0x72,0x69,0x61,0x6c,0x5f,
    0x70,0x61,0x72,0x61,0x6d,0x73,0x5b,0x32,0x5d,0x2e,0x77,0x29,0x0a,0x20,0x20,0x20,
    0x20,0x7b,0x0a,0x20,0x20,0x20,0x20,0x20,0x20,0x20,0x20,0x64,0x69,0x73,0x63,0x61,
    0x72,0x64,0x3b,0x0a,0x20,0x20,0x20,0x20,0x7d,0x0a,0x20,0x20,0x20,0x20,0x68,0x69,
    0x67,0x68,0x70,0x20,0x76,0x65,0x63,0x33,0x20,0x70,0x61,0x72,0x61,0x6d,0x20,0x3d,
    0x20,0x5f,0x36,0x34,0x2e,0x78,0x79,0x7a,0x3b,0x0a,0x20,0x20,0x20,0x20,0x68,0x69,
    0x67,0x68,0x70,0x20,0x76,0x65,0x63,0x33,0x20,0x5f,0x38,0x33,0x20,0x3d,0x20,0x74,
    0x6f,0x5f,0x6c,0x69,0x6e,0x65,0x61,0x72,0x28,0x70,0x61,0x72,0x61,0x6d,0x29,0x3b,
    0x0a,0x20,0x20,0x20,0x20,0x68,0x69,0x67,0x68,0x70,0x20,0x76,0x65,0x63,0x33,0x20,
    0x63,0x6f,0x6c,0x6f,0x72,0x3b,0x0a,0x20,0x20,0x20,0x20,0x69,0x66,0x20,0x28,0x6c,
    0x69,0x74,0x5f,0x6d,0x61,0x74,0x65,0x72,0x69,0x61,0x6c,0x5f,0x70,0x61,0x72,0x61,
    0x6d,0x73,0x5b,0x32,0x5d,0x2e,0x7a,0x20,0x3e,0x20,0x30,0x2e,0x35,0x29,0x0a,0x20,
    0x20,0x20,0x20,0x7b,0x0a,0x20,0x20,0x20,0x20,0x20,0x20,0x20,0x20,0x63,0x6f,0x6c,
    0x6f,0x72,0x20,0x3d,0x20,0x5f,0x38,0x33,0x3b,0x0a,0x20,0x20,0x20,0x20,0x7d,0x0a,
    0x20,0x20,0x20,0x20,0x65,0x6c,0x73,0x65,0x0a,0x20,0x20,0x20,0x20,0x7b,0x0a,0x20,
    0x20,0x20,0x20,0x20,0x20,0x20,0x20,0x68,0x69,0x67,0x68,0x70,0x20,0x76,0x65,0x63,
    0x33,0x20,0x6e,0x20,0x3d,0x20,0x6e,0x6f,0x72,0x6d,0x61,0x6c,0x69,0x7a,0x65,0x28,
    0x76,0x5f,0x6e,0x6f,0x72,0x6d,0x61,0x6c,0x29,0x3b,0x0a,0x20,0x20,0x20,0x20,0x20,
    0x20,0x20,0x20,0x69,0x66,0x20,0x28,0x21,0x67,0x6c,0x5f,0x46,0x72,0x6f,0x6e,0x74,
    0x46,0x61,0x63,0x69,0x6e,0x67,0x29,0x0a,0x20,0x20,0x20,0x20,0x20,0x20,0x20,0x20,
    0x7b,0x0a,0x20,0x20,0x20,0x20,0x20,0x20,0x20,0x20,0x20,0x20,0x20,0x20,0x6e,0x20,
    0x3d,0x20,0x2d,0x6e,0x3b,0x0a,0x20,0x20,0x20,0x20,0x20,0x20,0x20,0x20,0x7d,0x0a,
    0x20,0x20,0x20,0x20,0x20,0x20,0x20,0x20,0x68,0x69,0x67,0x68,0x70,0x20,0x76,0x65,
    0x63,0x33,0x20,0x5f,0x31,0x33,0x31,0x20,0x3d,0x20,0x2d,0x6c,0x69,0x74,0x5f,0x73,
    0x63,0x65,0x6e,0x65,0x5f,0x70,0x61,0x72,0x61,0x6d,0x73,0x5b,0x31,0x5d,0x2e,0x78,
    0x79,0x7a,0x3b,0x0a,0x20,0x20,0x20,0x20,0x20,0x20,0x20,0x20,0x68,0x69,0x67,0x68,
    0x70,0x20,0x66,0x6c,0x6f,0x61,0x74,0x20,0x5f,0x31,0x33,0x36,0x20,0x3d,0x20,0x6d,
    0x61,0x78,0x28,0x64,0x6f,0x74,0x28,0x6e,0x2c,0x20,0x5f,0x31,0x33,0x31,0x29,0x2c,
    0x20,0x30,0x2e,0x30,0x29,0x3b,0x0a,0x20,0x20,0x20,0x20,0x20,0x20,0x20,0x20,0x68,
    0x69,0x67,0x68,0x70,0x20,0x66,0x6c,0x6f,0x61,0x74,0x20,0x5f,0x31,0x35,0x33,0x3b,
    0x0a,0x20,0x20,0x20,0x20,0x20,0x20,0x20,0x20,0x69,0x66,0x20,0x28,0x5f,0x31,0x33,
    0x36,0x20,0x3e,0x20,0x30,0x2e,0x30,0x29,0x0a,0x20,0x20,0x20,0x20,0x20,0x20,0x20,
    0x20,0x7b,0x0a,0x20,0x20,0x20,0x20,0x20,0x20,0x20,0x20,0x20,0x20,0x20,0x20,0x5f,
    0x31,0x35,0x33,0x20,0x3d,0x20,0x70,0x6f,0x77,0x28,0x6d,0x61,0x78,0x28,0x64,0x6f,
    0x74,0x28,0x6e,0x2c,0x20,0x6e,0x6f,0x72,0x6d,0x61,0x6c,0x69,0x7a,0x65,0x28,0x5f,
    0x31,0x33,0x31,0x20,0x2b,0x20,0x6e,0x6f,0x72,0x6d,0x61,0x6c,0x69,0x7a,0x65,0x28,
    0x6c,0x69,0x74,0x5f,0x73,0x63,0x65,0x6e,0x65,0x5f,0x70,0x61,0x72,0x61,0x6d,0x73,
    0x5b,0x30,0x5d,0x2e,0x78,0x79,0x7a,0x20,0x2d,0x20,0x76,0x5f,0x77,0x6f,0x72,0x6c,
    0x64,0x5f,0x70,0x6f,0x73,0x29,0x29,0x29,0x2c,0x20,0x30,0x2e,0x30,0x29,0x2c,0x20,
    0x6c,0x69,0x74,0x5f,0x6d,0x61,0x74,0x65,0x72,0x69,0x61,0x6c,0x5f,0x70,0x61,0x72,
    0x61,0x6d,0x73,0x5b,0x32,0x5d,0x2e,0x79,0x29,0x20,0x2a,0x20,0x6c,0x69,0x74,0x5f,
    0x6d,0x61,0x74,0x65,0x72,0x69,0x61,0x6c,0x5f,0x70,0x61,0x72,0x61,0x6d,0x73,0x5b,
    0x32,0x5d,0x2e,0x78,0x3b,0x0a,0x20,0x20,0x20,0x20,0x20,0x20,0x20,0x20,0x7d,0x0a,
    0x20,0x20,0x20,0x20,0x20,0x20,0x20,0x20,0x65,0x6c,0x73,0x65,0x0a,0x20,0x20,0x20,
    0x20,0x20,0x20,0x20,0x20,0x7b,0x0a,0x20,0x20,0x20,0x20,0x20,0x20,0x20,0x20,0x20,
    0x20,0x20,0x20,0x5f,0x31,0x35,0x33,0x20,0x3d,0x20,0x30,0x2e,0x30,0x3b,0x0a,0x20,
    0x20,0x20,0x20,0x20,0x20,0x20,0x20,0x7d,0x0a,0x20,0x20,0x20,0x20,0x20,0x20,0x20,
    0x20,0x63,0x6f,0x6c,0x6f,0x72,0x20,0x3d,0x20,0x28,0x5f,0x38,0x33,0x20,0x2a,0x20,
    0x28,0x6d,0x69,0x78,0x28,0x6c,0x69,0x74,0x5f,0x73,0x63,0x65,0x6e,0x65,0x5f,0x70,
    0x61,0x72,0x61,0x6d,0x73,0x5b,0x34,0x5d,0x2e,0x78,0x79,0x7a,0x2c,0x20,0x6c,0x69,
    0x74,0x5f,0x73,0x63,0x65,0x6e,0x65,0x5f,0x70,0x61,0x72,0x61,0x6d,0x73,0x5b,0x33,
    0x5d,0x2e,0x78,0x79,0x7a,0x2c,0x20,0x76,0x65,0x63,0x33,0x28,0x28,0x6e,0x2e,0x79,
    0x20,0x2a,0x20,0x30,0x2e,0x35,0x29,0x20,0x2b,0x20,0x30,0x2e,0x35,0x29,0x29,0x20,
    0x2b,0x20,0x28,0x6c,0x69,0x74,0x5f,0x73,0x63,0x65,0x6e,0x65,0x5f,0x70,0x61,0x72,
    0x61,0x6d,0x73,0x5b,0x32,0x5d,0x2e,0x78,0x79,0x7a,0x20,0x2a,0x20,0x5f,0x31,0x33,
    0x36,0x29,0x29,0x29,0x20,0x2b,0x20,0x28,0x6c,0x69,0x74,0x5f,0x73,0x63,0x65,0x6e,
    0x65,0x5f,0x70,0x61,0x72,0x61,0x6d,0x73,0x5b,0x32,0x5d,0x2e,0x78,0x79,0x7a,0x20,
    0x2a,0x20,0x5f,0x31,0x35,0x33,0x29,0x3b,0x0a,0x20,0x20,0x20,0x20,0x7d,0x0a,0x20,
    0x20,0x20,0x20,0x68,0x69,0x67,0x68,0x70,0x20,0x76,0x65,0x63,0x33,0x20,0x70,0x61,
    0x72,0x61,0x6d,0x5f,0x31,0x20,0x3d,0x20,0x6c,0x69,0x74,0x5f,0x6d,0x61,0x74,0x65,
    0x72,0x69,0x61,0x6c,0x5f,0x70,0x61,0x72,0x61,0x6d,0x73,0x5b,0x31,0x5d,0x2e,0x78,
    0x79,0x7a,0x3b,0x0a,0x20,0x20,0x20,0x20,0x68,0x69,0x67,0x68,0x70,0x20,0x76,0x65,
    0x63,0x33,0x20,0x5f,0x31,0x38,0x39,0x20,0x3d,0x20,0x63,0x6f,0x6c,0x6f,0x72,0x3b,
    0x0a,0x20,0x20,0x20,0x20,0x68,0x69,0x67,0x68,0x70,0x20,0x76,0x65,0x63,0x33,0x20,
    0x5f,0x31,0x39,0x30,0x20,0x3d,0x20,0x5f,0x31,0x38,0x39,0x20,0x2b,0x20,0x74,0x6f,
    0x5f,0x6c,0x69,0x6e,0x65,0x61,0x72,0x28,0x70,0x61,0x72,0x61,0x6d,0x5f,0x31,0x29,
    0x3b,0x0a,0x20,0x20,0x20,0x20,0x63,0x6f,0x6c,0x6f,0x72,0x20,0x3d,0x20,0x5f,0x31,
    0x39,0x30,0x3b,0x0a,0x20,0x20,0x20,0x20,0x68,0x69,0x67,0x68,0x70,0x20,0x76,0x65,
    0x63,0x33,0x20,0x70,0x61,0x72,0x61,0x6d,0x5f,0x32,0x20,0x3d,0x20,0x5f,0x31,0x39,
    0x30,0x3b,0x0a,0x20,0x20,0x20,0x20,0x66,0x72,0x61,0x67,0x5f,0x63,0x6f,0x6c,0x6f,
    0x72,0x20,0x3d,0x20,0x76,0x65,0x63,0x34,0x28,0x74,0x6f,0x5f,0x73,0x72,0x67,0x62,
    0x28,0x70,0x61,0x72,0x61,0x6d,0x5f,0x32,0x29,0x2c,0x20,0x5f,0x36,0x39,0x29,0x3b,
    0x0a,0x7d,0x0a,0x0a,0x00,
};
/*
    cbuffer lit_vs_params : register(b0)
    {
        row_major float4x4 _13_model : packoffset(c0);
        row_major float4x4 _13_view_proj : packoffset(c4);
        row_major float4x4 _13_normal_matrix : packoffset(c8);
        float4 _13_uv_transform : packoffset(c12);
    };


    static float4 gl_Position;
    static float3 position;
    static float3 v_world_pos;
    static float3 v_normal;
    static float3 normal;
    static float2 v_uv;
    static float2 texcoord0;
    static float4 v_color;
    static float4 color0;

    struct SPIRV_Cross_Input
    {
        float3 position : TEXCOORD0;
        float3 normal : TEXCOORD1;
        float2 texcoord0 : TEXCOORD2;
        float4 color0 : TEXCOORD3;
    };

    struct SPIRV_Cross_Output
    {
        float3 v_world_pos : TEXCOORD0;
        float3 v_normal : TEXCOORD1;
        float2 v_uv : TEXCOORD2;
        float4 v_color : TEXCOORD3;
        float4 gl_Position : SV_Position;
    };

    void vert_main()
    {
        float4 _28 = mul(float4(position, 1.0f), _13_model);
        v_world_pos = _28.xyz;
        v_normal = mul(float4(normal, 0.0f), _13_normal_matrix).xyz;
        v_uv = (texcoord0 * _13_uv_transform.xy) + _13_uv_transform.zw;
        v_color = color0;
        gl_Position = mul(_28, _13_view_proj);
    }

    SPIRV_Cross_Output main(SPIRV_Cross_Input stage_input)
    {
        position = stage_input.position;
        normal = stage_input.normal;
        texcoord0 = stage_input.texcoord0;
        color0 = stage_input.color0;
        vert_main();
        SPIRV_Cross_Output stage_output;
        stage_output.gl_Position = gl_Position;
        stage_output.v_world_pos = v_world_pos;
        stage_output.v_normal = v_normal;
        stage_output.v_uv = v_uv;
        stage_output.v_color = v_color;
        return stage_output;
    }
*/
static const uint8_t lit_vs_source_hlsl5[1608] = {
    0x63,0x62,0x75,0x66,0x66,0x65,0x72,0x20,0x6c,0x69,0x74,0x5f,0x76,0x73,0x5f,0x70,
    0x61,0x72,0x61,0x6d,0x73,0x20,0x3a,0x20,0x72,0x65,0x67,0x69,0x73,0x74,0x65,0x72,
    0x28,0x62,0x30,0x29,0x0a,0x7b,0x0a,0x20,0x20,0x20,0x20,0x72,0x6f,0x77,0x5f,0x6d,
    0x61,0x6a,0x6f,0x72,0x20,0x66,0x6c,0x6f,0x61,0x74,0x34,0x78,0x34,0x20,0x5f,0x31,
    0x33,0x5f,0x6d,0x6f,0x64,0x65,0x6c,0x20,0x3a,0x20,0x70,0x61,0x63,0x6b,0x6f,0x66,
    0x66,0x73,0x65,0x74,0x28,0x63,0x30,0x29,0x3b,0x0a,0x20,0x20,0x20,0x20,0x72,0x6f,
    0x77,0x5f,0x6d,0x61,0x6a,0x6f,0x72,0x20,0x66,0x6c,0x6f,0x61,0x74,0x34,0x78,0x34,
    0x20,0x5f,0x31,0x33,0x5f,0x76,0x69,0x65,0x77,0x5f,0x70,0x72,0x6f,0x6a,0x20,0x3a,
    0x20,0x70,0x61,0x63,0x6b,0x6f,0x66,0x66,0x73,0x65,0x74,0x28,0x63,0x34,0x29,0x3b,
    0x0a,0x20,0x20,0x20,0x20,0x72,0x6f,0x77,0x5f,0x6d,0x61,0x6a,0x6f,0x72,0x20,0x66,
    0x6c,0x6f,0x61,0x74,0x34,0x78,0x34,0x20,0x5f,0x31,0x33,0x5f,0x6e,0x6f,0x72,0x6d,
    0x61,0x6c,0x5f,0x6d,0x61,0x74,0x72,0x69,0x78,0x20,0x3a,0x20,0x70,0x61,0x63,0x6b,
    0x6f,0x66,0x66,0x73,0x65,0x74,0x28,0x63,0x38,0x29,0x3b,0x0a,0x20,0x20,0x20,0x20,
    0x66,0x6c,0x6f,0x61,0x74,0x34,0x20,0x5f,0x31,0x33,0x5f,0x75,0x76,0x5f,0x74,0x72,
    0x61,0x6e,0x73,0x66,0x6f,0x72,0x6d,0x20,0x3a,0x20,0x70,0x61,0x63,0x6b,0x6f,0x66,
    0x66,0x73,0x65,0x74,0x28,0x63,0x31,0x32,0x29,0x3b,0x0a,0x7d,0x3b,0x0a,0x0a,0x0a,
    0x73,0x74,0x61,0x74,0x69,0x63,0x20,0x66,0x6c,0x6f,0x61,0x74,0x34,0x20,0x67,0x6c,
    0x5f,0x50,0x6f,0x73,0x69,0x74,0x69,0x6f,0x6e,0x3b,0x0a,0x73,0x74,0x61,0x74,0x69,
    0x63,0x20,0x66,0x6c,0x6f,0x61,0x74,0x33,0x20,0x70,0x6f,0x73,0x69,0x74,0x69,0x6f,
    0x6e,0x3b,0x0a,0x73,0x74,0x61,0x74,0x69,0x63,0x20,0x66,0x6c,0x6f,0x61,0x74,0x33,
    0x20,0x76,0x5f,0x77,0x6f,0x72,0x6c,0x64,0x5f,0x70,0x6f,0x73,0x3b,0x0a,0x73,0x74,
    0x61,0x74,0x69,0x63,0x20,0x66,0x6c,0x6f,0x61,0x74,0x33,0x20,0x76,0x5f,0x6e,0x6f,
    0x72,0x6d,0x61,0x6c,0x3b,0x0a,0x73,0x74,0x61,0x74,0x69,0x63,0x20,0x66,0x6c,0x6f,
    0x61,0x74,0x33,0x20,0x6e,0x6f,0x72,0x6d,0x61,0x6c,0x3b,0x0a,0x73,0x74,0x61,0x74,
    0x69,0x63,0x20,0x66,0x6c,0x6f,0x61,0x74,0x32,0x20,0x76,0x5f,0x75,0x76,0x3b,0x0a,
    0x73,0x74,0x61,0x74,0x69,0x63,0x20,0x66,0x6c,0x6f,0x61,0x74,0x32,0x20,0x74,0x65,
    0x78,0x63,0x6f,0x6f,0x72,0x64,0x30,0x3b,0x0a,0x73,0x74,0x61,0x74,0x69,0x63,0x20,
    0x66,0x6c,0x6f,0x61,0x74,0x34,0x20,0x76,0x5f,0x63,0x6f,0x6c,0x6f,0x72,0x3b,0x0a,
    0x73,0x74,0x61,0x74,0x69,0x63,0x20,0x66,0x6c,0x6f,0x61,0x74,0x34,0x20,0x63,0x6f,
    0x6c,0x6f,0x72,0x30,0x3b,0x0a,0x0a,0x73,0x74,0x72,0x75,0x63,0x74,0x20,0x53,0x50,
    0x49,0x52,0x56,0x5f,0x43,0x72,0x6f,0x73,0x73,0x5f,0x49,0x6e,0x70,0x75,0x74,0x0a,
    0x7b,0x0a,0x20,0x20,0x20,0x20,0x66,0x6c,0x6f,0x61,0x74,0x33,0x20,0x70,0x6f,0x73,
    0x69,0x74,0x69,0x6f,0x6e,0x20,0x3a,0x20,0x54,0x45,0x58,0x43,0x4f,0x4f,0x52,0x44,
    0x30,0x3b,0x0a,0x20,0x20,0x20,0x20,0x66,0x6c,0x6f,0x61,0x74,0x33,0x20,0x6e,0x6f,
    0x72,0x6d,0x61,0x6c,0x20,0x3a,0x20,0x54,0x45,0x58,0x43,0x4f,0x4f,0x52,0x44,0x31,
    0x3b,0x0a,0x20,0x20,0x20,0x20,0x66,0x6c,0x6f,0x61,0x74,0x32,0x20,0x74,0x65,0x78,
    0x63,0x6f,0x6f,0x72,0x64,0x30,0x20,0x3a,0x20,0x54,0x45,0x58,0x43,0x4f,0x4f,0x52,
    0x44,0x32,0x3b,0x0a,0x20,0x20,0x20,0x20,0x66,0x6c,0x6f,0x61,0x74,0x34,0x20,0x63,
    0x6f,0x6c,0x6f,0x72,0x30,0x20,0x3a,0x20,0x54,0x45,0x58,0x43,0x4f,0x4f,0x52,0x44,
    0x33,0x3b,0x0a,0x7d,0x3b,0x0a,0x0a,0x73,0x74,0x72,0x75,0x63,0x74,0x20,0x53,0x50,
    0x49,0x52,0x56,0x5f,0x43,0x72,0x6f,0x73,0x73,0x5f,0x4f,0x75,0x74,0x70,0x75,0x74,
    0x0a,0x7b,0x0a,0x20,0x20,0x20,0x20,0x66,0x6c,0x6f,0x61,0x74,0x33,0x20,0x76,0x5f,
    0x77,0x6f,0x72,0x6c,0x64,0x5f,0x70,0x6f,0x73,0x20,0x3a,0x20,0x54,0x45,0x58,0x43,
    0x4f,0x4f,0x52,0x44,0x30,0x3b,0x0a,0x20,0x20,0x20,0x20,0x66,0x6c,0x6f,0x61,0x74,
    0x33,0x20,0x76,0x5f,0x6e,0x6f,0x72,0x6d,0x61,0x6c,0x20,0x3a,0x20,0x54,0x45,0x58,
    0x43,0x4f,0x4f,0x52,0x44,0x31,0x3b,0x0a,0x20,0x20,0x20,0x20,0x66,0x6c,0x6f,0x61,
    0x74,0x32,0x20,0x76,0x5f,0x75,0x76,0x20,0x3a,0x20,0x54,0x45,0x58,0x43,0x4f,0x4f,
    0x52,0x44,0x32,0x3b,0x0a,0x20,0x20,0x20,0x20,0x66,0x6c,0x6f,0x61,0x74,0x34,0x20,
    0x76,0x5f,0x63,0x6f,0x6c,0x6f,0x72,0x20,0x3a,0x20,0x54,0x45,0x58,0x43,0x4f,0x4f,
    0x52,0x44,0x33,0x3b,0x0a,0x20,0x20,0x20,0x20,0x66,0x6c,0x6f,0x61,0x74,0x34,0x20,
    0x67,0x6c,0x5f,0x50,0x6f,0x73,0x69,0x74,0x69,0x6f,0x6e,0x20,0x3a,0x20,0x53,0x56,
    0x5f,0x50,0x6f,0x73,0x69,0x74,0x69,0x6f,0x6e,0x3b,0x0a,0x7d,0x3b,0x0a,0x0a,0x76,
    0x6f,0x69,0x64,0x20,0x76,0x65,0x72,0x74,0x5f,0x6d,0x61,0x69,0x6e,0x28,0x29,0x0a,
    0x7b,0x0a,0x20,0x20,0x20,0x20,0x66,0x6c,0x6f,0x61,0x74,0x34,0x20,0x5f,0x32,0x38,
    0x20,0x3d,0x20,0x6d,0x75,0x6c,0x28,0x66,0x6c,0x6f,0x61,0x74,0x34,0x28,0x70,0x6f,
    0x73,0x69,0x74,0x69,0x6f,0x6e,0x2c,0x20,0x31,0x2e,0x30,0x66,0x29,0x2c,0x20,0x5f,
    0x31,0x33,0x5f,0x6d,0x6f,0x64,0x65,0x6c,0x29,0x3b,0x0a,0x20,0x20,0x20,0x20,0x76,
    0x5f,0x77,0x6f,0x72,0x6c,0x64,0x5f,0x70,0x6f,0x73,0x20,0x3d,0x20,0x5f,0x32,0x38,
    0x2e,0x78,0x79,0x7a,0x3b,0x0a,0x20,0x20,0x20,0x20,0x76,0x5f,0x6e,0x6f,0x72,0x6d,
    0x61,0x6c,0x20,0x3d,0x20,0x6d,0x75,0x6c,0x28,0x66,0x6c,0x6f,0x61,0x74,0x34,0x28,
    0x6e,0x6f,0x72,0x6d,0x61,0x6c,0x2c,0x20,0x30,0x2e,0x30,0x66,0x29,0x2c,0x20,0x5f,
    0x31,0x33,0x5f,0x6e,0x6f,0x72,0x6d,0x61,0x6c,0x5f,0x6d,0x61,0x74,0x72,0x69,0x78,
    0x29,0x2e,0x78,0x79,0x7a,0x3b,0x0a,0x20,0x20,0x20,0x20,0x76,0x5f,0x75,0x76,0x20,
    0x3d,0x20,0x28,0x74,0x65,0x78,0x63,0x6f,0x6f,0x72,0x64,0x30,0x20,0x2a,0x20,0x5f,
    0x31,0x33,0x5f,0x75,0x76,0x5f,0x74,0x72,0x61,0x6e,0x73,0x66,0x6f,0x72,0x6d,0x2e,
    0x78,0x79,0x29,0x20,0x2b,0x20,0x5f,0x31,0x33,0x5f,0x75,0x76,0x5f,0x74,0x72,0x61,
    0x6e,0x73,0x66,0x6f,0x72,0x6d,0x2e,0x7a,0x77,0x3b,0x0a,0x20,0x20,0x20,0x20,0x76,
    0x5f,0x63,0x6f,0x6c,0x6f,0x72,0x20,0x3d,0x20,0x63,0x6f,0x6c,0x6f,0x72,0x30,0x3b,
    0x0a,0x20,0x20,0x20,0x20,0x67,0x6c,0x5f,0x50,0x6f,0x73,0x69,0x74,0x69,0x6f,0x6e,
    0x20,0x3d,0x20,0x6d,0x75,0x6c,0x28,0x5f,0x32,0x38,0x2c,0x20,0x5f,0x31,0x33,0x5f,
    0x76,0x69,0x65,0x77,0x5f,0x70,0x72,0x6f,0x6a,0x29,0x3b,0x0a,0x7d,0x0a,0x0a,0x53,
    0x50,0x49,0x52,0x56,0x5f,0x43,0x72,0x6f,0x73,0x73,0x5f,0x4f,0x75,0x74,0x70,0x75,
    0x74,0x20,0x6d,0x61,0x69,0x6e,0x28,0x53,0x50,0x49,0x52,0x56,0x5f,0x43,0x72,0x6f,
    0x73,0x73,0x5f,0x49,0x6e,0x70,0x75,0x74,0x20,0x73,0x74,0x61,0x67,0x65,0x5f,0x69,
    0x6e,0x70,0x75,0x74,0x29,0x0a,0x7b,0x0a,0x20,0x20,0x20,0x20,0x70,0x6f,0x73,0x69,
    0x74,0x69,0x6f,0x6e,0x20,0x3d,0x20,0x73,0x74,0x61,0x67,0x65,0x5f,0x69,0x6e,0x70,
    0x75,0x74,0x2e,0x70,0x6f,0x73,0x69,0x74,0x69,0x6f,0x6e,0x3b,0x0a,0x20,0x20,0x20,
    0x20,0x6e,0x6f,0x72,0x6d,0x61,0x6c,0x20,0x3d,0x20,0x73,0x74,0x61,0x67,0x65,0x5f,
    0x69,0x6e,0x70,0x75,0x74,0x2e,0x6e,0x6f,0x72,0x6d,0x61,0x6c,0x3b,0x0a,0x20,0x20,
    0x20,0x20,0x74,0x65,0x78,0x63,0x6f,0x6f,0x72,0x64,0x30,0x20,0x3d,0x20,0x73,0x74,
    0x61,0x67,0x65,0x5f,0x69,0x6e,0x70,0x75,0x74,0x2e,0x74,0x65,0x78,0x63,0x6f,0x6f,
    0x72,0x64,0x30,0x3b,0x0a,0x20,0x20,0x20,0x20,0x63,0x6f,0x6c,0x6f,0x72,0x30,0x20,
    0x3d,0x20,0x73,0x74,0x61,0x67,0x65,0x5f,0x69,0x6e,0x70,0x75,0x74,0x2e,0x63,0x6f,
    0x6c,0x6f,0x72,0x30,0x3b,0x0a,0x20,0x20,0x20,0x20,0x76,0x65,0x72,0x74,0x5f,0x6d,
    0x61,0x69,0x6e,0x28,0x29,0x3b,0x0a,0x20,0x20,0x20,0x20,0x53,0x50,0x49,0x52,0x56,
    0x5f,0x43,0x72,0x6f,0x73,0x73,0x5f,0x4f,0x75,0x74,0x70,0x75,0x74,0x20,0x73,0x74,
    0x61,0x67,0x65,0x5f,0x6f,0x75,0x74,0x70,0x75,0x74,0x3b,0x0a,0x20,0x20,0x20,0x20,
    0x73,0x74,0x61,0x67,0x65,0x5f,0x6f,0x75,0x74,0x70,0x75,0x74,0x2e,0x67,0x6c,0x5f,
    0x50,0x6f,0x73,0x69,0x74,0x69,0x6f,0x6e,0x20,0x3d,0x20,0x67,0x6c,0x5f,0x50,0x6f,
    0x73,0x69,0x74,0x69,0x6f,0x6e,0x3b,0x0a,0x20,0x20,0x20,0x20,0x73,0x74,0x61,0x67,
    0x65,0x5f,0x6f,0x75,0x74,0x70,0x75,0x74,0x2e,0x76,0x5f,0x77,0x6f,0x72,0x6c,0x64,
    0x5f,0x70,0x6f,0x73,0x20,0x3d,0x20,0x76,0x5f,0x77,0x6f,0x72,0x6c,0x64,0x5f,0x70,
    0x6f,0x73,0x3b,0x0a,0x20,0x20,0x20,0x20,0x73,0x74,0x61,0x67,0x65,0x5f,0x6f,0x75,
    0x74,0x70,0x75,0x74,0x2e,0x76,0x5f,0x6e,0x6f,0x72,0x6d,0x61,0x6c,0x20,0x3d,0x20,
    0x76,0x5f,0x6e,0x6f,0x72,0x6d,0x61,0x6c,0x3b,0x0a,0x20,0x20,0x20,0x20,0x73,0x74,
    0x61,0x67,0x65,0x5f,0x6f,0x75,0x74,0x70,0x75,0x74,0x2e,0x76,0x5f,0x75,0x76,0x20,
    0x3d,0x20,0x76,0x5f,0x75,0x76,0x3b,0x0a,0x20,0x20,0x20,0x20,0x73,0x74,0x61,0x67,
    0x65,0x5f,0x6f,0x75,0x74,0x70,0x75,0x74,0x2e,0x76,0x5f,0x63,0x6f,0x6c,0x6f,0x72,
    0x20,0x3d,0x20,0x76,0x5f,0x63,0x6f,0x6c,0x6f,0x72,0x3b,0x0a,0x20,0x20,0x20,0x20,
    0x72,0x65,0x74,0x75,0x72,0x6e,0x20,0x73,0x74,0x61,0x67,0x65,0x5f,0x6f,0x75,0x74,
    0x70,0x75,0x74,0x3b,0x0a,0x7d,0x0a,0x00,
};
/*
    cbuffer lit_material_params : register(b2)
    {
        float4 _53_base_color : packoffset(c0);
        float4 _53_emissive : packoffset(c1);
        float4 _53_surface : packoffset(c2);
    };

    cbuffer lit_scene_params : register(b1)
    {
        float4 _110_camera_pos : packoffset(c0);
        float4 _110_sun_dir : packoffset(c1);
        float4 _110_sun_color : packoffset(c2);
        float4 _110_sky_ambient : packoffset(c3);
        float4 _110_ground_ambient : packoffset(c4);
    };

    Texture2D<float4> base_tex : register(t0);
    SamplerState base_smp : register(s0);

    static bool gl_FrontFacing;
    static float2 v_uv;
    static float4 v_color;
    static float3 v_normal;
    static float3 v_world_pos;
    static float4 frag_color;

    struct SPIRV_Cross_Input
    {
        float3 v_world_pos : TEXCOORD0;
        float3 v_normal : TEXCOORD1;
        float2 v_uv : TEXCOORD2;
        float4 v_color : TEXCOORD3;
        bool gl_FrontFacing : SV_IsFrontFace;
    };

    struct SPIRV_Cross_Output
    {
        float4 frag_color : SV_Target0;
    };

    float3 to_linear(float3 c)
    {
        return pow(max(c, 0.0f.xxx), 2.2000000476837158203125f.xxx);
    }

    float3 to_srgb(float3 c)
    {
        return pow(max(c, 0.0f.xxx), 0.4545454680919647216796875f.xxx);
    }

    void frag_main()
    {
        float4 _49 = base_tex.Sample(base_smp, v_uv);
        float4 _64 = (_53_base_color * v_color) * _49;
        float _69 = _64.w;
        if (_69 < _53_surface.w)
        {
            discard;
        }
        float3 param = _64.xyz;
        float3 _83 = to_linear(param);
        float3 color;
        if (_53_surface.z > 0.5f)
        {
            color = _83;
        }
        else
        {
            float3 n = normalize(v_normal);
            if (!gl_FrontFacing)
            {
                n = -n;
            }
            float3 _131 = -_110_sun_dir.xyz;
            float _136 = max(dot(n, _131), 0.0f);
            float _153;
            if (_136 > 0.0f)
            {
                _153 = pow(max(dot(n, normalize(_131 + normalize(_110_camera_pos.xyz - v_world_pos))), 0.0f), _53_surface.y) * _53_surface.x;
            }
            else
            {
                _153 = 0.0f;
            }
            color = (_83 * (lerp(_110_ground_ambient.xyz, _110_sky_ambient.xyz, ((n.y * 0.5f) + 0.5f).xxx) + (_110_sun_color.xyz * _136))) + (_110_sun_color.xyz * _153);
        }
        float3 param_1 = _53_emissive.xyz;
        float3 _189 = color;
        float3 _190 = _189 + to_linear(param_1);
        color = _190;
        float3 param_2 = _190;
        frag_color = float4(to_srgb(param_2), _69);
    }

    SPIRV_Cross_Output main(SPIRV_Cross_Input stage_input)
    {
        gl_FrontFacing = stage_input.gl_FrontFacing;
        v_uv = stage_input.v_uv;
        v_color = stage_input.v_color;
        v_normal = stage_input.v_normal;
        v_world_pos = stage_input.v_world_pos;
        frag_main();
        SPIRV_Cross_Output stage_output;
        stage_output.frag_color = frag_color;
        return stage_output;
    }
*/
static const uint8_t lit_fs_source_hlsl5[2713] = {
    0x63,0x62,0x75,0x66,0x66,0x65,0x72,0x20,0x6c,0x69,0x74,0x5f,0x6d,0x61,0x74,0x65,
    0x72,0x69,0x61,0x6c,0x5f,0x70,0x61,0x72,0x61,0x6d,0x73,0x20,0x3a,0x20,0x72,0x65,
    0x67,0x69,0x73,0x74,0x65,0x72,0x28,0x62,0x32,0x29,0x0a,0x7b,0x0a,0x20,0x20,0x20,
    0x20,0x66,0x6c,0x6f,0x61,0x74,0x34,0x20,0x5f,0x35,0x33,0x5f,0x62,0x61,0x73,0x65,
    0x5f,0x63,0x6f,0x6c,0x6f,0x72,0x20,0x3a,0x20,0x70,0x61,0x63,0x6b,0x6f,0x66,0x66,
    0x73,0x65,0x74,0x28,0x63,0x30,0x29,0x3b,0x0a,0x20,0x20,0x20,0x20,0x66,0x6c,0x6f,
    0x61,0x74,0x34,0x20,0x5f,0x35,0x33,0x5f,0x65,0x6d,0x69,0x73,0x73,0x69,0x76,0x65,
    0x20,0x3a,0x20,0x70,0x61,0x63,0x6b,0x6f,0x66,0x66,0x73,0x65,0x74,0x28,0x63,0x31,
    0x29,0x3b,0x0a,0x20,0x20,0x20,0x20,0x66,0x6c,0x6f,0x61,0x74,0x34,0x20,0x5f,0x35,
    0x33,0x5f,0x73,0x75,0x72,0x66,0x61,0x63,0x65,0x20,0x3a,0x20,0x70,0x61,0x63,0x6b,
    0x6f,0x66,0x66,0x73,0x65,0x74,0x28,0x63,0x32,0x29,0x3b,0x0a,0x7d,0x3b,0x0a,0x0a,
    0x63,0x62,0x75,0x66,0x66,0x65,0x72,0x20,0x6c,0x69,0x74,0x5f,0x73,0x63,0x65,0x6e,
    0x65,0x5f,0x70,0x61,0x72,0x61,0x6d,0x73,0x20,0x3a,0x20,0x72,0x65,0x67,0x69,0x73,
    0x74,0x65,0x72,0x28,0x62,0x31,0x29,0x0a,0x7b,0x0a,0x20,0x20,0x20,0x20,0x66,0x6c,
    0x6f,0x61,0x74,0x34,0x20,0x5f,0x31,0x31,0x30,0x5f,0x63,0x61,0x6d,0x65,0x72,0x61,
    0x5f,0x70,0x6f,0x73,0x20,0x3a,0x20,0x70,0x61,0x63,0x6b,0x6f,0x66,0x66,0x73,0x65,
    0x74,0x28,0x63,0x30,0x29,0x3b,0x0a,0x20,0x20,0x20,0x20,0x66,0x6c,0x6f,0x61,0x74,
    0x34,0x20,0x5f,0x31,0x31,0x30,0x5f,0x73,0x75,0x6e,0x5f,0x64,0x69,0x72,0x20,0x3a,
    0x20,0x70,0x61,0x63,0x6b,0x6f,0x66,0x66,0x73,0x65,0x74,0x28,0x63,0x31,0x29,0x3b,
    0x0a,0x20,0x20,0x20,0x20,0x66,0x6c,0x6f,0x61,0x74,0x34,0x20,0x5f,0x31,0x31,0x30,
    0x5f,0x73,0x75,0x6e,0x5f,0x63,0x6f,0x6c,0x6f,0x72,0x20,0x3a,0x20,0x70,0x61,0x63,
    0x6b,0x6f,0x66,0x66,0x73,0x65,0x74,0x28,0x63,0x32,0x29,0x3b,0x0a,0x20,0x20,0x20,
    0x20,0x66,0x6c,0x6f,0x61,0x74,0x34,0x20,0x5f,0x31,0x31,0x30,0x5f,0x73,0x6b,0x79,
    0x5f,0x61,0x6d,0x62,0x69,0x65,0x6e,0x74,0x20,0x3a,0x20,0x70,0x61,0x63,0x6b,0x6f,
    0x66,0x66,0x73,0x65,0x74,0x28,0x63,0x33,0x29,0x3b,0x0a,0x20,0x20,0x20,0x20,0x66,
    0x6c,0x6f,0x61,0x74,0x34,0x20,0x5f,0x31,0x31,0x30,0x5f,0x67,0x72,0x6f,0x75,0x6e,
    0x64,0x5f,0x61,0x6d,0x62,0x69,0x65,0x6e,0x74,0x20,0x3a,0x20,0x70,0x61,0x63,0x6b,
    0x6f,0x66,0x66,0x73,0x65,0x74,0x28,0x63,0x34,0x29,0x3b,0x0a,0x7d,0x3b,0x0a,0x0a,
    0x54,0x65,0x78,0x74,0x75,0x72,0x65,0x32,0x44,0x3c,0x66,0x6c,0x6f,0x61,0x74,0x34,
    0x3e,0x20,0x62,0x61,0x73,0x65,0x5f,0x74,0x65,0x78,0x20,0x3a,0x20,0x72,0x65,0x67,
    0x69,0x73,0x74,0x65,0x72,0x28,0x74,0x30,0x29,0x3b,0x0a,0x53,0x61,0x6d,0x70,0x6c,
    0x65,0x72,0x53,0x74,0x61,0x74,0x65,0x20,0x62,0x61,0x73,0x65,0x5f,0x73,0x6d,0x70,
    0x20,0x3a,0x20,0x72,0x65,0x67,0x69,0x73,0x74,0x65,0x72,0x28,0x73,0x30,0x29,0x3b,
    0x0a,0x0a,0x73,0x74,0x61,0x74,0x69,0x63,0x20,0x62,0x6f,0x6f,0x6c,0x20,0x67,0x6c,
    0x5f,0x46,0x72,0x6f,0x6e,0x74,0x46,0x61,0x63,0x69,0x6e,0x67,0x3b,0x0a,0x73,0x74,
    0x61,0x74,0x69,0x63,0x20,0x66,0x6c,0x6f,0x61,0x74,0x32,0x20,0x76,0x5f,0x75,0x76,
    0x3b,0x0a,0x73,0x74,0x61,0x74,0x69,0x63,0x20,0x66,0x6c,0x6f,0x61,0x74,0x34,0x20,
    0x76,0x5f,0x63,0x6f,0x6c,0x6f,0x72,0x3b,0x0a,0x73,0x74,0x61,0x74,0x69,0x63,0x20,
    0x66,0x6c,0x6f,0x61,0x74,0x33,0x20,0x76,0x5f,0x6e,0x6f,0x72,0x6d,0x61,0x6c,0x3b,
    0x0a,0x73,0x74,0x61,0x74,0x69,0x63,0x20,0x66,0x6c,0x6f,0x61,0x74,0x33,0x20,0x76,
    0x5f,0x77,0x6f,0x72,0x6c,0x64,0x5f,0x70,0x6f,0x73,0x3b,0x0a,0x73,0x74,0x61,0x74,
    0x69,0x63,0x20,0x66,0x6c,0x6f,0x61,0x74,0x34,0x20,0x66,0x72,0x61,0x67,0x5f,0x63,
    0x6f,0x6c,0x6f,0x72,0x3b,0x0a,0x0a,0x73,0x74,0x72,0x75,0x63,0x74,0x20,0x53,0x50,
    0x49,0x52,0x56,0x5f,0x43,0x72,0x6f,0x73,0x73,0x5f,0x49,0x6e,0x70,0x75,0x74,0x0a,
    0x7b,0x0a,0x20,0x20,0x20,0x20,0x66,0x6c,0x6f,0x61,0x74,0x33,0x20,0x76,0x5f,0x77,
    0x6f,0x72,0x6c,0x64,0x5f,0x70,0x6f,0x73,0x20,0x3a,0x20,0x54,0x45,0x58,0x43,0x4f,
    0x4f,0x52,0x44,0x30,0x3b,0x0a,0x20,0x20,0x20,0x20,0x66,0x6c,0x6f,0x61,0x74,0x33,
    0x20,0x76,0x5f,0x6e,0x6f,0x72,0x6d,0x61,0x6c,0x20,0x3a,0x20,0x54,0x45,0x58,0x43,
    0x4f,0x4f,0x52,0x44,0x31,0x3b,0x0a,0x20,0x20,0x20,0x20,0x66,0x6c,0x6f,0x61,0x74,
    0x32,0x20,0x76,0x5f,0x75,0x76,0x20,0x3a,0x20,0x54,0x45,0x58,0x43,0x4f,0x4f,0x52,
    0x44,0x32,0x3b,0x0a,0x20,0x20,0x20,0x20,0x66,0x6c,0x6f,0x61,0x74,0x34,0x20,0x76,
    0x5f,0x63,0x6f,0x6c,0x6f,0x72,0x20,0x3a,0x20,0x54,0x45,0x58,0x43,0x4f,0x4f,0x52,
    0x44,0x33,0x3b,0x0a,0x20,0x20,0x20,0x20,0x62,0x6f,0x6f,0x6c,0x20,0x67,0x6c,0x5f,
    0x46,0x72,0x6f,0x6e,0x74,0x46,0x61,0x63,0x69,0x6e,0x67,0x20,0x3a,0x20,0x53,0x56,
    0x5f,0x49,0x73,0x46,0x72,0x6f,0x6e,0x74,0x46,0x61,0x63,0x65,0x3b,0x0a,0x7d,0x3b,
    0x0a,0x0a,0x73,0x74,0x72,0x75,0x63,0x74,0x20,0x53,0x50,0x49,0x52,0x56,0x5f,0x43,
    0x72,0x6f,0x73,0x73,0x5f,0x4f,0x75,0x74,0x70,0x75,0x74,0x0a,0x7b,0x0a,0x20,0x20,
    0x20,0x20,0x66,0x6c,0x6f,0x61,0x74,0x34,0x20,0x66,0x72,0x61,0x67,0x5f,0x63,0x6f,
    0x6c,0x6f,0x72,0x20,0x3a,0x20,0x53,0x56,0x5f,0x54,0x61,0x72,0x67,0x65,0x74,0x30,
    0x3b,0x0a,0x7d,0x3b,0x0a,0x0a,0x66,0x6c,0x6f,0x61,0x74,0x33,0x20,0x74,0x6f,0x5f,
    0x6c,0x69,0x6e,0x65,0x61,0x72,0x28,0x66,0x6c,0x6f,0x61,0x74,0x33,0x20,0x63,0x29,
    0x0a,0x7b,0x0a,0x20,0x20,0x20,0x20,0x72,0x65,0x74,0x75,0x72,0x6e,0x20,0x70,0x6f,
    0x77,0x28,0x6d,0x61,0x78,0x28,0x63,0x2c,0x20,0x30,0x2e,0x30,0x66,0x2e,0x78,0x78,
    0x78,0x29,0x2c,0x20,0x32,0x2e,0x32,0x30,0x30,0x30,0x30,0x30,0x30,0x34,0x37,0x36,
    0x38,0x33,0x37,0x31,0x35,0x38,0x32,0x30,0x33,0x31,0x32,0x35,0x66,0x2e,0x78,0x78,
    0x78,0x29,0x3b,0x0a,0x7d,0x0a,0x0a,0x66,0x6c,0x6f,0x61,0x74,0x33,0x20,0x74,0x6f,
    0x5f,0x73,0x72,0x67,0x62,0x28,0x66,0x6c,0x6f,0x61,0x74,0x33,0x20,0x63,0x29,0x0a,
    0x7b,0x0a,0x20,0x20,0x20,0x20,0x72,0x65,0x74,0x75,0x72,0x6e,0x20,0x70,0x6f,0x77,
    0x28,0x6d,0x61,0x78,0x28,0x63,0x2c,0x20,0x30,0x2e,0x30,0x66,0x2e,0x78,0x78,0x78,
    0x29,0x2c,0x20,0x30,0x2e,0x34,0x35,0x34,0x35,0x34,0x35,0x34,0x36,0x38,0x30,0x39,
    0x31,0x39,0x36,0x34,0x37,0x32,0x31,0x36,0x37,0x39,0x36,0x38,0x37,0x35,0x66,0x2e,
    0x78,0x78,0x78,0x29,0x3b,0x0a,0x7d,0x0a,0x0a,0x76,0x6f,0x69,0x64,0x20,0x66,0x72,
    0x61,0x67,0x5f,0x6d,0x61,0x69,0x6e,0x28,0x29,0x0a,0x7b,0x0a,0x20,0x20,0x20,0x20,
    0x66,0x6c,0x6f,0x61,0x74,0x34,0x20,0x5f,0x34,0x39,0x20,0x3d,0x20,0x62,0x61,0x73,
    0x65,0x5f,0x74,0x65,0x78,0x2e,0x53,0x61,0x6d,0x70,0x6c,0x65,0x28,0x62,0x61,0x73,
    0x65,0x5f,0x73,0x6d,0x70,0x2c,0x20,0x76,0x5f,0x75,0x76,0x29,0x3b,0x0a,0x20,0x20,
    0x20,0x20,0x66,0x6c,0x6f,0x61,0x74,0x34,0x20,0x5f,0x36,0x34,0x20,0x3d,0x20,0x28,
    0x5f,0x35,0x33,0x5f,0x62,0x61,0x73,0x65,0x5f,0x63,0x6f,0x6c,0x6f,0x72,0x20,0x2a,
    0x20,0x76,0x5f,0x63,0x6f,0x6c,0x6f,0x72,0x29,0x20,0x2a,0x20,0x5f,0x34,0x39,0x3b,
    0x0a,0x20,0x20,0x20,0x20,0x66,0x6c,0x6f,0x61,0x74,0x20,0x5f,0x36,0x39,0x20,0x3d,
    0x20,0x5f,0x36,0x34,0x2e,0x77,0x3b,0x0a,0x20,0x20,0x20,0x20,0x69,0x66,0x20,0x28,
    0x5f,0x36,0x39,0x20,0x3c,0x20,0x5f,0x35,0x33,0x5f,0x73,0x75,0x72,0x66,0x61,0x63,
    0x65,0x2e,0x77,0x29,0x0a,0x20,0x20,0x20,0x20,0x7b,0x0a,0x20,0x20,0x20,0x20,0x20,
    0x20,0x20,0x20,0x64,0x69,0x73,0x63,0x61,0x72,0x64,0x3b,0x0a,0x20,0x20,0x20,0x20,
    0x7d,0x0a,0x20,0x20,0x20,0x20,0x66,0x6c,0x6f,0x61,0x74,0x33,0x20,0x70,0x61,0x72,
    0x61,0x6d,0x20,0x3d,0x20,0x5f,0x36,0x34,0x2e,0x78,0x79,0x7a,0x3b,0x0a,0x20,0x20,
    0x20,0x20,0x66,0x6c,0x6f,0x61,0x74,0x33,0x20,0x5f,0x38,0x33,0x20,0x3d,0x20,0x74,
    0x6f,0x5f,0x6c,0x69,0x6e,0x65,0x61,0x72,0x28,0x70,0x61,0x72,0x61,0x6d,0x29,0x3b,
    0x0a,0x20,0x20,0x20,0x20,0x66,0x6c,0x6f,0x61,0x74,0x33,0x20,0x63,0x6f,0x6c,0x6f,
    0x72,0x3b,0x0a,0x20,0x20,0x20,0x20,0x69,0x66,0x20,0x28,0x5f,0x35,0x33,0x5f,0x73,
    0x75,0x72,0x66,0x61,0x63,0x65,0x2e,0x7a,0x20,0x3e,0x20,0x30,0x2e,0x35,0x66,0x29,
    0x0a,0x20,0x20,0x20,0x20,0x7b,0x0a,0x20,0x20,0x20,0x20,0x20,0x20,0x20,0x20,0x63,
    0x6f,0x6c,0x6f,0x72,0x20,0x3d,0x20,0x5f,0x38,0x33,0x3b,0x0a,0x20,0x20,0x20,0x20,
    0x7d,0x0a,0x20,0x20,0x20,0x20,0x65,0x6c,0x73,0x65,0x0a,0x20,0x20,0x20,0x20,0x7b,
    0x0a,0x20,0x20,0x20,0x20,0x20,0x20,0x20,0x20,0x66,0x6c,0x6f,0x61,0x74,0x33,0x20,
    0x6e,0x20,0x3d,0x20,0x6e,0x6f,0x72,0x6d,0x61,0x6c,0x69,0x7a,0x65,0x28,0x76,0x5f,
    0x6e,0x6f,0x72,0x6d,0x61,0x6c,0x29,0x3b,0x0a,0x20,0x20,0x20,0x20,0x20,0x20,0x20,
    0x20,0x69,0x66,0x20,0x28,0x21,0x67,0x6c,0x5f,0x46,0x72,0x6f,0x6e,0x74,0x46,0x61,
    0x63,0x69,0x6e,0x67,0x29,0x0a,0x20,0x20,0x20,0x20,0x20,0x20,0x20,0x20,0x7b,0x0a,
    0x20,0x20,0x20,0x20,0x20,0x20,0x20,0x20,0x20,0x20,0x20,0x20,0x6e,0x20,0x3d,0x20,
    0x2d,0x6e,0x3b,0x0a,0x20,0x20,0x20,0x20,0x20,0x20,0x20,0x20,0x7d,0x0a,0x20,0x20,
    0x20,0x20,0x20,0x20,0x20,0x20,0x66,0x6c,0x6f,0x61,0x74,0x33,0x20,0x5f,0x31,0x33,
    0x31,0x20,0x3d,0x20,0x2d,0x5f,0x31,0x31,0x30,0x5f,0x73,0x75,0x6e,0x5f,0x64,0x69,
    0x72,0x2e,0x78,0x79,0x7a,0x3b,0x0a,0x20,0x20,0x20,0x20,0x20,0x20,0x20,0x20,0x66,
    0x6c,0x6f,0x61,0x74,0x20,0x5f,0x31,0x33,0x36,0x20,0x3d,0x20,0x6d,0x61,0x78,0x28,
    0x64,0x6f,0x74,0x28,0x6e,0x2c,0x20,0x5f,0x31,0x33,0x31,0x29,0x2c,0x20,0x30,0x2e,
    0x30,0x66,0x29,0x3b,0x0a,0x20,0x20,0x20,0x20,0x20,0x20,0x20,0x20,0x66,0x6c,0x6f,
    0x61,0x74,0x20,0x5f,0x31,0x35,0x33,0x3b,0x0a,0x20,0x20,0x20,0x20,0x20,0x20,0x20,
    0x20,0x69,0x66,0x20,0x28,0x5f,0x31,0x33,0x36,0x20,0x3e,0x20,0x30,0x2e,0x30,0x66,
    0x29,0x0a,0x20,0x20,0x20,0x20,0x20,0x20,0x20,0x20,0x7b,0x0a,0x20,0x20,0x20,0x20,
    0x20,0x20,0x20,0x20,0x20,0x20,0x20,0x20,0x5f,0x31,0x35,0x33,0x20,0x3d,0x20,0x70,
    0x6f,0x77,0x28,0x6d,0x61,0x78,0x28,0x64,0x6f,0x74,0x28,0x6e,0x2c,0x20,0x6e,0x6f,
    0x72,0x6d,0x61,0x6c,0x69,0x7a,0x65,0x28,0x5f,0x31,0x33,0x31,0x20,0x2b,0x20,0x6e,
    0x6f,0x72,0x6d,0x61,0x6c,0x69,0x7a,0x65,0x28,0x5f,0x31,0x31,0x30,0x5f,0x63,0x61,
    0x6d,0x65,0x72,0x61,0x5f,0x70,0x6f,0x73,0x2e,0x78,0x79,0x7a,0x20,0x2d,0x20,0x76,
    0x5f,0x77,0x6f,0x72,0x6c,0x64,0x5f,0x70,0x6f,0x73,0x29,0x29,0x29,0x2c,0x20,0x30,
    0x2e,0x30,0x66,0x29,0x2c,0x20,0x5f,0x35,0x33,0x5f,0x73,0x75,0x72,0x66,0x61,0x63,
    0x65,0x2e,0x79,0x29,0x20,0x2a,0x20,0x5f,0x35,0x33,0x5f,0x73,0x75,0x72,0x66,0x61,
    0x63,0x65,0x2e,0x78,0x3b,0x0a,0x20,0x20,0x20,0x20,0x20,0x20,0x20,0x20,0x7d,0x0a,
    0x20,0x20,0x20,0x20,0x20,0x20,0x20,0x20,0x65,0x6c,0x73,0x65,0x0a,0x20,0x20,0x20,
    0x20,0x20,0x20,0x20,0x20,0x7b,0x0a,0x20,0x20,0x20,0x20,0x20,0x20,0x20,0x20,0x20,
    0x20,0x20,0x20,0x5f,0x31,0x35,0x33,0x20,0x3d,0x20,0x30,0x2e,0x30,0x66,0x3b,0x0a,
    0x20,0x20,0x20,0x20,0x20,0x20,0x20,0x20,0x7d,0x0a,0x20,0x20,0x20,0x20,0x20,0x20,
    0x20,0x20,0x63,0x6f,0x6c,0x6f,0x72,0x20,0x3d,0x20,0x28,0x5f,0x38,0x33,0x20,0x2a,
    0x20,0x28,0x6c,0x65,0x72,0x70,0x28,0x5f,0x31,0x31,0x30,0x5f,0x67,0x72,0x6f,0x75,
    0x6e,0x64,0x5f,0x61,0x6d,0x62,0x69,0x65,0x6e,0x74,0x2e,0x78,0x79,0x7a,0x2c,0x20,
    0x5f,0x31,0x31,0x30,0x5f,0x73,0x6b,0x79,0x5f,0x61,0x6d,0x62,0x69,0x65,0x6e,0x74,
    0x2e,0x78,0x79,0x7a,0x2c,0x20,0x28,0x28,0x6e,0x2e,0x79,0x20,0x2a,0x20,0x30,0x2e,
    0x35,0x66,0x29,0x20,0x2b,0x20,0x30,0x2e,0x35,0x66,0x29,0x2e,0x78,0x78,0x78,0x29,
    0x20,0x2b,0x20,0x28,0x5f,0x31,0x31,0x30,0x5f,0x73,0x75,0x6e,0x5f,0x63,0x6f,0x6c,
    0x6f,0x72,0x2e,0x78,0x79,0x7a,0x20,0x2a,0x20,0x5f,0x31,0x33,0x36,0x29,0x29,0x29,
    0x20,0x2b,0x20,0x28,0x5f,0x31,0x31,0x30,0x5f,0x73,0x75,0x6e,0x5f,0x63,0x6f,0x6c,
    0x6f,0x72,0x2e,0x78,0x79,0x7a,0x20,0x2a,0x20,0x5f,0x31,0x35,0x33,0x29,0x3b,0x0a,
    0x20,0x20,0x20,0x20,0x7d,0x0a,0x20,0x20,0x20,0x20,0x66,0x6c,0x6f,0x61,0x74,0x33,
    0x20,0x70,0x61,0x72,0x61,0x6d,0x5f,0x31,0x20,0x3d,0x20,0x5f,0x35,0x33,0x5f,0x65,
    0x6d,0x69,0x73,0x73,0x69,0x76,0x65,0x2e,0x78,0x79,0x7a,0x3b,0x0a,0x20,0x20,0x20,
    0x20,0x66,0x6c,0x6f,0x61,0x74,0x33,0x20,0x5f,0x31,0x38,0x39,0x20,0x3d,0x20,0x63,
    0x6f,0x6c,0x6f,0x72,0x3b,0x0a,0x20,0x20,0x20,0x20,0x66,0x6c,0x6f,0x61,0x74,0x33,
    0x20,0x5f,0x31,0x39,0x30,0x20,0x3d,0x20,0x5f,0x31,0x38,0x39,0x20,0x2b,0x20,0x74,
    0x6f,0x5f,0x6c,0x69,0x6e,0x65,0x61,0x72,0x28,0x70,0x61,0x72,0x61,0x6d,0x5f,0x31,
    0x29,0x3b,0x0a,0x20,0x20,0x20,0x20,0x63,0x6f,0x6c,0x6f,0x72,0x20,0x3d,0x20,0x5f,
    0x31,0x39,0x30,0x3b,0x0a,0x20,0x20,0x20,0x20,0x66,0x6c,0x6f,0x61,0x74,0x33,0x20,
    0x70,0x61,0x72,0x61,0x6d,0x5f,0x32,0x20,0x3d,0x20,0x5f,0x31,0x39,0x30,0x3b,0x0a,
    0x20,0x20,0x20,0x20,0x66,0x72,0x61,0x67,0x5f,0x63,0x6f,0x6c,0x6f,0x72,0x20,0x3d,
    0x20,0x66,0x6c,0x6f,0x61,0x74,0x34,0x28,0x74,0x6f,0x5f,0x73,0x72,0x67,0x62,0x28,
    0x70,0x61,0x72,0x61,0x6d,0x5f,0x32,0x29,0x2c,0x20,0x5f,0x36,0x39,0x29,0x3b,0x0a,
    0x7d,0x0a,0x0a,0x53,0x50,0x49,0x52,0x56,0x5f,0x43,0x72,0x6f,0x73,0x73,0x5f,0x4f,
    0x75,0x74,0x70,0x75,0x74,0x20,0x6d,0x61,0x69,0x6e,0x28,0x53,0x50,0x49,0x52,0x56,
    0x5f,0x43,0x72,0x6f,0x73,0x73,0x5f,0x49,0x6e,0x70,0x75,0x74,0x20,0x73,0x74,0x61,
    0x67,0x65,0x5f,0x69,0x6e,0x70,0x75,0x74,0x29,0x0a,0x7b,0x0a,0x20,0x20,0x20,0x20,
    0x67,0x6c,0x5f,0x46,0x72,0x6f,0x6e,0x74,0x46,0x61,0x63,0x69,0x6e,0x67,0x20,0x3d,
    0x20,0x73,0x74,0x61,0x67,0x65,0x5f,0x69,0x6e,0x70,0x75,0x74,0x2e,0x67,0x6c,0x5f,
    0x46,0x72,0x6f,0x6e,0x74,0x46,0x61,0x63,0x69,0x6e,0x67,0x3b,0x0a,0x20,0x20,0x20,
    0x20,0x76,0x5f,0x75,0x76,0x20,0x3d,0x20,0x73,0x74,0x61,0x67,0x65,0x5f,0x69,0x6e,
    0x70,0x75,0x74,0x2e,0x76,0x5f,0x75,0x76,0x3b,0x0a,0x20,0x20,0x20,0x20,0x76,0x5f,
    0x63,0x6f,0x6c,0x6f,0x72,0x20,0x3d,0x20,0x73,0x74,0x61,0x67,0x65,0x5f,0x69,0x6e,
    0x70,0x75,0x74,0x2e,0x76,0x5f,0x63,0x6f,0x6c,0x6f,0x72,0x3b,0x0a,0x20,0x20,0x20,
    0x20,0x76,0x5f,0x6e,0x6f,0x72,0x6d,0x61,0x6c,0x20,0x3d,0x20,0x73,0x74,0x61,0x67,
    0x65,0x5f,0x69,0x6e,0x70,0x75,0x74,0x2e,0x76,0x5f,0x6e,0x6f,0x72,0x6d,0x61,0x6c,
    0x3b,0x0a,0x20,0x20,0x20,0x20,0x76,0x5f,0x77,0x6f,0x72,0x6c,0x64,0x5f,0x70,0x6f,
    0x73,0x20,0x3d,0x20,0x73,0x74,0x61,0x67,0x65,0x5f,0x69,0x6e,0x70,0x75,0x74,0x2e,
    0x76,0x5f,0x77,0x6f,0x72,0x6c,0x64,0x5f,0x70,0x6f,0x73,0x3b,0x0a,0x20,0x20,0x20,
    0x20,0x66,0x72,0x61,0x67,0x5f,0x6d,0x61,0x69,0x6e,0x28,0x29,0x3b,0x0a,0x20,0x20,
    0x20,0x20,0x53,0x50,0x49,0x52,0x56,0x5f,0x43,0x72,0x6f,0x73,0x73,0x5f,0x4f,0x75,
    0x74,0x70,0x75,0x74,0x20,0x73,0x74,0x61,0x67,0x65,0x5f,0x6f,0x75,0x74,0x70,0x75,
    0x74,0x3b,0x0a,0x20,0x20,0x20,0x20,0x73,0x74,0x61,0x67,0x65,0x5f,0x6f,0x75,0x74,
    0x70,0x75,0x74,0x2e,0x66,0x72,0x61,0x67,0x5f,0x63,0x6f,0x6c,0x6f,0x72,0x20,0x3d,
    0x20,0x66,0x72,0x61,0x67,0x5f,0x63,0x6f,0x6c,0x6f,0x72,0x3b,0x0a,0x20,0x20,0x20,
    0x20,0x72,0x65,0x74,0x75,0x72,0x6e,0x20,0x73,0x74,0x61,0x67,0x65,0x5f,0x6f,0x75,
    0x74,0x70,0x75,0x74,0x3b,0x0a,0x7d,0x0a,0x00,
};
/*
    #include <metal_stdlib>
    #include <simd/simd.h>

    using namespace metal;

    struct lit_vs_params
    {
        float4x4 model;
        float4x4 view_proj;
        float4x4 normal_matrix;
        float4 uv_transform;
    };

    struct main0_out
    {
        float3 v_world_pos [[user(locn0)]];
        float3 v_normal [[user(locn1)]];
        float2 v_uv [[user(locn2)]];
        float4 v_color [[user(locn3)]];
        float4 gl_Position [[position]];
    };

    struct main0_in
    {
        float3 position [[attribute(0)]];
        float3 normal [[attribute(1)]];
        float2 texcoord0 [[attribute(2)]];
        float4 color0 [[attribute(3)]];
    };

    vertex main0_out main0(main0_in in [[stage_in]], constant lit_vs_params& _13 [[buffer(0)]])
    {
        main0_out out = {};
        float4 _28 = _13.model * float4(in.position, 1.0);
        out.v_world_pos = _28.xyz;
        out.v_normal = (_13.normal_matrix * float4(in.normal, 0.0)).xyz;
        out.v_uv = (in.texcoord0 * _13.uv_transform.xy) + _13.uv_transform.zw;
        out.v_color = in.color0;
        out.gl_Position = _13.view_proj * _28;
        return out;
    }

*/
static const uint8_t lit_vs_source_metal_macos[1013] = {
    0x23,0x69,0x6e,0x63,0x6c,0x75,0x64,0x65,0x20,0x3c,0x6d,0x65,0x74,0x61,0x6c,0x5f,
    0x73,0x74,0x64,0x6c,0x69,0x62,0x3e,0x0a,0x23,0x69,0x6e,0x63,0x6c,0x75,0x64,0x65,
    0x20,0x3c,0x73,0x69,0x6d,0x64,0x2f,0x73,0x69,0x6d,0x64,0x2e,0x68,0x3e,0x0a,0x0a,
    0x75,0x73,0x69,0x6e,0x67,0x20,0x6e,0x61,0x6d,0x65,0x73,0x70,0x61,0x63,0x65,0x20,
    0x6d,0x65,0x74,0x61,0x6c,0x3b,0x0a,0x0a,0x73,0x74,0x72,0x75,0x63,0x74,0x20,0x6c,
    0x69,0x74,0x5f,0x76,0x73,0x5f,0x70,0x61,0x72,0x61,0x6d,0x73,0x0a,0x7b,0x0a,0x20,
    0x20,0x20,0x20,0x66,0x6c,0x6f,0x61,0x74,0x34,0x78,0x34,0x20,0x6d,0x6f,0x64,0x65,
    0x6c,0x3b,0x0a,0x20,0x20,0x20,0x20,0x66,0x6c,0x6f,0x61,0x74,0x34,0x78,0x34,0x20,
    0x76,0x69,0x65,0x77,0x5f,0x70,0x72,0x6f,0x6a,0x3b,0x0a,0x20,0x20,0x20,0x20,0x66,
    0x6c,0x6f,0x61,0x74,0x34,0x78,0x34,0x20,0x6e,0x6f,0x72,0x6d,0x61,0x6c,0x5f,0x6d,
    0x61,0x74,0x72,0x69,0x78,0x3b,0x0a,0x20,0x20,0x20,0x20,0x66,0x6c,0x6f,0x61,0x74,
    0x34,0x20,0x75,0x76,0x5f,0x74,0x72,0x61,0x6e,0x73,0x66,0x6f,0x72,0x6d,0x3b,0x0a,
    0x7d,0x3b,0x0a,0x0a,0x73,0x74,0x72,0x75,0x63,0x74,0x20,0x6d,0x61,0x69,0x6e,0x30,
    0x5f,0x6f,0x75,0x74,0x0a,0x7b,0x0a,0x20,0x20,0x20,0x20,0x66,0x6c,0x6f,0x61,0x74,
    0x33,0x20,0x76,0x5f,0x77,0x6f,0x72,0x6c,0x64,0x5f,0x70,0x6f,0x73,0x20,0x5b,0x5b,
    0x75,0x73,0x65,0x72,0x28,0x6c,0x6f,0x63,0x6e,0x30,0x29,0x5d,0x5d,0x3b,0x0a,0x20,
    0x20,0x20,0x20,0x66,0x6c,0x6f,0x61,0x74,0x33,0x20,0x76,0x5f,0x6e,0x6f,0x72,0x6d,
    0x61,0x6c,0x20,0x5b,0x5b,0x75,0x73,0x65,0x72,0x28,0x6c,0x6f,0x63,0x6e,0x31,0x29,
    0x5d,0x5d,0x3b,0x0a,0x20,0x20,0x20,0x20,0x66,0x6c,0x6f,0x61,0x74,0x32,0x20,0x76,
    0x5f,0x75,0x76,0x20,0x5b,0x5b,0x75,0x73,0x65,0x72,0x28,0x6c,0x6f,0x63,0x6e,0x32,
    0x29,0x5d,0x5d,0x3b,0x0a,0x20,0x20,0x20,0x20,0x66,0x6c,0x6f,0x61,0x74,0x34,0x20,
    0x76,0x5f,0x63,0x6f,0x6c,0x6f,0x72,0x20,0x5b,0x5b,0x75,0x73,0x65,0x72,0x28,0x6c,
    0x6f,0x63,0x6e,0x33,0x29,0x5d,0x5d,0x3b,0x0a,0x20,0x20,0x20,0x20,0x66,0x6c,0x6f,
    0x61,0x74,0x34,0x20,0x67,0x6c,0x5f,0x50,0x6f,0x73,0x69,0x74,0x69,0x6f,0x6e,0x20,
    0x5b,0x5b,0x70,0x6f,0x73,0x69,0x74,0x69,0x6f,0x6e,0x5d,0x5d,0x3b,0x0a,0x7d,0x3b,
    0x0a,0x0a,0x73,0x74,0x72,0x75,0x63,0x74,0x20,0x6d,0x61,0x69,0x6e,0x30,0x5f,0x69,
    0x6e,0x0a,0x7b,0x0a,0x20,0x20,0x20,0x20,0x66,0x6c,0x6f,0x61,0x74,0x33,0x20,0x70,
    0x6f,0x73,0x69,0x74,0x69,0x6f,0x6e,0x20,0x5b,0x5b,0x61,0x74,0x74,0x72,0x69,0x62,
    0x75,0x74,0x65,0x28,0x30,0x29,0x5d,0x5d,0x3b,0x0a,0x20,0x20,0x20,0x20,0x66,0x6c,
    0x6f,0x61,0x74,0x33,0x20,0x6e,0x6f,0x72,0x6d,0x61,0x6c,0x20,0x5b,0x5b,0x61,0x74,
    0x74,0x72,0x69,0x62,0x75,0x74,0x65,0x28,0x31,0x29,0x5d,0x5d,0x3b,0x0a,0x20,0x20,
    0x20,0x20,0x66,0x6c,0x6f,0x61,0x74,0x32,0x20,0x74,0x65,0x78,0x63,0x6f,0x6f,0x72,
    0x64,0x30,0x20,0x5b,0x5b,0x61,0x74,0x74,0x72,0x69,0x62,0x75,0x74,0x65,0x28,0x32,
    0x29,0x5d,0x5d,0x3b,0x0a,0x20,0x20,0x20,0x20,0x66,0x6c,0x6f,0x61,0x74,0x34,0x20,
    0x63,0x6f,0x6c,0x6f,0x72,0x30,0x20,0x5b,0x5b,0x61,0x74,0x74,0x72,0x69,0x62,0x75,
    0x74,0x65,0x28,0x33,0x29,0x5d,0x5d,0x3b,0x0a,0x7d,0x3b,0x0a,0x0a,0x76,0x65,0x72,
    0x74,0x65,0x78,0x20,0x6d,0x61,0x69,0x6e,0x30,0x5f,0x6f,0x75,0x74,0x20,0x6d,0x61,
    0x69,0x6e,0x30,0x28,0x6d,0x61,0x69,0x6e,0x30,0x5f,0x69,0x6e,0x20,0x69,0x6e,0x20,
    0x5b,0x5b,0x73,0x74,0x61,0x67,0x65,0x5f,0x69,0x6e,0x5d,0x5d,0x2c,0x20,0x63,0x6f,
    0x6e,0x73,0x74,0x61,0x6e,0x74,0x20,0x6c,0x69,0x74,0x5f,0x76,0x73,0x5f,0x70,0x61,
    0x72,0x61,0x6d,0x73,0x26,0x20,0x5f,0x31,0x33,0x20,0x5b,0x5b,0x62,0x75,0x66,0x66,
    0x65,0x72,0x28,0x30,0x29,0x5d,0x5d,0x29,0x0a,0x7b,0x0a,0x20,0x20,0x20,0x20,0x6d,
    0x61,0x69,0x6e,0x30,0x5f,0x6f,0x75,0x74,0x20,0x6f,0x75,0x74,0x20,0x3d,0x20,0x7b,
    0x7d,0x3b,0x0a,0x20,0x20,0x20,0x20,0x66,0x6c,0x6f,0x61,0x74,0x34,0x20,0x5f,0x32,
    0x38,0x20,0x3d,0x20,0x5f,0x31,0x33,0x2e,0x6d,0x6f,0x64,0x65,0x6c,0x20,0x2a,0x20,
    0x66,0x6c,0x6f,0x61,0x74,0x34,0x28,0x69,0x6e,0x2e,0x70,0x6f,0x73,0x69,0x74,0x69,
    0x6f,0x6e,0x2c,0x20,0x31,0x2e,0x30,0x29,0x3b,0x0a,0x20,0x20,0x20,0x20,0x6f,0x75,
    0x74,0x2e,0x76,0x5f,0x77,0x6f,0x72,0x6c,0x64,0x5f,0x70,0x6f,0x73,0x20,0x3d,0x20,
    0x5f,0x32,0x38,0x2e,0x78,0x79,0x7a,0x3b,0x0a,0x20,0x20,0x20,0x20,0x6f,0x75,0x74,
    0x2e,0x76,0x5f,0x6e,0x6f,0x72,0x6d,0x61,0x6c,0x20,0x3d,0x20,0x28,0x5f,0x31,0x33,
    0x2e,0x6e,0x6f,0x72,0x6d,0x61,0x6c,0x5f,0x6d,0x61,0x74,0x72,0x69,0x78,0x20,0x2a,
    0x20,0x66,0x6c,0x6f,0x61,0x74,0x34,0x28,0x69,0x6e,0x2e,0x6e,0x6f,0x72,0x6d,0x61,
    0x6c,0x2c,0x20,0x30,0x2e,0x30,0x29,0x29,0x2e,0x78,0x79,0x7a,0x3b,0x0a,0x20,0x20,
    0x20,0x20,0x6f,0x75,0x74,0x2e,0x76,0x5f,0x75,0x76,0x20,0x3d,0x20,0x28,0x69,0x6e,
    0x2e,0x74,0x65,0x78,0x63,0x6f,0x6f,0x72,0x64,0x30,0x20,0x2a,0x20,0x5f,0x31,0x33,
    0x2e,0x75,0x76,0x5f,0x74,0x72,0x61,0x6e,0x73,0x66,0x6f,0x72,0x6d,0x2e,0x78,0x79,
    0x29,0x20,0x2b,0x20,0x5f,0x31,0x33,0x2e,0x75,0x76,0x5f,0x74,0x72,0x61,0x6e,0x73,
    0x66,0x6f,0x72,0x6d,0x2e,0x7a,0x77,0x3b,0x0a,0x20,0x20,0x20,0x20,0x6f,0x75,0x74,
    0x2e,0x76,0x5f,0x63,0x6f,0x6c,0x6f,0x72,0x20,0x3d,0x20,0x69,0x6e,0x2e,0x63,0x6f,
    0x6c,0x6f,0x72,0x30,0x3b,0x0a,0x20,0x20,0x20,0x20,0x6f,0x75,0x74,0x2e,0x67,0x6c,
    0x5f,0x50,0x6f,0x73,0x69,0x74,0x69,0x6f,0x6e,0x20,0x3d,0x20,0x5f,0x31,0x33,0x2e,
    0x76,0x69,0x65,0x77,0x5f,0x70,0x72,0x6f,0x6a,0x20,0x2a,0x20,0x5f,0x32,0x38,0x3b,
    0x0a,0x20,0x20,0x20,0x20,0x72,0x65,0x74,0x75,0x72,0x6e,0x20,0x6f,0x75,0x74,0x3b,
    0x0a,0x7d,0x0a,0x0a,0x00,
};
/*
    #pragma clang diagnostic ignored "-Wmissing-prototypes"

    #include <metal_stdlib>
    #include <simd/simd.h>

    using namespace metal;

    struct lit_material_params
    {
        float4 base_color;
        float4 emissive;
        float4 surface;
    };

    struct lit_scene_params
    {
        float4 camera_pos;
        float4 sun_dir;
        float4 sun_color;
        float4 sky_ambient;
        float4 ground_ambient;
    };

    struct main0_out
    {
        float4 frag_color [[color(0)]];
    };

    struct main0_in
    {
        float3 v_world_pos [[user(locn0)]];
        float3 v_normal [[user(locn1)]];
        float2 v_uv [[user(locn2)]];
        float4 v_color [[user(locn3)]];
    };

    static inline __attribute__((always_inline))
    float3 to_linear(thread const float3& c)
    {
        return powr(fast::max(c, float3(0.0)), float3(2.2000000476837158203125));
    }

    static inline __attribute__((always_inline))
    float3 to_srgb(thread const float3& c)
    {
        return powr(fast::max(c, float3(0.0)), float3(0.4545454680919647216796875));
    }

    fragment main0_out main0(main0_in in [[stage_in]], constant lit_scene_params& _110 [[buffer(1)]], constant lit_material_params& _53 [[buffer(2)]], texture2d<float> base_tex [[texture(0)]], sampler base_smp [[sampler(0)]], bool gl_FrontFacing [[front_facing]])
    {
        main0_out out = {};
        float4 _49 = base_tex.sample(base_smp, in.v_uv);
        float4 _64 = (_53.base_color * in.v_color) * _49;
        float _69 = _64.w;
        if (_69 < _53.surface.w)
        {
            discard_fragment();
        }
        float3 param = _64.xyz;
        float3 _83 = to_linear(param);
        float3 color;
        if (_53.surface.z > 0.5)
        {
            color = _83;
        }
        else
        {
            float3 n = fast::normalize(in.v_normal);
            if (!gl_FrontFacing)
            {
                n = -n;
            }
            float3 _131 = -_110.sun_dir.xyz;
            float _136 = fast::max(dot(n, _131), 0.0);
            float _153;
            if (_136 > 0.0)
            {
                _153 = powr(fast::max(dot(n, fast::normalize(_131 + fast::normalize(_110.camera_pos.xyz - in.v_world_pos))), 0.0), _53.surface.y) * _53.surface.x;
            }
            else
            {
                _153 = 0.0;
            }
            color = (_83 * (mix(_110.ground_ambient.xyz, _110.sky_ambient.xyz, float3((n.y * 0.5) + 0.5)) + (_110.sun_color.xyz * _136))) + (_110.sun_color.xyz * _153);
        }
        float3 param_1 = _53.emissive.xyz;
        float3 _189 = color;
        float3 _190 = _189 + to_linear(param_1);
        color = _190;
        float3 param_2 = _190;
        out.frag_color = float4(to_srgb(param_2), _69);
        return out;
    }

*/
static const uint8_t lit_fs_source_metal_macos[2468] = {
    0x23,0x70,0x72,0x61,0x67,0x6d,0x61,0x20,0x63,0x6c,0x61,0x6e,0x67,0x20,0x64,0x69,
    0x61,0x67,0x6e,0x6f,0x73,0x74,0x69,0x63,0x20,0x69,0x67,0x6e,0x6f,0x72,0x65,0x64,
    0x20,0x22,0x2d,0x57,0x6d,0x69,0x73,0x73,0x69,0x6e,0x67,0x2d,0x70,0x72,0x6f,0x74,
    0x6f,0x74,0x79,0x70,0x65,0x73,0x22,0x0a,0x0a,0x23,0x69,0x6e,0x63,0x6c,0x75,0x64,
    0x65,0x20,0x3c,0x6d,0x65,0x74,0x61,0x6c,0x5f,0x73,0x74,0x64,0x6c,0x69,0x62,0x3e,
    0x0a,0x23,0x69,0x6e,0x63,0x6c,0x75,0x64,0x65,0x20,0x3c,0x73,0x69,0x6d,0x64,0x2f,
    0x73,0x69,0x6d,0x64,0x2e,0x68,0x3e,0x0a,0x0a,0x75,0x73,0x69,0x6e,0x67,0x20,0x6e,
    0x61,0x6d,0x65,0x73,0x70,0x61,0x63,0x65,0x20,0x6d,0x65,0x74,0x61,0x6c,0x3b,0x0a,
    0x0a,0x73,0x74,0x72,0x75,0x63,0x74,0x20,0x6c,0x69,0x74,0x5f,0x6d,0x61,0x74,0x65,
    0x72,0x69,0x61,0x6c,0x5f,0x70,0x61,0x72,0x61,0x6d,0x73,0x0a,0x7b,0x0a,0x20,0x20,
    0x20,0x20,0x66,0x6c,0x6f,0x61,0x74,0x34,0x20,0x62,0x61,0x73,0x65,0x5f,0x63,0x6f,
    0x6c,0x6f,0x72,0x3b,0x0a,0x20,0x20,0x20,0x20,0x66,0x6c,0x6f,0x61,0x74,0x34,0x20,
    0x65,0x6d,0x69,0x73,0x73,0x69,0x76,0x65,0x3b,0x0a,0x20,0x20,0x20,0x20,0x66,0x6c,
    0x6f,0x61,0x74,0x34,0x20,0x73,0x75,0x72,0x66,0x61,0x63,0x65,0x3b,0x0a,0x7d,0x3b,
    0x0a,0x0a,0x73,0x74,0x72,0x75,0x63,0x74,0x20,0x6c,0x69,0x74,0x5f,0x73,0x63,0x65,
    0x6e,0x65,0x5f,0x70,0x61,0x72,0x61,0x6d,0x73,0x0a,0x7b,0x0a,0x20,0x20,0x20,0x20,
    0x66,0x6c,0x6f,0x61,0x74,0x34,0x20,0x63,0x61,0x6d,0x65,0x72,0x61,0x5f,0x70,0x6f,
    0x73,0x3b,0x0a,0x20,0x20,0x20,0x20,0x66,0x6c,0x6f,0x61,0x74,0x34,0x20,0x73,0x75,
    0x6e,0x5f,0x64,0x69,0x72,0x3b,0x0a,0x20,0x20,0x20,0x20,0x66,0x6c,0x6f,0x61,0x74,
    0x34,0x20,0x73,0x75,0x6e,0x5f,0x63,0x6f,0x6c,0x6f,0x72,0x3b,0x0a,0x20,0x20,0x20,
    0x20,0x66,0x6c,0x6f,0x61,0x74,0x34,0x20,0x73,0x6b,0x79,0x5f,0x61,0x6d,0x62,0x69,
    0x65,0x6e,0x74,0x3b,0x0a,0x20,0x20,0x20,0x20,0x66,0x6c,0x6f,0x61,0x74,0x34,0x20,
    0x67,0x72,0x6f,0x75,0x6e,0x64,0x5f,0x61,0x6d,0x62,0x69,0x65,0x6e,0x74,0x3b,0x0a,
    0x7d,0x3b,0x0a,0x0a,0x73,0x74,0x72,0x75,0x63,0x74,0x20,0x6d,0x61,0x69,0x6e,0x30,
    0x5f,0x6f,0x75,0x74,0x0a,0x7b,0x0a,0x20,0x20,0x20,0x20,0x66,0x6c,0x6f,0x61,0x74,
    0x34,0x20,0x66,0x72,0x61,0x67,0x5f,0x63,0x6f,0x6c,0x6f,0x72,0x20,0x5b,0x5b,0x63,
    0x6f,0x6c,0x6f,0x72,0x28,0x30,0x29,0x5d,0x5d,0x3b,0x0a,0x7d,0x3b,0x0a,0x0a,0x73,
    0x74,0x72,0x75,0x63,0x74,0x20,0x6d,0x61,0x69,0x6e,0x30,0x5f,0x69,0x6e,0x0a,0x7b,
    0x0a,0x20,0x20,0x20,0x20,0x66,0x6c,0x6f,0x61,0x74,0x33,0x20,0x76,0x5f,0x77,0x6f,
    0x72,0x6c,0x64,0x5f,0x70,0x6f,0x73,0x20,0x5b,0x5b,0x75,0x73,0x65,0x72,0x28,0x6c,
    0x6f,0x63,0x6e,0x30,0x29,0x5d,0x5d,0x3b,0x0a,0x20,0x20,0x20,0x20,0x66,0x6c,0x6f,
    0x61,0x74,0x33,0x20,0x76,0x5f,0x6e,0x6f,0x72,0x6d,0x61,0x6c,0x20,0x5b,0x5b,0x75,
    0x73,0x65,0x72,0x28,0x6c,0x6f,0x63,0x6e,0x31,0x29,0x5d,0x5d,0x3b,0x0a,0x20,0x20,
    0x20,0x20,0x66,0x6c,0x6f,0x61,0x74,0x32,0x20,0x76,0x5f,0x75,0x76,0x20,0x5b,0x5b,
    0x75,0x73,0x65,0x72,0x28,0x6c,0x6f,0x63,0x6e,0x32,0x29,0x5d,0x5d,0x3b,0x0a,0x20,
    0x20,0x20,0x20,0x66,0x6c,0x6f,0x61,0x74,0x34,0x20,0x76,0x5f,0x63,0x6f,0x6c,0x6f,
    0x72,0x20,0x5b,0x5b,0x75,0x73,0x65,0x72,0x28,0x6c,0x6f,0x63,0x6e,0x33,0x29,0x5d,
    0x5d,0x3b,0x0a,0x7d,0x3b,0x0a,0x0a,0x73,0x74,0x61,0x74,0x69,0x63,0x20,0x69,0x6e,
    0x6c,0x69,0x6e,0x65,0x20,0x5f,0x5f,0x61,0x74,0x74,0x72,0x69,0x62,0x75,0x74,0x65,
    0x5f,0x5f,0x28,0x28,0x61,0x6c,0x77,0x61,0x79,0x73,0x5f,0x69,0x6e,0x6c,0x69,0x6e,
    0x65,0x29,0x29,0x0a,0x66,0x6c,0x6f,0x61,0x74,0x33,0x20,0x74,0x6f,0x5f,0x6c,0x69,
    0x6e,0x65,0x61,0x72,0x28,0x74,0x68,0x72,0x65,0x61,0x64,0x20,0x63,0x6f,0x6e,0x73,
    0x74,0x20,0x66,0x6c,0x6f,0x61,0x74,0x33,0x26,0x20,0x63,0x29,0x0a,0x7b,0x0a,0x20,
    0x20,0x20,0x20,0x72,0x65,0x74,0x75,0x72,0x6e,0x20,0x70,0x6f,0x77,0x72,0x28,0x66,
    0x61,0x73,0x74,0x3a,0x3a,0x6d,0x61,0x78,0x28,0x63,0x2c,0x20,0x66,0x6c,0x6f,0x61,
    0x74,0x33,0x28,0x30,0x2e,0x30,0x29,0x29,0x2c,0x20,0x66,0x6c,0x6f,0x61,0x74,0x33,
    0x28,0x32,0x2e,0x32,0x30,0x30,0x30,0x30,0x30,0x30,0x34,0x37,0x36,0x38,0x33,0x37,
    0x31,0x35,0x38,0x32,0x30,0x33,0x31,0x32,0x35,0x29,0x29,0x3b,0x0a,0x7d,0x0a,0x0a,
    0x73,0x74,0x61,0x74,0x69,0x63,0x20,0x69,0x6e,0x6c,0x69,0x6e,0x65,0x20,0x5f,0x5f,
    0x61,0x74,0x74,0x72,0x69,0x62,0x75,0x74,0x65,0x5f,0x5f,0x28,0x28,0x61,0x6c,0x77,
    0x61,0x79,0x73,0x5f,0x69,0x6e,0x6c,0x69,0x6e,0x65,0x29,0x29,0x0a,0x66,0x6c,0x6f,
    0x61,0x74,0x33,0x20,0x74,0x6f,0x5f,0x73,0x72,0x67,0x62,0x28,0x74,0x68,0x72,0x65,
    0x61,0x64,0x20,0x63,0x6f,0x6e,0x73,0x74,0x20,0x66,0x6c,0x6f,0x61,0x74,0x33,0x26,
    0x20,0x63,0x29,0x0a,0x7b,0x0a,0x20,0x20,0x20,0x20,0x72,0x65,0x74,0x75,0x72,0x6e,
    0x20,0x70,0x6f,0x77,0x72,0x28,0x66,0x61,0x73,0x74,0x3a,0x3a,0x6d,0x61,0x78,0x28,
    0x63,0x2c,0x20,0x66,0x6c,0x6f,0x61,0x74,0x33,0x28,0x30,0x2e,0x30,0x29,0x29,0x2c,
    0x20,0x66,0x6c,0x6f,0x61,0x74,0x33,0x28,0x30,0x2e,0x34,0x35,0x34,0x35,0x34,0x35,
    0x34,0x36,0x38,0x30,0x39,0x31,0x39,0x36,0x34,0x37,0x32,0x31,0x36,0x37,0x39,0x36,
    0x38,0x37,0x35,0x29,0x29,0x3b,0x0a,0x7d,0x0a,0x0a,0x66,0x72,0x61,0x67,0x6d,0x65,
    0x6e,0x74,0x20,0x6d,0x61,0x69,0x6e,0x30,0x5f,0x6f,0x75,0x74,0x20,0x6d,0x61,0x69,
    0x6e,0x30,0x28,0x6d,0x61,0x69,0x6e,0x30,0x5f,0x69,0x6e,0x20,0x69,0x6e,0x20,0x5b,
    0x5b,0x73,0x74,0x61,0x67,0x65,0x5f,0x69,0x6e,0x5d,0x5d,0x2c,0x20,0x63,0x6f,0x6e,
    0x73,0x74,0x61,0x6e,0x74,0x20,0x6c,0x69,0x74,0x5f,0x73,0x63,0x65,0x6e,0x65,0x5f,
    0x70,0x61,0x72,0x61,0x6d,0x73,0x26,0x20,0x5f,0x31,0x31,0x30,0x20,0x5b,0x5b,0x62,
    0x75,0x66,0x66,0x65,0x72,0x28,0x31,0x29,0x5d,0x5d,0x2c,0x20,0x63,0x6f,0x6e,0x73,
    0x74,0x61,0x6e,0x74,0x20,0x6c,0x69,0x74,0x5f,0x6d,0x61,0x74,0x65,0x72,0x69,0x61,
    0x6c,0x5f,0x70,0x61,0x72,0x61,0x6d,0x73,0x26,0x20,0x5f,0x35,0x33,0x20,0x5b,0x5b,
    0x62,0x75,0x66,0x66,0x65,0x72,0x28,0x32,0x29,0x5d,0x5d,0x2c,0x20,0x74,0x65,0x78,
    0x74,0x75,0x72,0x65,0x32,0x64,0x3c,0x66,0x6c,0x6f,0x61,0x74,0x3e,0x20,0x62,0x61,
    0x73,0x65,0x5f,0x74,0x65,0x78,0x20,0x5b,0x5b,0x74,0x65,0x78,0x74,0x75,0x72,0x65,
    0x28,0x30,0x29,0x5d,0x5d,0x2c,0x20,0x73,0x61,0x6d,0x70,0x6c,0x65,0x72,0x20,0x62,
    0x61,0x73,0x65,0x5f,0x73,0x6d,0x70,0x20,0x5b,0x5b,0x73,0x61,0x6d,0x70,0x6c,0x65,
    0x72,0x28,0x30,0x29,0x5d,0x5d,0x2c,0x20,0x62,0x6f,0x6f,0x6c,0x20,0x67,0x6c,0x5f,
    0x46,0x72,0x6f,0x6e,0x74,0x46,0x61,0x63,0x69,0x6e,0x67,0x20,0x5b,0x5b,0x66,0x72,
    0x6f,0x6e,0x74,0x5f,0x66,0x61,0x63,0x69,0x6e,0x67,0x5d,0x5d,0x29,0x0a,0x7b,0x0a,
    0x20,0x20,0x20,0x20,0x6d,0x61,0x69,0x6e,0x30,0x5f,0x6f,0x75,0x74,0x20,0x6f,0x75,
    0x74,0x20,0x3d,0x20,0x7b,0x7d,0x3b,0x0a,0x20,0x20,0x20,0x20,0x66,0x6c,0x6f,0x61,
    0x74,0x34,0x20,0x5f,0x34,0x39,0x20,0x3d,0x20,0x62,0x61,0x73,0x65,0x5f,0x74,0x65,
    0x78,0x2e,0x73,0x61,0x6d,0x70,0x6c,0x65,0x28,0x62,0x61,0x73,0x65,0x5f,0x73,0x6d,
    0x70,0x2c,0x20,0x69,0x6e,0x2e,0x76,0x5f,0x75,0x76,0x29,0x3b,0x0a,0x20,0x20,0x20,
    0x20,0x66,0x6c,0x6f,0x61,0x74,0x34,0x20,0x5f,0x36,0x34,0x20,0x3d,0x20,0x28,0x5f,
    0x35,0x33,0x2e,0x62,0x61,0x73,0x65,0x5f,0x63,0x6f,0x6c,0x6f,0x72,0x20,0x2a,0x20,
    0x69,0x6e,0x2e,0x76,0x5f,0x63,0x6f,0x6c,0x6f,0x72,0x29,0x20,0x2a,0x20,0x5f,0x34,
    0x39,0x3b,0x0a,0x20,0x20,0x20,0x20,0x66,0x6c,0x6f,0x61,0x74,0x20,0x5f,0x36,0x39,
    0x20,0x3d,0x20,0x5f,0x36,0x34,0x2e,0x77,0x3b,0x0a,0x20,0x20,0x20,0x20,0x69,0x66,
    0x20,0x28,0x5f,0x36,0x39,0x20,0x3c,0x20,0x5f,0x35,0x33,0x2e,0x73,0x75,0x72,0x66,
    0x61,0x63,0x65,0x2e,0x77,0x29,0x0a,0x20,0x20,0x20,0x20,0x7b,0x0a,0x20,0x20,0x20,
    0x20,0x20,0x20,0x20,0x20,0x64,0x69,0x73,0x63,0x61,0x72,0x64,0x5f,0x66,0x72,0x61,
    0x67,0x6d,0x65,0x6e,0x74,0x28,0x29,0x3b,0x0a,0x20,0x20,0x20,0x20,0x7d,0x0a,0x20,
    0x20,0x20,0x20,0x66,0x6c,0x6f,0x61,0x74,0x33,0x20,0x70,0x61,0x72,0x61,0x6d,0x20,
    0x3d,0x20,0x5f,0x36,0x34,0x2e,0x78,0x79,0x7a,0x3b,0x0a,0x20,0x20,0x20,0x20,0x66,
    0x6c,0x6f,0x61,0x74,0x33,0x20,0x5f,0x38,0x33,0x20,0x3d,0x20,0x74,0x6f,0x5f,0x6c,
    0x69,0x6e,0x65,0x61,0x72,0x28,0x70,0x61,0x72,0x61,0x6d,0x29,0x3b,0x0a,0x20,0x20,
    0x20,0x20,0x66,0x6c,0x6f,0x61,0x74,0x33,0x20,0x63,0x6f,0x6c,0x6f,0x72,0x3b,0x0a,
    0x20,0x20,0x20,0x20,0x69,0x66,0x20,0x28,0x5f,0x35,0x33,0x2e,0x73,0x75,0x72,0x66,
    0x61,0x63,0x65,0x2e,0x7a,0x20,0x3e,0x20,0x30,0x2e,0x35,0x29,0x0a,0x20,0x20,0x20,
    0x20,0x7b,0x0a,0x20,0x20,0x20,0x20,0x20,0x20,0x20,0x20,0x63,0x6f,0x6c,0x6f,0x72,
    0x20,0x3d,0x20,0x5f,0x38,0x33,0x3b,0x0a,0x20,0x20,0x20,0x20,0x7d,0x0a,0x20,0x20,
    0x20,0x20,0x65,0x6c,0x73,0x65,0x0a,0x20,0x20,0x20,0x20,0x7b,0x0a,0x20,0x20,0x20,
    0x20,0x20,0x20,0x20,0x20,0x66,0x6c,0x6f,0x61,0x74,0x33,0x20,0x6e,0x20,0x3d,0x20,
    0x66,0x61,0x73,0x74,0x3a,0x3a,0x6e,0x6f,0x72,0x6d,0x61,0x6c,0x69,0x7a,0x65,0x28,
    0x69,0x6e,0x2e,0x76,0x5f,0x6e,0x6f,0x72,0x6d,0x61,0x6c,0x29,0x3b,0x0a,0x20,0x20,
    0x20,0x20,0x20,0x20,0x20,0x20,0x69,0x66,0x20,0x28,0x21,0x67,0x6c,0x5f,0x46,0x72,
    0x6f,0x6e,0x74,0x46,0x61,0x63,0x69,0x6e,0x67,0x29,0x0a,0x20,0x20,0x20,0x20,0x20,
    0x20,0x20,0x20,0x7b,0x0a,0x20,0x20,0x20,0x20,0x20,0x20,0x20,0x20,0x20,0x20,0x20,
    0x20,0x6e,0x20,0x3d,0x20,0x2d,0x6e,0x3b,0x0a,0x20,0x20,0x20,0x20,0x20,0x20,0x20,
    0x20,0x7d,0x0a,0x20,0x20,0x20,0x20,0x20,0x20,0x20,0x20,0x66,0x6c,0x6f,0x61,0x74,
    0x33,0x20,0x5f,0x31,0x33,0x31,0x20,0x3d,0x20,0x2d,0x5f,0x31,0x31,0x30,0x2e,0x73,
    0x75,0x6e,0x5f,0x64,0x69,0x72,0x2e,0x78,0x79,0x7a,0x3b,0x0a,0x20,0x20,0x20,0x20,
    0x20,0x20,0x20,0x20,0x66,0x6c,0x6f,0x61,0x74,0x20,0x5f,0x31,0x33,0x36,0x20,0x3d,
    0x20,0x66,0x61,0x73,0x74,0x3a,0x3a,0x6d,0x61,0x78,0x28,0x64,0x6f,0x74,0x28,0x6e,
    0x2c,0x20,0x5f,0x31,0x33,0x31,0x29,0x2c,0x20,0x30,0x2e,0x30,0x29,0x3b,0x0a,0x20,
    0x20,0x20,0x20,0x20,0x20,0x20,0x20,0x66,0x6c,0x6f,0x61,0x74,0x20,0x5f,0x31,0x35,
    0x33,0x3b,0x0a,0x20,0x20,0x20,0x20,0x20,0x20,0x20,0x20,0x69,0x66,0x20,0x28,0x5f,
    0x31,0x33,0x36,0x20,0x3e,0x20,0x30,0x2e,0x30,0x29,0x0a,0x20,0x20,0x20,0x20,0x20,
    0x20,0x20,0x20,0x7b,0x0a,0x20,0x20,0x20,0x20,0x20,0x20,0x20,0x20,0x20,0x20,0x20,
    0x20,0x5f,0x31,0x35,0x33,0x20,0x3d,0x20,0x70,0x6f,0x77,0x72,0x28,0x66,0x61,0x73,
    0x74,0x3a,0x3a,0x6d,0x61,0x78,0x28,0x64,0x6f,0x74,0x28,0x6e,0x2c,0x20,0x66,0x61,
    0x73,0x74,0x3a,0x3a,0x6e,0x6f,0x72,0x6d,0x61,0x6c,0x69,0x7a,0x65,0x28,0x5f,0x31,
    0x33,0x31,0x20,0x2b,0x20,0x66,0x61,0x73,0x74,0x3a,0x3a,0x6e,0x6f,0x72,0x6d,0x61,
    0x6c,0x69,0x7a,0x65,0x28,0x5f,0x31,0x31,0x30,0x2e,0x63,0x61,0x6d,0x65,0x72,0x61,
    0x5f,0x70,0x6f,0x73,0x2e,0x78,0x79,0x7a,0x20,0x2d,0x20,0x69,0x6e,0x2e,0x76,0x5f,
    0x77,0x6f,0x72,0x6c,0x64,0x5f,0x70,0x6f,0x73,0x29,0x29,0x29,0x2c,0x20,0x30,0x2e,
    0x30,0x29,0x2c,0x20,0x5f,0x35,0x33,0x2e,0x73,0x75,0x72,0x66,0x61,0x63,0x65,0x2e,
    0x79,0x29,0x20,0x2a,0x20,0x5f,0x35,0x33,0x2e,0x73,0x75,0x72,0x66,0x61,0x63,0x65,
    0x2e,0x78,0x3b,0x0a,0x20,0x20,0x20,0x20,0x20,0x20,0x20,0x20,0x7d,0x0a,0x20,0x20,
    0x20,0x20,0x20,0x20,0x20,0x20,0x65,0x6c,0x73,0x65,0x0a,0x20,0x20,0x20,0x20,0x20,
    0x20,0x20,0x20,0x7b,0x0a,0x20,0x20,0x20,0x20,0x20,0x20,0x20,0x20,0x20,0x20,0x20,
    0x20,0x5f,0x31,0x35,0x33,0x20,0x3d,0x20,0x30,0x2e,0x30,0x3b,0x0a,0x20,0x20,0x20,
    0x20,0x20,0x20,0x20,0x20,0x7d,0x0a,0x20,0x20,0x20,0x20,0x20,0x20,0x20,0x20,0x63,
    0x6f,0x6c,0x6f,0x72,0x20,0x3d,0x20,0x28,0x5f,0x38,0x33,0x20,0x2a,0x20,0x28,0x6d,
    0x69,0x78,0x28,0x5f,0x31,0x31,0x30,0x2e,0x67,0x72,0x6f,0x75,0x6e,0x64,0x5f,0x61,
    0x6d,0x62,0x69,0x65,0x6e,0x74,0x2e,0x78,0x79,0x7a,0x2c,0x20,0x5f,0x31,0x31,0x30,
    0x2e,0x73,0x6b,0x79,0x5f,0x61,0x6d,0x62,0x69,0x65,0x6e,0x74,0x2e,0x78,0x79,0x7a,
    0x2c,0x20,0x66,0x6c,0x6f,0x61,0x74,0x33,0x28,0x28,0x6e,0x2e,0x79,0x20,0x2a,0x20,
    0x30,0x2e,0x35,0x29,0x20,0x2b,0x20,0x30,0x2e,0x35,0x29,0x29,0x20,0x2b,0x20,0x28,
    0x5f,0x31,0x31,0x30,0x2e,0x73,0x75,0x6e,0x5f,0x63,0x6f,0x6c,0x6f,0x72,0x2e,0x78,
    0x79,0x7a,0x20,0x2a,0x20,0x5f,0x31,0x33,0x36,0x29,0x29,0x29,0x20,0x2b,0x20,0x28,
    0x5f,0x31,0x31,0x30,0x2e,0x73,0x75,0x6e,0x5f,0x63,0x6f,0x6c,0x6f,0x72,0x2e,0x78,
    0x79,0x7a,0x20,0x2a,0x20,0x5f,0x31,0x35,0x33,0x29,0x3b,0x0a,0x20,0x20,0x20,0x20,
    0x7d,0x0a,0x20,0x20,0x20,0x20,0x66,0x6c,0x6f,0x61,0x74,0x33,0x20,0x70,0x61,0x72,
    0x61,0x6d,0x5f,0x31,0x20,0x3d,0x20,0x5f,0x35,0x33,0x2e,0x65,0x6d,0x69,0x73,0x73,
    0x69,0x76,0x65,0x2e,0x78,0x79,0x7a,0x3b,0x0a,0x20,0x20,0x20,0x20,0x66,0x6c,0x6f,
    0x61,0x74,0x33,0x20,0x5f,0x31,0x38,0x39,0x20,0x3d,0x20,0x63,0x6f,0x6c,0x6f,0x72,
    0x3b,0x0a,0x20,0x20,0x20,0x20,0x66,0x6c,0x6f,0x61,0x74,0x33,0x20,0x5f,0x31,0x39,
    0x30,0x20,0x3d,0x20,0x5f,0x31,0x38,0x39,0x20,0x2b,0x20,0x74,0x6f,0x5f,0x6c,0x69,
    0x6e,0x65,0x61,0x72,0x28,0x70,0x61,0x72,0x61,0x6d,0x5f,0x31,0x29,0x3b,0x0a,0x20,
    0x20,0x20,0x20,0x63,0x6f,0x6c,0x6f,0x72,0x20,0x3d,0x20,0x5f,0x31,0x39,0x30,0x3b,
    0x0a,0x20,0x20,0x20,0x20,0x66,0x6c,0x6f,0x61,0x74,0x33,0x20,0x70,0x61,0x72,0x61,
    0x6d,0x5f,0x32,0x20,0x3d,0x20,0x5f,0x31,0x39,0x30,0x3b,0x0a,0x20,0x20,0x20,0x20,
    0x6f,0x75,0x74,0x2e,0x66,0x72,0x61,0x67,0x5f,0x63,0x6f,0x6c,0x6f,0x72,0x20,0x3d,
    0x20,0x66,0x6c,0x6f,0x61,0x74,0x34,0x28,0x74,0x6f,0x5f,0x73,0x72,0x67,0x62,0x28,
    0x70,0x61,0x72,0x61,0x6d,0x5f,0x32,0x29,0x2c,0x20,0x5f,0x36,0x39,0x29,0x3b,0x0a,
    0x20,0x20,0x20,0x20,0x72,0x65,0x74,0x75,0x72,0x6e,0x20,0x6f,0x75,0x74,0x3b,0x0a,
    0x7d,0x0a,0x0a,0x00,
};
/*
    #include <metal_stdlib>
    #include <simd/simd.h>

    using namespace metal;

    struct lit_vs_params
    {
        float4x4 model;
        float4x4 view_proj;
        float4x4 normal_matrix;
        float4 uv_transform;
    };

    struct main0_out
    {
        float3 v_world_pos [[user(locn0)]];
        float3 v_normal [[user(locn1)]];
        float2 v_uv [[user(locn2)]];
        float4 v_color [[user(locn3)]];
        float4 gl_Position [[position]];
    };

    struct main0_in
    {
        float3 position [[attribute(0)]];
        float3 normal [[attribute(1)]];
        float2 texcoord0 [[attribute(2)]];
        float4 color0 [[attribute(3)]];
    };

    vertex main0_out main0(main0_in in [[stage_in]], constant lit_vs_params& _13 [[buffer(0)]])
    {
        main0_out out = {};
        float4 _28 = _13.model * float4(in.position, 1.0);
        out.v_world_pos = _28.xyz;
        out.v_normal = (_13.normal_matrix * float4(in.normal, 0.0)).xyz;
        out.v_uv = (in.texcoord0 * _13.uv_transform.xy) + _13.uv_transform.zw;
        out.v_color = in.color0;
        out.gl_Position = _13.view_proj * _28;
        return out;
    }

*/
static const uint8_t lit_vs_source_metal_ios[1013] = {
    0x23,0x69,0x6e,0x63,0x6c,0x75,0x64,0x65,0x20,0x3c,0x6d,0x65,0x74,0x61,0x6c,0x5f,
    0x73,0x74,0x64,0x6c,0x69,0x62,0x3e,0x0a,0x23,0x69,0x6e,0x63,0x6c,0x75,0x64,0x65,
    0x20,0x3c,0x73,0x69,0x6d,0x64,0x2f,0x73,0x69,0x6d,0x64,0x2e,0x68,0x3e,0x0a,0x0a,
    0x75,0x73,0x69,0x6e,0x67,0x20,0x6e,0x61,0x6d,0x65,0x73,0x70,0x61,0x63,0x65,0x20,
    0x6d,0x65,0x74,0x61,0x6c,0x3b,0x0a,0x0a,0x73,0x74,0x72,0x75,0x63,0x74,0x20,0x6c,
    0x69,0x74,0x5f,0x76,0x73,0x5f,0x70,0x61,0x72,0x61,0x6d,0x73,0x0a,0x7b,0x0a,0x20,
    0x20,0x20,0x20,0x66,0x6c,0x6f,0x61,0x74,0x34,0x78,0x34,0x20,0x6d,0x6f,0x64,0x65,
    0x6c,0x3b,0x0a,0x20,0x20,0x20,0x20,0x66,0x6c,0x6f,0x61,0x74,0x34,0x78,0x34,0x20,
    0x76,0x69,0x65,0x77,0x5f,0x70,0x72,0x6f,0x6a,0x3b,0x0a,0x20,0x20,0x20,0x20,0x66,
    0x6c,0x6f,0x61,0x74,0x34,0x78,0x34,0x20,0x6e,0x6f,0x72,0x6d,0x61,0x6c,0x5f,0x6d,
    0x61,0x74,0x72,0x69,0x78,0x3b,0x0a,0x20,0x20,0x20,0x20,0x66,0x6c,0x6f,0x61,0x74,
    0x34,0x20,0x75,0x76,0x5f,0x74,0x72,0x61,0x6e,0x73,0x66,0x6f,0x72,0x6d,0x3b,0x0a,
    0x7d,0x3b,0x0a,0x0a,0x73,0x74,0x72,0x75,0x63,0x74,0x20,0x6d,0x61,0x69,0x6e,0x30,
    0x5f,0x6f,0x75,0x74,0x0a,0x7b,0x0a,0x20,0x20,0x20,0x20,0x66,0x6c,0x6f,0x61,0x74,
    0x33,0x20,0x76,0x5f,0x77,0x6f,0x72,0x6c,0x64,0x5f,0x70,0x6f,0x73,0x20,0x5b,0x5b,
    0x75,0x73,0x65,0x72,0x28,0x6c,0x6f,0x63,0x6e,0x30,0x29,0x5d,0x5d,0x3b,0x0a,0x20,
    0x20,0x20,0x20,0x66,0x6c,0x6f,0x61,0x74,0x33,0x20,0x76,0x5f,0x6e,0x6f,0x72,0x6d,
    0x61,0x6c,0x20,0x5b,0x5b,0x75,0x73,0x65,0x72,0x28,0x6c,0x6f,0x63,0x6e,0x31,0x29,
    0x5d,0x5d,0x3b,0x0a,0x20,0x20,0x20,0x20,0x66,0x6c,0x6f,0x61,0x74,0x32,0x20,0x76,
    0x5f,0x75,0x76,0x20,0x5b,0x5b,0x75,0x73,0x65,0x72,0x28,0x6c,0x6f,0x63,0x6e,0x32,
    0x29,0x5d,0x5d,0x3b,0x0a,0x20,0x20,0x20,0x20,0x66,0x6c,0x6f,0x61,0x74,0x34,0x20,
    0x76,0x5f,0x63,0x6f,0x6c,0x6f,0x72,0x20,0x5b,0x5b,0x75,0x73,0x65,0x72,0x28,0x6c,
    0x6f,0x63,0x6e,0x33,0x29,0x5d,0x5d,0x3b,0x0a,0x20,0x20,0x20,0x20,0x66,0x6c,0x6f,
    0x61,0x74,0x34,0x20,0x67,0x6c,0x5f,0x50,0x6f,0x73,0x69,0x74,0x69,0x6f,0x6e,0x20,
    0x5b,0x5b,0x70,0x6f,0x73,0x69,0x74,0x69,0x6f,0x6e,0x5d,0x5d,0x3b,0x0a,0x7d,0x3b,
    0x0a,0x0a,0x73,0x74,0x72,0x75,0x63,0x74,0x20,0x6d,0x61,0x69,0x6e,0x30,0x5f,0x69,
    0x6e,0x0a,0x7b,0x0a,0x20,0x20,0x20,0x20,0x66,0x6c,0x6f,0x61,0x74,0x33,0x20,0x70,
    0x6f,0x73,0x69,0x74,0x69,0x6f,0x6e,0x20,0x5b,0x5b,0x61,0x74,0x74,0x72,0x69,0x62,
    0x75,0x74,0x65,0x28,0x30,0x29,0x5d,0x5d,0x3b,0x0a,0x20,0x20,0x20,0x20,0x66,0x6c,
    0x6f,0x61,0x74,0x33,0x20,0x6e,0x6f,0x72,0x6d,0x61,0x6c,0x20,0x5b,0x5b,0x61,0x74,
    0x74,0x72,0x69,0x62,0x75,0x74,0x65,0x28,0x31,0x29,0x5d,0x5d,0x3b,0x0a,0x20,0x20,
    0x20,0x20,0x66,0x6c,0x6f,0x61,0x74,0x32,0x20,0x74,0x65,0x78,0x63,0x6f,0x6f,0x72,
    0x64,0x30,0x20,0x5b,0x5b,0x61,0x74,0x74,0x72,0x69,0x62,0x75,0x74,0x65,0x28,0x32,
    0x29,0x5d,0x5d,0x3b,0x0a,0x20,0x20,0x20,0x20,0x66,0x6c,0x6f,0x61,0x74,0x34,0x20,
    0x63,0x6f,0x6c,0x6f,0x72,0x30,0x20,0x5b,0x5b,0x61,0x74,0x74,0x72,0x69,0x62,0x75,
    0x74,0x65,0x28,0x33,0x29,0x5d,0x5d,0x3b,0x0a,0x7d,0x3b,0x0a,0x0a,0x76,0x65,0x72,
    0x74,0x65,0x78,0x20,0x6d,0x61,0x69,0x6e,0x30,0x5f,0x6f,0x75,0x74,0x20,0x6d,0x61,
    0x69,0x6e,0x30,0x28,0x6d,0x61,0x69,0x6e,0x30,0x5f,0x69,0x6e,0x20,0x69,0x6e,0x20,
    0x5b,0x5b,0x73,0x74,0x61,0x67,0x65,0x5f,0x69,0x6e,0x5d,0x5d,0x2c,0x20,0x63,0x6f,
    0x6e,0x73,0x74,0x61,0x6e,0x74,0x20,0x6c,0x69,0x74,0x5f,0x76,0x73,0x5f,0x70,0x61,
    0x72,0x61,0x6d,0x73,0x26,0x20,0x5f,0x31,0x33,0x20,0x5b,0x5b,0x62,0x75,0x66,0x66,
    0x65,0x72,0x28,0x30,0x29,0x5d,0x5d,0x29,0x0a,0x7b,0x0a,0x20,0x20,0x20,0x20,0x6d,
    0x61,0x69,0x6e,0x30,0x5f,0x6f,0x75,0x74,0x20,0x6f,0x75,0x74,0x20,0x3d,0x20,0x7b,
    0x7d,0x3b,0x0a,0x20,0x20,0x20,0x20,0x66,0x6c,0x6f,0x61,0x74,0x34,0x20,0x5f,0x32,
    0x38,0x20,0x3d,0x20,0x5f,0x31,0x33,0x2e,0x6d,0x6f,0x64,0x65,0x6c,0x20,0x2a,0x20,
    0x66,0x6c,0x6f,0x61,0x74,0x34,0x28,0x69,0x6e,0x2e,0x70,0x6f,0x73,0x69,0x74,0x69,
    0x6f,0x6e,0x2c,0x20,0x31,0x2e,0x30,0x29,0x3b,0x0a,0x20,0x20,0x20,0x20,0x6f,0x75,
    0x74,0x2e,0x76,0x5f,0x77,0x6f,0x72,0x6c,0x64,0x5f,0x70,0x6f,0x73,0x20,0x3d,0x20,
    0x5f,0x32,0x38,0x2e,0x78,0x79,0x7a,0x3b,0x0a,0x20,0x20,0x20,0x20,0x6f,0x75,0x74,
    0x2e,0x76,0x5f,0x6e,0x6f,0x72,0x6d,0x61,0x6c,0x20,0x3d,0x20,0x28,0x5f,0x31,0x33,
    0x2e,0x6e,0x6f,0x72,0x6d,0x61,0x6c,0x5f,0x6d,0x61,0x74,0x72,0x69,0x78,0x20,0x2a,
    0x20,0x66,0x6c,0x6f,0x61,0x74,0x34,0x28,0x69,0x6e,0x2e,0x6e,0x6f,0x72,0x6d,0x61,
    0x6c,0x2c,0x20,0x30,0x2e,0x30,0x29,0x29,0x2e,0x78,0x79,0x7a,0x3b,0x0a,0x20,0x20,
    0x20,0x20,0x6f,0x75,0x74,0x2e,0x76,0x5f,0x75,0x76,0x20,0x3d,0x20,0x28,0x69,0x6e,
    0x2e,0x74,0x65,0x78,0x63,0x6f,0x6f,0x72,0x64,0x30,0x20,0x2a,0x20,0x5f,0x31,0x33,
    0x2e,0x75,0x76,0x5f,0x74,0x72,0x61,0x6e,0x73,0x66,0x6f,0x72,0x6d,0x2e,0x78,0x79,
    0x29,0x20,0x2b,0x20,0x5f,0x31,0x33,0x2e,0x75,0x76,0x5f,0x74,0x72,0x61,0x6e,0x73,
    0x66,0x6f,0x72,0x6d,0x2e,0x7a,0x77,0x3b,0x0a,0x20,0x20,0x20,0x20,0x6f,0x75,0x74,
    0x2e,0x76,0x5f,0x63,0x6f,0x6c,0x6f,0x72,0x20,0x3d,0x20,0x69,0x6e,0x2e,0x63,0x6f,
    0x6c,0x6f,0x72,0x30,0x3b,0x0a,0x20,0x20,0x20,0x20,0x6f,0x75,0x74,0x2e,0x67,0x6c,
    0x5f,0x50,0x6f,0x73,0x69,0x74,0x69,0x6f,0x6e,0x20,0x3d,0x20,0x5f,0x31,0x33,0x2e,
    0x76,0x69,0x65,0x77,0x5f,0x70,0x72,0x6f,0x6a,0x20,0x2a,0x20,0x5f,0x32,0x38,0x3b,
    0x0a,0x20,0x20,0x20,0x20,0x72,0x65,0x74,0x75,0x72,0x6e,0x20,0x6f,0x75,0x74,0x3b,
    0x0a,0x7d,0x0a,0x0a,0x00,
};
/*
    #pragma clang diagnostic ignored "-Wmissing-prototypes"

    #include <metal_stdlib>
    #include <simd/simd.h>

    using namespace metal;

    struct lit_material_params
    {
        float4 base_color;
        float4 emissive;
        float4 surface;
    };

    struct lit_scene_params
    {
        float4 camera_pos;
        float4 sun_dir;
        float4 sun_color;
        float4 sky_ambient;
        float4 ground_ambient;
    };

    struct main0_out
    {
        float4 frag_color [[color(0)]];
    };

    struct main0_in
    {
        float3 v_world_pos [[user(locn0)]];
        float3 v_normal [[user(locn1)]];
        float2 v_uv [[user(locn2)]];
        float4 v_color [[user(locn3)]];
    };

    static inline __attribute__((always_inline))
    float3 to_linear(thread const float3& c)
    {
        return powr(fast::max(c, float3(0.0)), float3(2.2000000476837158203125));
    }

    static inline __attribute__((always_inline))
    float3 to_srgb(thread const float3& c)
    {
        return powr(fast::max(c, float3(0.0)), float3(0.4545454680919647216796875));
    }

    fragment main0_out main0(main0_in in [[stage_in]], constant lit_scene_params& _110 [[buffer(1)]], constant lit_material_params& _53 [[buffer(2)]], texture2d<float> base_tex [[texture(0)]], sampler base_smp [[sampler(0)]], bool gl_FrontFacing [[front_facing]])
    {
        main0_out out = {};
        float4 _49 = base_tex.sample(base_smp, in.v_uv);
        float4 _64 = (_53.base_color * in.v_color) * _49;
        float _69 = _64.w;
        if (_69 < _53.surface.w)
        {
            discard_fragment();
        }
        float3 param = _64.xyz;
        float3 _83 = to_linear(param);
        float3 color;
        if (_53.surface.z > 0.5)
        {
            color = _83;
        }
        else
        {
            float3 n = fast::normalize(in.v_normal);
            if (!gl_FrontFacing)
            {
                n = -n;
            }
            float3 _131 = -_110.sun_dir.xyz;
            float _136 = fast::max(dot(n, _131), 0.0);
            float _153;
            if (_136 > 0.0)
            {
                _153 = powr(fast::max(dot(n, fast::normalize(_131 + fast::normalize(_110.camera_pos.xyz - in.v_world_pos))), 0.0), _53.surface.y) * _53.surface.x;
            }
            else
            {
                _153 = 0.0;
            }
            color = (_83 * (mix(_110.ground_ambient.xyz, _110.sky_ambient.xyz, float3((n.y * 0.5) + 0.5)) + (_110.sun_color.xyz * _136))) + (_110.sun_color.xyz * _153);
        }
        float3 param_1 = _53.emissive.xyz;
        float3 _189 = color;
        float3 _190 = _189 + to_linear(param_1);
        color = _190;
        float3 param_2 = _190;
        out.frag_color = float4(to_srgb(param_2), _69);
        return out;
    }

*/
static const uint8_t lit_fs_source_metal_ios[2468] = {
    0x23,0x70,0x72,0x61,0x67,0x6d,0x61,0x20,0x63,0x6c,0x61,0x6e,0x67,0x20,0x64,0x69,
    0x61,0x67,0x6e,0x6f,0x73,0x74,0x69,0x63,0x20,0x69,0x67,0x6e,0x6f,0x72,0x65,0x64,
    0x20,0x22,0x2d,0x57,0x6d,0x69,0x73,0x73,0x69,0x6e,0x67,0x2d,0x70,0x72,0x6f,0x74,
    0x6f,0x74,0x79,0x70,0x65,0x73,0x22,0x0a,0x0a,0x23,0x69,0x6e,0x63,0x6c,0x75,0x64,
    0x65,0x20,0x3c,0x6d,0x65,0x74,0x61,0x6c,0x5f,0x73,0x74,0x64,0x6c,0x69,0x62,0x3e,
    0x0a,0x23,0x69,0x6e,0x63,0x6c,0x75,0x64,0x65,0x20,0x3c,0x73,0x69,0x6d,0x64,0x2f,
    0x73,0x69,0x6d,0x64,0x2e,0x68,0x3e,0x0a,0x0a,0x75,0x73,0x69,0x6e,0x67,0x20,0x6e,
    0x61,0x6d,0x65,0x73,0x70,0x61,0x63,0x65,0x20,0x6d,0x65,0x74,0x61,0x6c,0x3b,0x0a,
    0x0a,0x73,0x74,0x72,0x75,0x63,0x74,0x20,0x6c,0x69,0x74,0x5f,0x6d,0x61,0x74,0x65,
    0x72,0x69,0x61,0x6c,0x5f,0x70,0x61,0x72,0x61,0x6d,0x73,0x0a,0x7b,0x0a,0x20,0x20,
    0x20,0x20,0x66,0x6c,0x6f,0x61,0x74,0x34,0x20,0x62,0x61,0x73,0x65,0x5f,0x63,0x6f,
    0x6c,0x6f,0x72,0x3b,0x0a,0x20,0x20,0x20,0x20,0x66,0x6c,0x6f,0x61,0x74,0x34,0x20,
    0x65,0x6d,0x69,0x73,0x73,0x69,0x76,0x65,0x3b,0x0a,0x20,0x20,0x20,0x20,0x66,0x6c,
    0x6f,0x61,0x74,0x34,0x20,0x73,0x75,0x72,0x66,0x61,0x63,0x65,0x3b,0x0a,0x7d,0x3b,
    0x0a,0x0a,0x73,0x74,0x72,0x75,0x63,0x74,0x20,0x6c,0x69,0x74,0x5f,0x73,0x63,0x65,
    0x6e,0x65,0x5f,0x70,0x61,0x72,0x61,0x6d,0x73,0x0a,0x7b,0x0a,0x20,0x20,0x20,0x20,
    0x66,0x6c,0x6f,0x61,0x74,0x34,0x20,0x63,0x61,0x6d,0x65,0x72,0x61,0x5f,0x70,0x6f,
    0x73,0x3b,0x0a,0x20,0x20,0x20,0x20,0x66,0x6c,0x6f,0x61,0x74,0x34,0x20,0x73,0x75,
    0x6e,0x5f,0x64,0x69,0x72,0x3b,0x0a,0x20,0x20,0x20,0x20,0x66,0x6c,0x6f,0x61,0x74,
    0x34,0x20,0x73,0x75,0x6e,0x5f,0x63,0x6f,0x6c,0x6f,0x72,0x3b,0x0a,0x20,0x20,0x20,
    0x20,0x66,0x6c,0x6f,0x61,0x74,0x34,0x20,0x73,0x6b,0x79,0x5f,0x61,0x6d,0x62,0x69,
    0x65,0x6e,0x74,0x3b,0x0a,0x20,0x20,0x20,0x20,0x66,0x6c,0x6f,0x61,0x74,0x34,0x20,
    0x67,0x72,0x6f,0x75,0x6e,0x64,0x5f,0x61,0x6d,0x62,0x69,0x65,0x6e,0x74,0x3b,0x0a,
    0x7d,0x3b,0x0a,0x0a,0x73,0x74,0x72,0x75,0x63,0x74,0x20,0x6d,0x61,0x69,0x6e,0x30,
    0x5f,0x6f,0x75,0x74,0x0a,0x7b,0x0a,0x20,0x20,0x20,0x20,0x66,0x6c,0x6f,0x61,0x74,
    0x34,0x20,0x66,0x72,0x61,0x67,0x5f,0x63,0x6f,0x6c,0x6f,0x72,0x20,0x5b,0x5b,0x63,
    0x6f,0x6c,0x6f,0x72,0x28,0x30,0x29,0x5d,0x5d,0x3b,0x0a,0x7d,0x3b,0x0a,0x0a,0x73,
    0x74,0x72,0x75,0x63,0x74,0x20,0x6d,0x61,0x69,0x6e,0x30,0x5f,0x69,0x6e,0x0a,0x7b,
    0x0a,0x20,0x20,0x20,0x20,0x66,0x6c,0x6f,0x61,0x74,0x33,0x20,0x76,0x5f,0x77,0x6f,
    0x72,0x6c,0x64,0x5f,0x70,0x6f,0x73,0x20,0x5b,0x5b,0x75,0x73,0x65,0x72,0x28,0x6c,
    0x6f,0x63,0x6e,0x30,0x29,0x5d,0x5d,0x3b,0x0a,0x20,0x20,0x20,0x20,0x66,0x6c,0x6f,
    0x61,0x74,0x33,0x20,0x76,0x5f,0x6e,0x6f,0x72,0x6d,0x61,0x6c,0x20,0x5b,0x5b,0x75,
    0x73,0x65,0x72,0x28,0x6c,0x6f,0x63,0x6e,0x31,0x29,0x5d,0x5d,0x3b,0x0a,0x20,0x20,
    0x20,0x20,0x66,0x6c,0x6f,0x61,0x74,0x32,0x20,0x76,0x5f,0x75,0x76,0x20,0x5b,0x5b,
    0x75,0x73,0x65,0x72,0x28,0x6c,0x6f,0x63,0x6e,0x32,0x29,0x5d,0x5d,0x3b,0x0a,0x20,
    0x20,0x20,0x20,0x66,0x6c,0x6f,0x61,0x74,0x34,0x20,0x76,0x5f,0x63,0x6f,0x6c,0x6f,
    0x72,0x20,0x5b,0x5b,0x75,0x73,0x65,0x72,0x28,0x6c,0x6f,0x63,0x6e,0x33,0x29,0x5d,
    0x5d,0x3b,0x0a,0x7d,0x3b,0x0a,0x0a,0x73,0x74,0x61,0x74,0x69,0x63,0x20,0x69,0x6e,
    0x6c,0x69,0x6e,0x65,0x20,0x5f,0x5f,0x61,0x74,0x74,0x72,0x69,0x62,0x75,0x74,0x65,
    0x5f,0x5f,0x28,0x28,0x61,0x6c,0x77,0x61,0x79,0x73,0x5f,0x69,0x6e,0x6c,0x69,0x6e,
    0x65,0x29,0x29,0x0a,0x66,0x6c,0x6f,0x61,0x74,0x33,0x20,0x74,0x6f,0x5f,0x6c,0x69,
    0x6e,0x65,0x61,0x72,0x28,0x74,0x68,0x72,0x65,0x61,0x64,0x20,0x63,0x6f,0x6e,0x73,
    0x74,0x20,0x66,0x6c,0x6f,0x61,0x74,0x33,0x26,0x20,0x63,0x29,0x0a,0x7b,0x0a,0x20,
    0x20,0x20,0x20,0x72,0x65,0x74,0x75,0x72,0x6e,0x20,0x70,0x6f,0x77,0x72,0x28,0x66,
    0x61,0x73,0x74,0x3a,0x3a,0x6d,0x61,0x78,0x28,0x63,0x2c,0x20,0x66,0x6c,0x6f,0x61,
    0x74,0x33,0x28,0x30,0x2e,0x30,0x29,0x29,0x2c,0x20,0x66,0x6c,0x6f,0x61,0x74,0x33,
    0x28,0x32,0x2e,0x32,0x30,0x30,0x30,0x30,0x30,0x30,0x34,0x37,0x36,0x38,0x33,0x37,
    0x31,0x35,0x38,0x32,0x30,0x33,0x31,0x32,0x35,0x29,0x29,0x3b,0x0a,0x7d,0x0a,0x0a,
    0x73,0x74,0x61,0x74,0x69,0x63,0x20,0x69,0x6e,0x6c,0x69,0x6e,0x65,0x20,0x5f,0x5f,
    0x61,0x74,0x74,0x72,0x69,0x62,0x75,0x74,0x65,0x5f,0x5f,0x28,0x28,0x61,0x6c,0x77,
    0x61,0x79,0x73,0x5f,0x69,0x6e,0x6c,0x69,0x6e,0x65,0x29,0x29,0x0a,0x66,0x6c,0x6f,
    0x61,0x74,0x33,0x20,0x74,0x6f,0x5f,0x73,0x72,0x67,0x62,0x28,0x74,0x68,0x72,0x65,
    0x61,0x64,0x20,0x63,0x6f,0x6e,0x73,0x74,0x20,0x66,0x6c,0x6f,0x61,0x74,0x33,0x26,
    0x20,0x63,0x29,0x0a,0x7b,0x0a,0x20,0x20,0x20,0x20,0x72,0x65,0x74,0x75,0x72,0x6e,
    0x20,0x70,0x6f,0x77,0x72,0x28,0x66,0x61,0x73,0x74,0x3a,0x3a,0x6d,0x61,0x78,0x28,
    0x63,0x2c,0x20,0x66,0x6c,0x6f,0x61,0x74,0x33,0x28,0x30,0x2e,0x30,0x29,0x29,0x2c,
    0x20,0x66,0x6c,0x6f,0x61,0x74,0x33,0x28,0x30,0x2e,0x34,0x35,0x34,0x35,0x34,0x35,
    0x34,0x36,0x38,0x30,0x39,0x31,0x39,0x36,0x34,0x37,0x32,0x31,0x36,0x37,0x39,0x36,
    0x38,0x37,0x35,0x29,0x29,0x3b,0x0a,0x7d,0x0a,0x0a,0x66,0x72,0x61,0x67,0x6d,0x65,
    0x6e,0x74,0x20,0x6d,0x61,0x69,0x6e,0x30,0x5f,0x6f,0x75,0x74,0x20,0x6d,0x61,0x69,
    0x6e,0x30,0x28,0x6d,0x61,0x69,0x6e,0x30,0x5f,0x69,0x6e,0x20,0x69,0x6e,0x20,0x5b,
    0x5b,0x73,0x74,0x61,0x67,0x65,0x5f,0x69,0x6e,0x5d,0x5d,0x2c,0x20,0x63,0x6f,0x6e,
    0x73,0x74,0x61,0x6e,0x74,0x20,0x6c,0x69,0x74,0x5f,0x73,0x63,0x65,0x6e,0x65,0x5f,
    0x70,0x61,0x72,0x61,0x6d,0x73,0x26,0x20,0x5f,0x31,0x31,0x30,0x20,0x5b,0x5b,0x62,
    0x75,0x66,0x66,0x65,0x72,0x28,0x31,0x29,0x5d,0x5d,0x2c,0x20,0x63,0x6f,0x6e,0x73,
    0x74,0x61,0x6e,0x74,0x20,0x6c,0x69,0x74,0x5f,0x6d,0x61,0x74,0x65,0x72,0x69,0x61,
    0x6c,0x5f,0x70,0x61,0x72,0x61,0x6d,0x73,0x26,0x20,0x5f,0x35,0x33,0x20,0x5b,0x5b,
    0x62,0x75,0x66,0x66,0x65,0x72,0x28,0x32,0x29,0x5d,0x5d,0x2c,0x20,0x74,0x65,0x78,
    0x74,0x75,0x72,0x65,0x32,0x64,0x3c,0x66,0x6c,0x6f,0x61,0x74,0x3e,0x20,0x62,0x61,
    0x73,0x65,0x5f,0x74,0x65,0x78,0x20,0x5b,0x5b,0x74,0x65,0x78,0x74,0x75,0x72,0x65,
    0x28,0x30,0x29,0x5d,0x5d,0x2c,0x20,0x73,0x61,0x6d,0x70,0x6c,0x65,0x72,0x20,0x62,
    0x61,0x73,0x65,0x5f,0x73,0x6d,0x70,0x20,0x5b,0x5b,0x73,0x61,0x6d,0x70,0x6c,0x65,
    0x72,0x28,0x30,0x29,0x5d,0x5d,0x2c,0x20,0x62,0x6f,0x6f,0x6c,0x20,0x67,0x6c,0x5f,
    0x46,0x72,0x6f,0x6e,0x74,0x46,0x61,0x63,0x69,0x6e,0x67,0x20,0x5b,0x5b,0x66,0x72,
    0x6f,0x6e,0x74,0x5f,0x66,0x61,0x63,0x69,0x6e,0x67,0x5d,0x5d,0x29,0x0a,0x7b,0x0a,
    0x20,0x20,0x20,0x20,0x6d,0x61,0x69,0x6e,0x30,0x5f,0x6f,0x75,0x74,0x20,0x6f,0x75,
    0x74,0x20,0x3d,0x20,0x7b,0x7d,0x3b,0x0a,0x20,0x20,0x20,0x20,0x66,0x6c,0x6f,0x61,
    0x74,0x34,0x20,0x5f,0x34,0x39,0x20,0x3d,0x20,0x62,0x61,0x73,0x65,0x5f,0x74,0x65,
    0x78,0x2e,0x73,0x61,0x6d,0x70,0x6c,0x65,0x28,0x62,0x61,0x73,0x65,0x5f,0x73,0x6d,
    0x70,0x2c,0x20,0x69,0x6e,0x2e,0x76,0x5f,0x75,0x76,0x29,0x3b,0x0a,0x20,0x20,0x20,
    0x20,0x66,0x6c,0x6f,0x61,0x74,0x34,0x20,0x5f,0x36,0x34,0x20,0x3d,0x20,0x28,0x5f,
    0x35,0x33,0x2e,0x62,0x61,0x73,0x65,0x5f,0x63,0x6f,0x6c,0x6f,0x72,0x20,0x2a,0x20,
    0x69,0x6e,0x2e,0x76,0x5f,0x63,0x6f,0x6c,0x6f,0x72,0x29,0x20,0x2a,0x20,0x5f,0x34,
    0x39,0x3b,0x0a,0x20,0x20,0x20,0x20,0x66,0x6c,0x6f,0x61,0x74,0x20,0x5f,0x36,0x39,
    0x20,0x3d,0x20,0x5f,0x36,0x34,0x2e,0x77,0x3b,0x0a,0x20,0x20,0x20,0x20,0x69,0x66,
    0x20,0x28,0x5f,0x36,0x39,0x20,0x3c,0x20,0x5f,0x35,0x33,0x2e,0x73,0x75,0x72,0x66,
    0x61,0x63,0x65,0x2e,0x77,0x29,0x0a,0x20,0x20,0x20,0x20,0x7b,0x0a,0x20,0x20,0x20,
    0x20,0x20,0x20,0x20,0x20,0x64,0x69,0x73,0x63,0x61,0x72,0x64,0x5f,0x66,0x72,0x61,
    0x67,0x6d,0x65,0x6e,0x74,0x28,0x29,0x3b,0x0a,0x20,0x20,0x20,0x20,0x7d,0x0a,0x20,
    0x20,0x20,0x20,0x66,0x6c,0x6f,0x61,0x74,0x33,0x20,0x70,0x61,0x72,0x61,0x6d,0x20,
    0x3d,0x20,0x5f,0x36,0x34,0x2e,0x78,0x79,0x7a,0x3b,0x0a,0x20,0x20,0x20,0x20,0x66,
    0x6c,0x6f,0x61,0x74,0x33,0x20,0x5f,0x38,0x33,0x20,0x3d,0x20,0x74,0x6f,0x5f,0x6c,
    0x69,0x6e,0x65,0x61,0x72,0x28,0x70,0x61,0x72,0x61,0x6d,0x29,0x3b,0x0a,0x20,0x20,
    0x20,0x20,0x66,0x6c,0x6f,0x61,0x74,0x33,0x20,0x63,0x6f,0x6c,0x6f,0x72,0x3b,0x0a,
    0x20,0x20,0x20,0x20,0x69,0x66,0x20,0x28,0x5f,0x35,0x33,0x2e,0x73,0x75,0x72,0x66,
    0x61,0x63,0x65,0x2e,0x7a,0x20,0x3e,0x20,0x30,0x2e,0x35,0x29,0x0a,0x20,0x20,0x20,
    0x20,0x7b,0x0a,0x20,0x20,0x20,0x20,0x20,0x20,0x20,0x20,0x63,0x6f,0x6c,0x6f,0x72,
    0x20,0x3d,0x20,0x5f,0x38,0x33,0x3b,0x0a,0x20,0x20,0x20,0x20,0x7d,0x0a,0x20,0x20,
    0x20,0x20,0x65,0x6c,0x73,0x65,0x0a,0x20,0x20,0x20,0x20,0x7b,0x0a,0x20,0x20,0x20,
    0x20,0x20,0x20,0x20,0x20,0x66,0x6c,0x6f,0x61,0x74,0x33,0x20,0x6e,0x20,0x3d,0x20,
    0x66,0x61,0x73,0x74,0x3a,0x3a,0x6e,0x6f,0x72,0x6d,0x61,0x6c,0x69,0x7a,0x65,0x28,
    0x69,0x6e,0x2e,0x76,0x5f,0x6e,0x6f,0x72,0x6d,0x61,0x6c,0x29,0x3b,0x0a,0x20,0x20,
    0x20,0x20,0x20,0x20,0x20,0x20,0x69,0x66,0x20,0x28,0x21,0x67,0x6c,0x5f,0x46,0x72,
    0x6f,0x6e,0x74,0x46,0x61,0x63,0x69,0x6e,0x67,0x29,0x0a,0x20,0x20,0x20,0x20,0x20,
    0x20,0x20,0x20,0x7b,0x0a,0x20,0x20,0x20,0x20,0x20,0x20,0x20,0x20,0x20,0x20,0x20,
    0x20,0x6e,0x20,0x3d,0x20,0x2d,0x6e,0x3b,0x0a,0x20,0x20,0x20,0x20,0x20,0x20,0x20,
    0x20,0x7d,0x0a,0x20,0x20,0x20,0x20,0x20,0x20,0x20,0x20,0x66,0x6c,0x6f,0x61,0x74,
    0x33,0x20,0x5f,0x31,0x33,0x31,0x20,0x3d,0x20,0x2d,0x5f,0x31,0x31,0x30,0x2e,0x73,
    0x75,0x6e,0x5f,0x64,0x69,0x72,0x2e,0x78,0x79,0x7a,0x3b,0x0a,0x20,0x20,0x20,0x20,
    0x20,0x20,0x20,0x20,0x66,0x6c,0x6f,0x61,0x74,0x20,0x5f,0x31,0x33,0x36,0x20,0x3d,
    0x20,0x66,0x61,0x73,0x74,0x3a,0x3a,0x6d,0x61,0x78,0x28,0x64,0x6f,0x74,0x28,0x6e,
    0x2c,0x20,0x5f,0x31,0x33,0x31,0x29,0x2c,0x20,0x30,0x2e,0x30,0x29,0x3b,0x0a,0x20,
    0x20,0x20,0x20,0x20,0x20,0x20,0x20,0x66,0x6c,0x6f,0x61,0x74,0x20,0x5f,0x31,0x35,
    0x33,0x3b,0x0a,0x20,0x20,0x20,0x20,0x20,0x20,0x20,0x20,0x69,0x66,0x20,0x28,0x5f,
    0x31,0x33,0x36,0x20,0x3e,0x20,0x30,0x2e,0x30,0x29,0x0a,0x20,0x20,0x20,0x20,0x20,
    0x20,0x20,0x20,0x7b,0x0a,0x20,0x20,0x20,0x20,0x20,0x20,0x20,0x20,0x20,0x20,0x20,
    0x20,0x5f,0x31,0x35,0x33,0x20,0x3d,0x20,0x70,0x6f,0x77,0x72,0x28,0x66,0x61,0x73,
    0x74,0x3a,0x3a,0x6d,0x61,0x78,0x28,0x64,0x6f,0x74,0x28,0x6e,0x2c,0x20,0x66,0x61,
    0x73,0x74,0x3a,0x3a,0x6e,0x6f,0x72,0x6d,0x61,0x6c,0x69,0x7a,0x65,0x28,0x5f,0x31,
    0x33,0x31,0x20,0x2b,0x20,0x66,0x61,0x73,0x74,0x3a,0x3a,0x6e,0x6f,0x72,0x6d,0x61,
    0x6c,0x69,0x7a,0x65,0x28,0x5f,0x31,0x31,0x30,0x2e,0x63,0x61,0x6d,0x65,0x72,0x61,
    0x5f,0x70,0x6f,0x73,0x2e,0x78,0x79,0x7a,0x20,0x2d,0x20,0x69,0x6e,0x2e,0x76,0x5f,
    0x77,0x6f,0x72,0x6c,0x64,0x5f,0x70,0x6f,0x73,0x29,0x29,0x29,0x2c,0x20,0x30,0x2e,
    0x30,0x29,0x2c,0x20,0x5f,0x35,0x33,0x2e,0x73,0x75,0x72,0x66,0x61,0x63,0x65,0x2e,
    0x79,0x29,0x20,0x2a,0x20,0x5f,0x35,0x33,0x2e,0x73,0x75,0x72,0x66,0x61,0x63,0x65,
    0x2e,0x78,0x3b,0x0a,0x20,0x20,0x20,0x20,0x20,0x20,0x20,0x20,0x7d,0x0a,0x20,0x20,
    0x20,0x20,0x20,0x20,0x20,0x20,0x65,0x6c,0x73,0x65,0x0a,0x20,0x20,0x20,0x20,0x20,
    0x20,0x20,0x20,0x7b,0x0a,0x20,0x20,0x20,0x20,0x20,0x20,0x20,0x20,0x20,0x20,0x20,
    0x20,0x5f,0x31,0x35,0x33,0x20,0x3d,0x20,0x30,0x2e,0x30,0x3b,0x0a,0x20,0x20,0x20,
    0x20,0x20,0x20,0x20,0x20,0x7d,0x0a,0x20,0x20,0x20,0x20,0x20,0x20,0x20,0x20,0x63,
    0x6f,0x6c,0x6f,0x72,0x20,0x3d,0x20,0x28,0x5f,0x38,0x33,0x20,0x2a,0x20,0x28,0x6d,
    0x69,0x78,0x28,0x5f,0x31,0x31,0x30,0x2e,0x67,0x72,0x6f,0x75,0x6e,0x64,0x5f,0x61,
    0x6d,0x62,0x69,0x65,0x6e,0x74,0x2e,0x78,0x79,0x7a,0x2c,0x20,0x5f,0x31,0x31,0x30,
    0x2e,0x73,0x6b,0x79,0x5f,0x61,0x6d,0x62,0x69,0x65,0x6e,0x74,0x2e,0x78,0x79,0x7a,
    0x2c,0x20,0x66,0x6c,0x6f,0x61,0x74,0x33,0x28,0x28,0x6e,0x2e,0x79,0x20,0x2a,0x20,
    0x30,0x2e,0x35,0x29,0x20,0x2b,0x20,0x30,0x2e,0x35,0x29,0x29,0x20,0x2b,0x20,0x28,
    0x5f,0x31,0x31,0x30,0x2e,0x73,0x75,0x6e,0x5f,0x63,0x6f,0x6c,0x6f,0x72,0x2e,0x78,
    0x79,0x7a,0x20,0x2a,0x20,0x5f,0x31,0x33,0x36,0x29,0x29,0x29,0x20,0x2b,0x20,0x28,
    0x5f,0x31,0x31,0x30,0x2e,0x73,0x75,0x6e,0x5f,0x63,0x6f,0x6c,0x6f,0x72,0x2e,0x78,
    0x79,0x7a,0x20,0x2a,0x20,0x5f,0x31,0x35,0x33,0x29,0x3b,0x0a,0x20,0x20,0x20,0x20,
    0x7d,0x0a,0x20,0x20,0x20,0x20,0x66,0x6c,0x6f,0x61,0x74,0x33,0x20,0x70,0x61,0x72,
    0x61,0x6d,0x5f,0x31,0x20,0x3d,0x20,0x5f,0x35,0x33,0x2e,0x65,0x6d,0x69,0x73,0x73,
    0x69,0x76,0x65,0x2e,0x78,0x79,0x7a,0x3b,0x0a,0x20,0x20,0x20,0x20,0x66,0x6c,0x6f,
    0x61,0x74,0x33,0x20,0x5f,0x31,0x38,0x39,0x20,0x3d,0x20,0x63,0x6f,0x6c,0x6f,0x72,
    0x3b,0x0a,0x20,0x20,0x20,0x20,0x66,0x6c,0x6f,0x61,0x74,0x33,0x20,0x5f,0x31,0x39,
    0x30,0x20,0x3d,0x20,0x5f,0x31,0x38,0x39,0x20,0x2b,0x20,0x74,0x6f,0x5f,0x6c,0x69,
    0x6e,0x65,0x61,0x72,0x28,0x70,0x61,0x72,0x61,0x6d,0x5f,0x31,0x29,0x3b,0x0a,0x20,
    0x20,0x20,0x20,0x63,0x6f,0x6c,0x6f,0x72,0x20,0x3d,0x20,0x5f,0x31,0x39,0x30,0x3b,
    0x0a,0x20,0x20,0x20,0x20,0x66,0x6c,0x6f,0x61,0x74,0x33,0x20,0x70,0x61,0x72,0x61,
    0x6d,0x5f,0x32,0x20,0x3d,0x20,0x5f,0x31,0x39,0x30,0x3b,0x0a,0x20,0x20,0x20,0x20,
    0x6f,0x75,0x74,0x2e,0x66,0x72,0x61,0x67,0x5f,0x63,0x6f,0x6c,0x6f,0x72,0x20,0x3d,
    0x20,0x66,0x6c,0x6f,0x61,0x74,0x34,0x28,0x74,0x6f,0x5f,0x73,0x72,0x67,0x62,0x28,
    0x70,0x61,0x72,0x61,0x6d,0x5f,0x32,0x29,0x2c,0x20,0x5f,0x36,0x39,0x29,0x3b,0x0a,
    0x20,0x20,0x20,0x20,0x72,0x65,0x74,0x75,0x72,0x6e,0x20,0x6f,0x75,0x74,0x3b,0x0a,
    0x7d,0x0a,0x0a,0x00,
};
/*
    #include <metal_stdlib>
    #include <simd/simd.h>

    using namespace metal;

    struct lit_vs_params
    {
        float4x4 model;
        float4x4 view_proj;
        float4x4 normal_matrix;
        float4 uv_transform;
    };

    struct main0_out
    {
        float3 v_world_pos [[user(locn0)]];
        float3 v_normal [[user(locn1)]];
        float2 v_uv [[user(locn2)]];
        float4 v_color [[user(locn3)]];
        float4 gl_Position [[position]];
    };

    struct main0_in
    {
        float3 position [[attribute(0)]];
        float3 normal [[attribute(1)]];
        float2 texcoord0 [[attribute(2)]];
        float4 color0 [[attribute(3)]];
    };

    vertex main0_out main0(main0_in in [[stage_in]], constant lit_vs_params& _13 [[buffer(0)]])
    {
        main0_out out = {};
        float4 _28 = _13.model * float4(in.position, 1.0);
        out.v_world_pos = _28.xyz;
        out.v_normal = (_13.normal_matrix * float4(in.normal, 0.0)).xyz;
        out.v_uv = (in.texcoord0 * _13.uv_transform.xy) + _13.uv_transform.zw;
        out.v_color = in.color0;
        out.gl_Position = _13.view_proj * _28;
        return out;
    }

*/
static const uint8_t lit_vs_source_metal_sim[1013] = {
    0x23,0x69,0x6e,0x63,0x6c,0x75,0x64,0x65,0x20,0x3c,0x6d,0x65,0x74,0x61,0x6c,0x5f,
    0x73,0x74,0x64,0x6c,0x69,0x62,0x3e,0x0a,0x23,0x69,0x6e,0x63,0x6c,0x75,0x64,0x65,
    0x20,0x3c,0x73,0x69,0x6d,0x64,0x2f,0x73,0x69,0x6d,0x64,0x2e,0x68,0x3e,0x0a,0x0a,
    0x75,0x73,0x69,0x6e,0x67,0x20,0x6e,0x61,0x6d,0x65,0x73,0x70,0x61,0x63,0x65,0x20,
    0x6d,0x65,0x74,0x61,0x6c,0x3b,0x0a,0x0a,0x73,0x74,0x72,0x75,0x63,0x74,0x20,0x6c,
    0x69,0x74,0x5f,0x76,0x73,0x5f,0x70,0x61,0x72,0x61,0x6d,0x73,0x0a,0x7b,0x0a,0x20,
    0x20,0x20,0x20,0x66,0x6c,0x6f,0x61,0x74,0x34,0x78,0x34,0x20,0x6d,0x6f,0x64,0x65,
    0x6c,0x3b,0x0a,0x20,0x20,0x20,0x20,0x66,0x6c,0x6f,0x61,0x74,0x34,0x78,0x34,0x20,
    0x76,0x69,0x65,0x77,0x5f,0x70,0x72,0x6f,0x6a,0x3b,0x0a,0x20,0x20,0x20,0x20,0x66,
    0x6c,0x6f,0x61,0x74,0x34,0x78,0x34,0x20,0x6e,0x6f,0x72,0x6d,0x61,0x6c,0x5f,0x6d,
    0x61,0x74,0x72,0x69,0x78,0x3b,0x0a,0x20,0x20,0x20,0x20,0x66,0x6c,0x6f,0x61,0x74,
    0x34,0x20,0x75,0x76,0x5f,0x74,0x72,0x61,0x6e,0x73,0x66,0x6f,0x72,0x6d,0x3b,0x0a,
    0x7d,0x3b,0x0a,0x0a,0x73,0x74,0x72,0x75,0x63,0x74,0x20,0x6d,0x61,0x69,0x6e,0x30,
    0x5f,0x6f,0x75,0x74,0x0a,0x7b,0x0a,0x20,0x20,0x20,0x20,0x66,0x6c,0x6f,0x61,0x74,
    0x33,0x20,0x76,0x5f,0x77,0x6f,0x72,0x6c,0x64,0x5f,0x70,0x6f,0x73,0x20,0x5b,0x5b,
    0x75,0x73,0x65,0x72,0x28,0x6c,0x6f,0x63,0x6e,0x30,0x29,0x5d,0x5d,0x3b,0x0a,0x20,
    0x20,0x20,0x20,0x66,0x6c,0x6f,0x61,0x74,0x33,0x20,0x76,0x5f,0x6e,0x6f,0x72,0x6d,
    0x61,0x6c,0x20,0x5b,0x5b,0x75,0x73,0x65,0x72,0x28,0x6c,0x6f,0x63,0x6e,0x31,0x29,
    0x5d,0x5d,0x3b,0x0a,0x20,0x20,0x20,0x20,0x66,0x6c,0x6f,0x61,0x74,0x32,0x20,0x76,
    0x5f,0x75,0x76,0x20,0x5b,0x5b,0x75,0x73,0x65,0x72,0x28,0x6c,0x6f,0x63,0x6e,0x32,
    0x29,0x5d,0x5d,0x3b,0x0a,0x20,0x20,0x20,0x20,0x66,0x6c,0x6f,0x61,0x74,0x34,0x20,
    0x76,0x5f,0x63,0x6f,0x6c,0x6f,0x72,0x20,0x5b,0x5b,0x75,0x73,0x65,0x72,0x28,0x6c,
    0x6f,0x63,0x6e,0x33,0x29,0x5d,0x5d,0x3b,0x0a,0x20,0x20,0x20,0x20,0x66,0x6c,0x6f,
    0x61,0x74,0x34,0x20,0x67,0x6c,0x5f,0x50,0x6f,0x73,0x69,0x74,0x69,0x6f,0x6e,0x20,
    0x5b,0x5b,0x70,0x6f,0x73,0x69,0x74,0x69,0x6f,0x6e,0x5d,0x5d,0x3b,0x0a,0x7d,0x3b,
    0x0a,0x0a,0x73,0x74,0x72,0x75,0x63,0x74,0x20,0x6d,0x61,0x69,0x6e,0x30,0x5f,0x69,
    0x6e,0x0a,0x7b,0x0a,0x20,0x20,0x20,0x20,0x66,0x6c,0x6f,0x61,0x74,0x33,0x20,0x70,
    0x6f,0x73,0x69,0x74,0x69,0x6f,0x6e,0x20,0x5b,0x5b,0x61,0x74,0x74,0x72,0x69,0x62,
    0x75,0x74,0x65,0x28,0x30,0x29,0x5d,0x5d,0x3b,0x0a,0x20,0x20,0x20,0x20,0x66,0x6c,
    0x6f,0x61,0x74,0x33,0x20,0x6e,0x6f,0x72,0x6d,0x61,0x6c,0x20,0x5b,0x5b,0x61,0x74,
    0x74,0x72,0x69,0x62,0x75,0x74,0x65,0x28,0x31,0x29,0x5d,0x5d,0x3b,0x0a,0x20,0x20,
    0x20,0x20,0x66,0x6c,0x6f,0x61,0x74,0x32,0x20,0x74,0x65,0x78,0x63,0x6f,0x6f,0x72,
    0x64,0x30,0x20,0x5b,0x5b,0x61,0x74,0x74,0x72,0x69,0x62,0x75,0x74,0x65,0x28,0x32,
    0x29,0x5d,0x5d,0x3b,0x0a,0x20,0x20,0x20,0x20,0x66,0x6c,0x6f,0x61,0x74,0x34,0x20,
    0x63,0x6f,0x6c,0x6f,0x72,0x30,0x20,0x5b,0x5b,0x61,0x74,0x74,0x72,0x69,0x62,0x75,
    0x74,0x65,0x28,0x33,0x29,0x5d,0x5d,0x3b,0x0a,0x7d,0x3b,0x0a,0x0a,0x76,0x65,0x72,
    0x74,0x65,0x78,0x20,0x6d,0x61,0x69,0x6e,0x30,0x5f,0x6f,0x75,0x74,0x20,0x6d,0x61,
    0x69,0x6e,0x30,0x28,0x6d,0x61,0x69,0x6e,0x30,0x5f,0x69,0x6e,0x20,0x69,0x6e,0x20,
    0x5b,0x5b,0x73,0x74,0x61,0x67,0x65,0x5f,0x69,0x6e,0x5d,0x5d,0x2c,0x20,0x63,0x6f,
    0x6e,0x73,0x74,0x61,0x6e,0x74,0x20,0x6c,0x69,0x74,0x5f,0x76,0x73,0x5f,0x70,0x61,
    0x72,0x61,0x6d,0x73,0x26,0x20,0x5f,0x31,0x33,0x20,0x5b,0x5b,0x62,0x75,0x66,0x66,
    0x65,0x72,0x28,0x30,0x29,0x5d,0x5d,0x29,0x0a,0x7b,0x0a,0x20,0x20,0x20,0x20,0x6d,
    0x61,0x69,0x6e,0x30,0x5f,0x6f,0x75,0x74,0x20,0x6f,0x75,0x74,0x20,0x3d,0x20,0x7b,
    0x7d,0x3b,0x0a,0x20,0x20,0x20,0x20,0x66,0x6c,0x6f,0x61,0x74,0x34,0x20,0x5f,0x32,
    0x38,0x20,0x3d,0x20,0x5f,0x31,0x33,0x2e,0x6d,0x6f,0x64,0x65,0x6c,0x20,0x2a,0x20,
    0x66,0x6c,0x6f,0x61,0x74,0x34,0x28,0x69,0x6e,0x2e,0x70,0x6f,0x73,0x69,0x74,0x69,
    0x6f,0x6e,0x2c,0x20,0x31,0x2e,0x30,0x29,0x3b,0x0a,0x20,0x20,0x20,0x20,0x6f,0x75,
    0x74,0x2e,0x76,0x5f,0x77,0x6f,0x72,0x6c,0x64,0x5f,0x70,0x6f,0x73,0x20,0x3d,0x20,
    0x5f,0x32,0x38,0x2e,0x78,0x79,0x7a,0x3b,0x0a,0x20,0x20,0x20,0x20,0x6f,0x75,0x74,
    0x2e,0x76,0x5f,0x6e,0x6f,0x72,0x6d,0x61,0x6c,0x20,0x3d,0x20,0x28,0x5f,0x31,0x33,
    0x2e,0x6e,0x6f,0x72,0x6d,0x61,0x6c,0x5f,0x6d,0x61,0x74,0x72,0x69,0x78,0x20,0x2a,
    0x20,0x66,0x6c,0x6f,0x61,0x74,0x34,0x28,0x69,0x6e,0x2e,0x6e,0x6f,0x72,0x6d,0x61,
    0x6c,0x2c,0x20,0x30,0x2e,0x30,0x29,0x29,0x2e,0x78,0x79,0x7a,0x3b,0x0a,0x20,0x20,
    0x20,0x20,0x6f,0x75,0x74,0x2e,0x76,0x5f,0x75,0x76,0x20,0x3d,0x20,0x28,0x69,0x6e,
    0x2e,0x74,0x65,0x78,0x63,0x6f,0x6f,0x72,0x64,0x30,0x20,0x2a,0x20,0x5f,0x31,0x33,
    0x2e,0x75,0x76,0x5f,0x74,0x72,0x61,0x6e,0x73,0x66,0x6f,0x72,0x6d,0x2e,0x78,0x79,
    0x29,0x20,0x2b,0x20,0x5f,0x31,0x33,0x2e,0x75,0x76,0x5f,0x74,0x72,0x61,0x6e,0x73,
    0x66,0x6f,0x72,0x6d,0x2e,0x7a,0x77,0x3b,0x0a,0x20,0x20,0x20,0x20,0x6f,0x75,0x74,
    0x2e,0x76,0x5f,0x63,0x6f,0x6c,0x6f,0x72,0x20,0x3d,0x20,0x69,0x6e,0x2e,0x63,0x6f,
    0x6c,0x6f,0x72,0x30,0x3b,0x0a,0x20,0x20,0x20,0x20,0x6f,0x75,0x74,0x2e,0x67,0x6c,
    0x5f,0x50,0x6f,0x73,0x69,0x74,0x69,0x6f,0x6e,0x20,0x3d,0x20,0x5f,0x31,0x33,0x2e,
    0x76,0x69,0x65,0x77,0x5f,0x70,0x72,0x6f,0x6a,0x20,0x2a,0x20,0x5f,0x32,0x38,0x3b,
    0x0a,0x20,0x20,0x20,0x20,0x72,0x65,0x74,0x75,0x72,0x6e,0x20,0x6f,0x75,0x74,0x3b,
    0x0a,0x7d,0x0a,0x0a,0x00,
};
/*
    #pragma clang diagnostic ignored "-Wmissing-prototypes"

    #include <metal_stdlib>
    #include <simd/simd.h>

    using namespace metal;

    struct lit_material_params
    {
        float4 base_color;
        float4 emissive;
        float4 surface;
    };

    struct lit_scene_params
    {
        float4 camera_pos;
        float4 sun_dir;
        float4 sun_color;
        float4 sky_ambient;
        float4 ground_ambient;
    };

    struct main0_out
    {
        float4 frag_color [[color(0)]];
    };

    struct main0_in
    {
        float3 v_world_pos [[user(locn0)]];
        float3 v_normal [[user(locn1)]];
        float2 v_uv [[user(locn2)]];
        float4 v_color [[user(locn3)]];
    };

    static inline __attribute__((always_inline))
    float3 to_linear(thread const float3& c)
    {
        return powr(fast::max(c, float3(0.0)), float3(2.2000000476837158203125));
    }

    static inline __attribute__((always_inline))
    float3 to_srgb(thread const float3& c)
    {
        return powr(fast::max(c, float3(0.0)), float3(0.4545454680919647216796875));
    }

    fragment main0_out main0(main0_in in [[stage_in]], constant lit_scene_params& _110 [[buffer(1)]], constant lit_material_params& _53 [[buffer(2)]], texture2d<float> base_tex [[texture(0)]], sampler base_smp [[sampler(0)]], bool gl_FrontFacing [[front_facing]])
    {
        main0_out out = {};
        float4 _49 = base_tex.sample(base_smp, in.v_uv);
        float4 _64 = (_53.base_color * in.v_color) * _49;
        float _69 = _64.w;
        if (_69 < _53.surface.w)
        {
            discard_fragment();
        }
        float3 param = _64.xyz;
        float3 _83 = to_linear(param);
        float3 color;
        if (_53.surface.z > 0.5)
        {
            color = _83;
        }
        else
        {
            float3 n = fast::normalize(in.v_normal);
            if (!gl_FrontFacing)
            {
                n = -n;
            }
            float3 _131 = -_110.sun_dir.xyz;
            float _136 = fast::max(dot(n, _131), 0.0);
            float _153;
            if (_136 > 0.0)
            {
                _153 = powr(fast::max(dot(n, fast::normalize(_131 + fast::normalize(_110.camera_pos.xyz - in.v_world_pos))), 0.0), _53.surface.y) * _53.surface.x;
            }
            else
            {
                _153 = 0.0;
            }
            color = (_83 * (mix(_110.ground_ambient.xyz, _110.sky_ambient.xyz, float3((n.y * 0.5) + 0.5)) + (_110.sun_color.xyz * _136))) + (_110.sun_color.xyz * _153);
        }
        float3 param_1 = _53.emissive.xyz;
        float3 _189 = color;
        float3 _190 = _189 + to_linear(param_1);
        color = _190;
        float3 param_2 = _190;
        out.frag_color = float4(to_srgb(param_2), _69);
        return out;
    }

*/
static const uint8_t lit_fs_source_metal_sim[2468] = {
    0x23,0x70,0x72,0x61,0x67,0x6d,0x61,0x20,0x63,0x6c,0x61,0x6e,0x67,0x20,0x64,0x69,
    0x61,0x67,0x6e,0x6f,0x73,0x74,0x69,0x63,0x20,0x69,0x67,0x6e,0x6f,0x72,0x65,0x64,
    0x20,0x22,0x2d,0x57,0x6d,0x69,0x73,0x73,0x69,0x6e,0x67,0x2d,0x70,0x72,0x6f,0x74,
    0x6f,0x74,0x79,0x70,0x65,0x73,0x22,0x0a,0x0a,0x23,0x69,0x6e,0x63,0x6c,0x75,0x64,
    0x65,0x20,0x3c,0x6d,0x65,0x74,0x61,0x6c,0x5f,0x73,0x74,0x64,0x6c,0x69,0x62,0x3e,
    0x0a,0x23,0x69,0x6e,0x63,0x6c,0x75,0x64,0x65,0x20,0x3c,0x73,0x69,0x6d,0x64,0x2f,
    0x73,0x69,0x6d,0x64,0x2e,0x68,0x3e,0x0a,0x0a,0x75,0x73,0x69,0x6e,0x67,0x20,0x6e,
    0x61,0x6d,0x65,0x73,0x70,0x61,0x63,0x65,0x20,0x6d,0x65,0x74,0x61,0x6c,0x3b,0x0a,
    0x0a,0x73,0x74,0x72,0x75,0x63,0x74,0x20,0x6c,0x69,0x74,0x5f,0x6d,0x61,0x74,0x65,
    0x72,0x69,0x61,0x6c,0x5f,0x70,0x61,0x72,0x61,0x6d,0x73,0x0a,0x7b,0x0a,0x20,0x20,
    0x20,0x20,0x66,0x6c,0x6f,0x61,0x74,0x34,0x20,0x62,0x61,0x73,0x65,0x5f,0x63,0x6f,
    0x6c,0x6f,0x72,0x3b,0x0a,0x20,0x20,0x20,0x20,0x66,0x6c,0x6f,0x61,0x74,0x34,0x20,
    0x65,0x6d,0x69,0x73,0x73,0x69,0x76,0x65,0x3b,0x0a,0x20,0x20,0x20,0x20,0x66,0x6c,
    0x6f,0x61,0x74,0x34,0x20,0x73,0x75,0x72,0x66,0x61,0x63,0x65,0x3b,0x0a,0x7d,0x3b,
    0x0a,0x0a,0x73,0x74,0x72,0x75,0x63,0x74,0x20,0x6c,0x69,0x74,0x5f,0x73,0x63,0x65,
    0x6e,0x65,0x5f,0x70,0x61,0x72,0x61,0x6d,0x73,0x0a,0x7b,0x0a,0x20,0x20,0x20,0x20,
    0x66,0x6c,0x6f,0x61,0x74,0x34,0x20,0x63,0x61,0x6d,0x65,0x72,0x61,0x5f,0x70,0x6f,
    0x73,0x3b,0x0a,0x20,0x20,0x20,0x20,0x66,0x6c,0x6f,0x61,0x74,0x34,0x20,0x73,0x75,
    0x6e,0x5f,0x64,0x69,0x72,0x3b,0x0a,0x20,0x20,0x20,0x20,0x66,0x6c,0x6f,0x61,0x74,
    0x34,0x20,0x73,0x75,0x6e,0x5f,0x63,0x6f,0x6c,0x6f,0x72,0x3b,0x0a,0x20,0x20,0x20,
    0x20,0x66,0x6c,0x6f,0x61,0x74,0x34,0x20,0x73,0x6b,0x79,0x5f,0x61,0x6d,0x62,0x69,
    0x65,0x6e,0x74,0x3b,0x0a,0x20,0x20,0x20,0x20,0x66,0x6c,0x6f,0x61,0x74,0x34,0x20,
    0x67,0x72,0x6f,0x75,0x6e,0x64,0x5f,0x61,0x6d,0x62,0x69,0x65,0x6e,0x74,0x3b,0x0a,
    0x7d,0x3b,0x0a,0x0a,0x73,0x74,0x72,0x75,0x63,0x74,0x20,0x6d,0x61,0x69,0x6e,0x30,
    0x5f,0x6f,0x75,0x74,0x0a,0x7b,0x0a,0x20,0x20,0x20,0x20,0x66,0x6c,0x6f,0x61,0x74,
    0x34,0x20,0x66,0x72,0x61,0x67,0x5f,0x63,0x6f,0x6c,0x6f,0x72,0x20,0x5b,0x5b,0x63,
    0x6f,0x6c,0x6f,0x72,0x28,0x30,0x29,0x5d,0x5d,0x3b,0x0a,0x7d,0x3b,0x0a,0x0a,0x73,
    0x74,0x72,0x75,0x63,0x74,0x20,0x6d,0x61,0x69,0x6e,0x30,0x5f,0x69,0x6e,0x0a,0x7b,
    0x0a,0x20,0x20,0x20,0x20,0x66,0x6c,0x6f,0x61,0x74,0x33,0x20,0x76,0x5f,0x77,0x6f,
    0x72,0x6c,0x64,0x5f,0x70,0x6f,0x73,0x20,0x5b,0x5b,0x75,0x73,0x65,0x72,0x28,0x6c,
    0x6f,0x63,0x6e,0x30,0x29,0x5d,0x5d,0x3b,0x0a,0x20,0x20,0x20,0x20,0x66,0x6c,0x6f,
    0x61,0x74,0x33,0x20,0x76,0x5f,0x6e,0x6f,0x72,0x6d,0x61,0x6c,0x20,0x5b,0x5b,0x75,
    0x73,0x65,0x72,0x28,0x6c,0x6f,0x63,0x6e,0x31,0x29,0x5d,0x5d,0x3b,0x0a,0x20,0x20,
    0x20,0x20,0x66,0x6c,0x6f,0x61,0x74,0x32,0x20,0x76,0x5f,0x75,0x76,0x20,0x5b,0x5b,
    0x75,0x73,0x65,0x72,0x28,0x6c,0x6f,0x63,0x6e,0x32,0x29,0x5d,0x5d,0x3b,0x0a,0x20,
    0x20,0x20,0x20,0x66,0x6c,0x6f,0x61,0x74,0x34,0x20,0x76,0x5f,0x63,0x6f,0x6c,0x6f,
    0x72,0x20,0x5b,0x5b,0x75,0x73,0x65,0x72,0x28,0x6c,0x6f,0x63,0x6e,0x33,0x29,0x5d,
    0x5d,0x3b,0x0a,0x7d,0x3b,0x0a,0x0a,0x73,0x74,0x61,0x74,0x69,0x63,0x20,0x69,0x6e,
    0x6c,0x69,0x6e,0x65,0x20,0x5f,0x5f,0x61,0x74,0x74,0x72,0x69,0x62,0x75,0x74,0x65,
    0x5f,0x5f,0x28,0x28,0x61,0x6c,0x77,0x61,0x79,0x73,0x5f,0x69,0x6e,0x6c,0x69,0x6e,
    0x65,0x29,0x29,0x0a,0x66,0x6c,0x6f,0x61,0x74,0x33,0x20,0x74,0x6f,0x5f,0x6c,0x69,
    0x6e,0x65,0x61,0x72,0x28,0x74,0x68,0x72,0x65,0x61,0x64,0x20,0x63,0x6f,0x6e,0x73,
    0x74,0x20,0x66,0x6c,0x6f,0x61,0x74,0x33,0x26,0x20,0x63,0x29,0x0a,0x7b,0x0a,0x20,
    0x20,0x20,0x20,0x72,0x65,0x74,0x75,0x72,0x6e,0x20,0x70,0x6f,0x77,0x72,0x28,0x66,
    0x61,0x73,0x74,0x3a,0x3a,0x6d,0x61,0x78,0x28,0x63,0x2c,0x20,0x66,0x6c,0x6f,0x61,
    0x74,0x33,0x28,0x30,0x2e,0x30,0x29,0x29,0x2c,0x20,0x66,0x6c,0x6f,0x61,0x74,0x33,
    0x28,0x32,0x2e,0x32,0x30,0x30,0x30,0x30,0x30,0x30,0x34,0x37,0x36,0x38,0x33,0x37,
    0x31,0x35,0x38,0x32,0x30,0x33,0x31,0x32,0x35,0x29,0x29,0x3b,0x0a,0x7d,0x0a,0x0a,
    0x73,0x74,0x61,0x74,0x69,0x63,0x20,0x69,0x6e,0x6c,0x69,0x6e,0x65,0x20,0x5f,0x5f,
    0x61,0x74,0x74,0x72,0x69,0x62,0x75,0x74,0x65,0x5f,0x5f,0x28,0x28,0x61,0x6c,0x77,
    0x61,0x79,0x73,0x5f,0x69,0x6e,0x6c,0x69,0x6e,0x65,0x29,0x29,0x0a,0x66,0x6c,0x6f,
    0x61,0x74,0x33,0x20,0x74,0x6f,0x5f,0x73,0x72,0x67,0x62,0x28,0x74,0x68,0x72,0x65,
    0x61,0x64,0x20,0x63,0x6f,0x6e,0x73,0x74,0x20,0x66,0x6c,0x6f,0x61,0x74,0x33,0x26,
    0x20,0x63,0x29,0x0a,0x7b,0x0a,0x20,0x20,0x20,0x20,0x72,0x65,0x74,0x75,0x72,0x6e,
    0x20,0x70,0x6f,0x77,0x72,0x28,0x66,0x61,0x73,0x74,0x3a,0x3a,0x6d,0x61,0x78,0x28,
    0x63,0x2c,0x20,0x66,0x6c,0x6f,0x61,0x74,0x33,0x28,0x30,0x2e,0x30,0x29,0x29,0x2c,
    0x20,0x66,0x6c,0x6f,0x61,0x74,0x33,0x28,0x30,0x2e,0x34,0x35,0x34,0x35,0x34,0x35,
    0x34,0x36,0x38,0x30,0x39,0x31,0x39,0x36,0x34,0x37,0x32,0x31,0x36,0x37,0x39,0x36,
    0x38,0x37,0x35,0x29,0x29,0x3b,0x0a,0x7d,0x0a,0x0a,0x66,0x72,0x61,0x67,0x6d,0x65,
    0x6e,0x74,0x20,0x6d,0x61,0x69,0x6e,0x30,0x5f,0x6f,0x75,0x74,0x20,0x6d,0x61,0x69,
    0x6e,0x30,0x28,0x6d,0x61,0x69,0x6e,0x30,0x5f,0x69,0x6e,0x20,0x69,0x6e,0x20,0x5b,
    0x5b,0x73,0x74,0x61,0x67,0x65,0x5f,0x69,0x6e,0x5d,0x5d,0x2c,0x20,0x63,0x6f,0x6e,
    0x73,0x74,0x61,0x6e,0x74,0x20,0x6c,0x69,0x74,0x5f,0x73,0x63,0x65,0x6e,0x65,0x5f,
    0x70,0x61,0x72,0x61,0x6d,0x73,0x26,0x20,0x5f,0x31,0x31,0x30,0x20,0x5b,0x5b,0x62,
    0x75,0x66,0x66,0x65,0x72,0x28,0x31,0x29,0x5d,0x5d,0x2c,0x20,0x63,0x6f,0x6e,0x73,
    0x74,0x61,0x6e,0x74,0x20,0x6c,0x69,0x74,0x5f,0x6d,0x61,0x74,0x65,0x72,0x69,0x61,
    0x6c,0x5f,0x70,0x61,0x72,0x61,0x6d,0x73,0x26,0x20,0x5f,0x35,0x33,0x20,0x5b,0x5b,
    0x62,0x75,0x66,0x66,0x65,0x72,0x28,0x32,0x29,0x5d,0x5d,0x2c,0x20,0x74,0x65,0x78,
    0x74,0x75,0x72,0x65,0x32,0x64,0x3c,0x66,0x6c,0x6f,0x61,0x74,0x3e,0x20,0x62,0x61,
    0x73,0x65,0x5f,0x74,0x65,0x78,0x20,0x5b,0x5b,0x74,0x65,0x78,0x74,0x75,0x72,0x65,
    0x28,0x30,0x29,0x5d,0x5d,0x2c,0x20,0x73,0x61,0x6d,0x70,0x6c,0x65,0x72,0x20,0x62,
    0x61,0x73,0x65,0x5f,0x73,0x6d,0x70,0x20,0x5b,0x5b,0x73,0x61,0x6d,0x70,0x6c,0x65,
    0x72,0x28,0x30,0x29,0x5d,0x5d,0x2c,0x20,0x62,0x6f,0x6f,0x6c,0x20,0x67,0x6c,0x5f,
    0x46,0x72,0x6f,0x6e,0x74,0x46,0x61,0x63,0x69,0x6e,0x67,0x20,0x5b,0x5b,0x66,0x72,
    0x6f,0x6e,0x74,0x5f,0x66,0x61,0x63,0x69,0x6e,0x67,0x5d,0x5d,0x29,0x0a,0x7b,0x0a,
    0x20,0x20,0x20,0x20,0x6d,0x61,0x69,0x6e,0x30,0x5f,0x6f,0x75,0x74,0x20,0x6f,0x75,
    0x74,0x20,0x3d,0x20,0x7b,0x7d,0x3b,0x0a,0x20,0x20,0x20,0x20,0x66,0x6c,0x6f,0x61,
    0x74,0x34,0x20,0x5f,0x34,0x39,0x20,0x3d,0x20,0x62,0x61,0x73,0x65,0x5f,0x74,0x65,
    0x78,0x2e,0x73,0x61,0x6d,0x70,0x6c,0x65,0x28,0x62,0x61,0x73,0x65,0x5f,0x73,0x6d,
    0x70,0x2c,0x20,0x69,0x6e,0x2e,0x76,0x5f,0x75,0x76,0x29,0x3b,0x0a,0x20,0x20,0x20,
    0x20,0x66,0x6c,0x6f,0x61,0x74,0x34,0x20,0x5f,0x36,0x34,0x20,0x3d,0x20,0x28,0x5f,
    0x35,0x33,0x2e,0x62,0x61,0x73,0x65,0x5f,0x63,0x6f,0x6c,0x6f,0x72,0x20,0x2a,0x20,
    0x69,0x6e,0x2e,0x76,0x5f,0x63,0x6f,0x6c,0x6f,0x72,0x29,0x20,0x2a,0x20,0x5f,0x34,
    0x39,0x3b,0x0a,0x20,0x20,0x20,0x20,0x66,0x6c,0x6f,0x61,0x74,0x20,0x5f,0x36,0x39,
    0x20,0x3d,0x20,0x5f,0x36,0x34,0x2e,0x77,0x3b,0x0a,0x20,0x20,0x20,0x20,0x69,0x66,
    0x20,0x28,0x5f,0x36,0x39,0x20,0x3c,0x20,0x5f,0x35,0x33,0x2e,0x73,0x75,0x72,0x66,
    0x61,0x63,0x65,0x2e,0x77,0x29,0x0a,0x20,0x20,0x20,0x20,0x7b,0x0a,0x20,0x20,0x20,
    0x20,0x20,0x20,0x20,0x20,0x64,0x69,0x73,0x63,0x61,0x72,0x64,0x5f,0x66,0x72,0x61,
    0x67,0x6d,0x65,0x6e,0x74,0x28,0x29,0x3b,0x0a,0x20,0x20,0x20,0x20,0x7d,0x0a,0x20,
    0x20,0x20,0x20,0x66,0x6c,0x6f,0x61,0x74,0x33,0x20,0x70,0x61,0x72,0x61,0x6d,0x20,
    0x3d,0x20,0x5f,0x36,0x34,0x2e,0x78,0x79,0x7a,0x3b,0x0a,0x20,0x20,0x20,0x20,0x66,
    0x6c,0x6f,0x61,0x74,0x33,0x20,0x5f,0x38,0x33,0x20,0x3d,0x20,0x74,0x6f,0x5f,0x6c,
    0x69,0x6e,0x65,0x61,0x72,0x28,0x70,0x61,0x72,0x61,0x6d,0x29,0x3b,0x0a,0x20,0x20,
    0x20,0x20,0x66,0x6c,0x6f,0x61,0x74,0x33,0x20,0x63,0x6f,0x6c,0x6f,0x72,0x3b,0x0a,
    0x20,0x20,0x20,0x20,0x69,0x66,0x20,0x28,0x5f,0x35,0x33,0x2e,0x73,0x75,0x72,0x66,
    0x61,0x63,0x65,0x2e,0x7a,0x20,0x3e,0x20,0x30,0x2e,0x35,0x29,0x0a,0x20,0x20,0x20,
    0x20,0x7b,0x0a,0x20,0x20,0x20,0x20,0x20,0x20,0x20,0x20,0x63,0x6f,0x6c,0x6f,0x72,
    0x20,0x3d,0x20,0x5f,0x38,0x33,0x3b,0x0a,0x20,0x20,0x20,0x20,0x7d,0x0a,0x20,0x20,
    0x20,0x20,0x65,0x6c,0x73,0x65,0x0a,0x20,0x20,0x20,0x20,0x7b,0x0a,0x20,0x20,0x20,
    0x20,0x20,0x20,0x20,0x20,0x66,0x6c,0x6f,0x61,0x74,0x33,0x20,0x6e,0x20,0x3d,0x20,
    0x66,0x61,0x73,0x74,0x3a,0x3a,0x6e,0x6f,0x72,0x6d,0x61,0x6c,0x69,0x7a,0x65,0x28,
    0x69,0x6e,0x2e,0x76,0x5f,0x6e,0x6f,0x72,0x6d,0x61,0x6c,0x29,0x3b,0x0a,0x20,0x20,
    0x20,0x20,0x20,0x20,0x20,0x20,0x69,0x66,0x20,0x28,0x21,0x67,0x6c,0x5f,0x46,0x72,
    0x6f,0x6e,0x74,0x46,0x61,0x63,0x69,0x6e,0x67,0x29,0x0a,0x20,0x20,0x20,0x20,0x20,
    0x20,0x20,0x20,0x7b,0x0a,0x20,0x20,0x20,0x20,0x20,0x20,0x20,0x20,0x20,0x20,0x20,
    0x20,0x6e,0x20,0x3d,0x20,0x2d,0x6e,0x3b,0x0a,0x20,0x20,0x20,0x20,0x20,0x20,0x20,
    0x20,0x7d,0x0a,0x20,0x20,0x20,0x20,0x20,0x20,0x20,0x20,0x66,0x6c,0x6f,0x61,0x74,
    0x33,0x20,0x5f,0x31,0x33,0x31,0x20,0x3d,0x20,0x2d,0x5f,0x31,0x31,0x30,0x2e,0x73,
    0x75,0x6e,0x5f,0x64,0x69,0x72,0x2e,0x78,0x79,0x7a,0x3b,0x0a,0x20,0x20,0x20,0x20,
    0x20,0x20,0x20,0x20,0x66,0x6c,0x6f,0x61,0x74,0x20,0x5f,0x31,0x33,0x36,0x20,0x3d,
    0x20,0x66,0x61,0x73,0x74,0x3a,0x3a,0x6d,0x61,0x78,0x28,0x64,0x6f,0x74,0x28,0x6e,
    0x2c,0x20,0x5f,0x31,0x33,0x31,0x29,0x2c,0x20,0x30,0x2e,0x30,0x29,0x3b,0x0a,0x20,
    0x20,0x20,0x20,0x20,0x20,0x20,0x20,0x66,0x6c,0x6f,0x61,0x74,0x20,0x5f,0x31,0x35,
    0x33,0x3b,0x0a,0x20,0x20,0x20,0x20,0x20,0x20,0x20,0x20,0x69,0x66,0x20,0x28,0x5f,
    0x31,0x33,0x36,0x20,0x3e,0x20,0x30,0x2e,0x30,0x29,0x0a,0x20,0x20,0x20,0x20,0x20,
    0x20,0x20,0x20,0x7b,0x0a,0x20,0x20,0x20,0x20,0x20,0x20,0x20,0x20,0x20,0x20,0x20,
    0x20,0x5f,0x31,0x35,0x33,0x20,0x3d,0x20,0x70,0x6f,0x77,0x72,0x28,0x66,0x61,0x73,
    0x74,0x3a,0x3a,0x6d,0x61,0x78,0x28,0x64,0x6f,0x74,0x28,0x6e,0x2c,0x20,0x66,0x61,
    0x73,0x74,0x3a,0x3a,0x6e,0x6f,0x72,0x6d,0x61,0x6c,0x69,0x7a,0x65,0x28,0x5f,0x31,
    0x33,0x31,0x20,0x2b,0x20,0x66,0x61,0x73,0x74,0x3a,0x3a,0x6e,0x6f,0x72,0x6d,0x61,
    0x6c,0x69,0x7a,0x65,0x28,0x5f,0x31,0x31,0x30,0x2e,0x63,0x61,0x6d,0x65,0x72,0x61,
    0x5f,0x70,0x6f,0x73,0x2e,0x78,0x79,0x7a,0x20,0x2d,0x20,0x69,0x6e,0x2e,0x76,0x5f,
    0x77,0x6f,0x72,0x6c,0x64,0x5f,0x70,0x6f,0x73,0x29,0x29,0x29,0x2c,0x20,0x30,0x2e,
    0x30,0x29,0x2c,0x20,0x5f,0x35,0x33,0x2e,0x73,0x75,0x72,0x66,0x61,0x63,0x65,0x2e,
    0x79,0x29,0x20,0x2a,0x20,0x5f,0x35,0x33,0x2e,0x73,0x75,0x72,0x66,0x61,0x63,0x65,
    0x2e,0x78,0x3b,0x0a,0x20,0x20,0x20,0x20,0x20,0x20,0x20,0x20,0x7d,0x0a,0x20,0x20,
    0x20,0x20,0x20,0x20,0x20,0x20,0x65,0x6c,0x73,0x65,0x0a,0x20,0x20,0x20,0x20,0x20,
    0x20,0x20,0x20,0x7b,0x0a,0x20,0x20,0x20,0x20,0x20,0x20,0x20,0x20,0x20,0x20,0x20,
    0x20,0x5f,0x31,0x35,0x33,0x20,0x3d,0x20,0x30,0x2e,0x30,0x3b,0x0a,0x20,0x20,0x20,
    0x20,0x20,0x20,0x20,0x20,0x7d,0x0a,0x20,0x20,0x20,0x20,0x20,0x20,0x20,0x20,0x63,
    0x6f,0x6c,0x6f,0x72,0x20,0x3d,0x20,0x28,0x5f,0x38,0x33,0x20,0x2a,0x20,0x28,0x6d,
    0x69,0x78,0x28,0x5f,0x31,0x31,0x30,0x2e,0x67,0x72,0x6f,0x75,0x6e,0x64,0x5f,0x61,
    0x6d,0x62,0x69,0x65,0x6e,0x74,0x2e,0x78,0x79,0x7a,0x2c,0x20,0x5f,0x31,0x31,0x30,
    0x2e,0x73,0x6b,0x79,0x5f,0x61,0x6d,0x62,0x69,0x65,0x6e,0x74,0x2e,0x78,0x79,0x7a,
    0x2c,0x20,0x66,0x6c,0x6f,0x61,0x74,0x33,0x28,0x28,0x6e,0x2e,0x79,0x20,0x2a,0x20,
    0x30,0x2e,0x35,0x29,0x20,0x2b,0x20,0x30,0x2e,0x35,0x29,0x29,0x20,0x2b,0x20,0x28,
    0x5f,0x31,0x31,0x30,0x2e,0x73,0x75,0x6e,0x5f,0x63,0x6f,0x6c,0x6f,0x72,0x2e,0x78,
    0x79,0x7a,0x20,0x2a,0x20,0x5f,0x31,0x33,0x36,0x29,0x29,0x29,0x20,0x2b,0x20,0x28,
    0x5f,0x31,0x31,0x30,0x2e,0x73,0x75,0x6e,0x5f,0x63,0x6f,0x6c,0x6f,0x72,0x2e,0x78,
    0x79,0x7a,0x20,0x2a,0x20,0x5f,0x31,0x35,0x33,0x29,0x3b,0x0a,0x20,0x20,0x20,0x20,
    0x7d,0x0a,0x20,0x20,0x20,0x20,0x66,0x6c,0x6f,0x61,0x74,0x33,0x20,0x70,0x61,0x72,
    0x61,0x6d,0x5f,0x31,0x20,0x3d,0x20,0x5f,0x35,0x33,0x2e,0x65,0x6d,0x69,0x73,0x73,
    0x69,0x76,0x65,0x2e,0x78,0x79,0x7a,0x3b,0x0a,0x20,0x20,0x20,0x20,0x66,0x6c,0x6f,
    0x61,0x74,0x33,0x20,0x5f,0x31,0x38,0x39,0x20,0x3d,0x20,0x63,0x6f,0x6c,0x6f,0x72,
    0x3b,0x0a,0x20,0x20,0x20,0x20,0x66,0x6c,0x6f,0x61,0x74,0x33,0x20,0x5f,0x31,0x39,
    0x30,0x20,0x3d,0x20,0x5f,0x31,0x38,0x39,0x20,0x2b,0x20,0x74,0x6f,0x5f,0x6c,0x69,
    0x6e,0x65,0x61,0x72,0x28,0x70,0x61,0x72,0x61,0x6d,0x5f,0x31,0x29,0x3b,0x0a,0x20,
    0x20,0x20,0x20,0x63,0x6f,0x6c,0x6f,0x72,0x20,0x3d,0x20,0x5f,0x31,0x39,0x30,0x3b,
    0x0a,0x20,0x20,0x20,0x20,0x66,0x6c,0x6f,0x61,0x74,0x33,0x20,0x70,0x61,0x72,0x61,
    0x6d,0x5f,0x32,0x20,0x3d,0x20,0x5f,0x31,0x39,0x30,0x3b,0x0a,0x20,0x20,0x20,0x20,
    0x6f,0x75,0x74,0x2e,0x66,0x72,0x61,0x67,0x5f,0x63,0x6f,0x6c,0x6f,0x72,0x20,0x3d,
    0x20,0x66,0x6c,0x6f,0x61,0x74,0x34,0x28,0x74,0x6f,0x5f,0x73,0x72,0x67,0x62,0x28,
    0x70,0x61,0x72,0x61,0x6d,0x5f,0x32,0x29,0x2c,0x20,0x5f,0x36,0x39,0x29,0x3b,0x0a,
    0x20,0x20,0x20,0x20,0x72,0x65,0x74,0x75,0x72,0x6e,0x20,0x6f,0x75,0x74,0x3b,0x0a,
    0x7d,0x0a,0x0a,0x00,
};
static inline const sg_shader_desc* lit_shader_desc(sg_backend backend) {
    if (backend == SG_BACKEND_GLCORE) {
        static sg_shader_desc desc;
        static bool valid;
        if (!valid) {
            valid = true;
            desc.vertex_func.source = (const char*)lit_vs_source_glsl410;
            desc.vertex_func.entry = "main";
            desc.fragment_func.source = (const char*)lit_fs_source_glsl410;
            desc.fragment_func.entry = "main";
            desc.attrs[0].base_type = SG_SHADERATTRBASETYPE_FLOAT;
            desc.attrs[0].glsl_name = "position";
            desc.attrs[1].base_type = SG_SHADERATTRBASETYPE_FLOAT;
            desc.attrs[1].glsl_name = "normal";
            desc.attrs[2].base_type = SG_SHADERATTRBASETYPE_FLOAT;
            desc.attrs[2].glsl_name = "texcoord0";
            desc.attrs[3].base_type = SG_SHADERATTRBASETYPE_FLOAT;
            desc.attrs[3].glsl_name = "color0";
            desc.uniform_blocks[0].stage = SG_SHADERSTAGE_VERTEX;
            desc.uniform_blocks[0].layout = SG_UNIFORMLAYOUT_STD140;
            desc.uniform_blocks[0].size = 208;
            desc.uniform_blocks[0].glsl_uniforms[0].type = SG_UNIFORMTYPE_FLOAT4;
            desc.uniform_blocks[0].glsl_uniforms[0].array_count = 13;
            desc.uniform_blocks[0].glsl_uniforms[0].glsl_name = "lit_vs_params";
            desc.uniform_blocks[1].stage = SG_SHADERSTAGE_FRAGMENT;
            desc.uniform_blocks[1].layout = SG_UNIFORMLAYOUT_STD140;
            desc.uniform_blocks[1].size = 80;
            desc.uniform_blocks[1].glsl_uniforms[0].type = SG_UNIFORMTYPE_FLOAT4;
            desc.uniform_blocks[1].glsl_uniforms[0].array_count = 5;
            desc.uniform_blocks[1].glsl_uniforms[0].glsl_name = "lit_scene_params";
            desc.uniform_blocks[2].stage = SG_SHADERSTAGE_FRAGMENT;
            desc.uniform_blocks[2].layout = SG_UNIFORMLAYOUT_STD140;
            desc.uniform_blocks[2].size = 48;
            desc.uniform_blocks[2].glsl_uniforms[0].type = SG_UNIFORMTYPE_FLOAT4;
            desc.uniform_blocks[2].glsl_uniforms[0].array_count = 3;
            desc.uniform_blocks[2].glsl_uniforms[0].glsl_name = "lit_material_params";
            desc.views[0].texture.stage = SG_SHADERSTAGE_FRAGMENT;
            desc.views[0].texture.image_type = SG_IMAGETYPE_2D;
            desc.views[0].texture.sample_type = SG_IMAGESAMPLETYPE_FLOAT;
            desc.views[0].texture.multisampled = false;
            desc.samplers[0].stage = SG_SHADERSTAGE_FRAGMENT;
            desc.samplers[0].sampler_type = SG_SAMPLERTYPE_FILTERING;
            desc.texture_sampler_pairs[0].stage = SG_SHADERSTAGE_FRAGMENT;
            desc.texture_sampler_pairs[0].view_slot = 0;
            desc.texture_sampler_pairs[0].sampler_slot = 0;
            desc.texture_sampler_pairs[0].glsl_name = "base_tex_base_smp";
            desc.label = "lit_shader";
        }
        return &desc;
    }
    if (backend == SG_BACKEND_GLES3) {
        static sg_shader_desc desc;
        static bool valid;
        if (!valid) {
            valid = true;
            desc.vertex_func.source = (const char*)lit_vs_source_glsl300es;
            desc.vertex_func.entry = "main";
            desc.fragment_func.source = (const char*)lit_fs_source_glsl300es;
            desc.fragment_func.entry = "main";
            desc.attrs[0].base_type = SG_SHADERATTRBASETYPE_FLOAT;
            desc.attrs[0].glsl_name = "position";
            desc.attrs[1].base_type = SG_SHADERATTRBASETYPE_FLOAT;
            desc.attrs[1].glsl_name = "normal";
            desc.attrs[2].base_type = SG_SHADERATTRBASETYPE_FLOAT;
            desc.attrs[2].glsl_name = "texcoord0";
            desc.attrs[3].base_type = SG_SHADERATTRBASETYPE_FLOAT;
            desc.attrs[3].glsl_name = "color0";
            desc.uniform_blocks[0].stage = SG_SHADERSTAGE_VERTEX;
            desc.uniform_blocks[0].layout = SG_UNIFORMLAYOUT_STD140;
            desc.uniform_blocks[0].size = 208;
            desc.uniform_blocks[0].glsl_uniforms[0].type = SG_UNIFORMTYPE_FLOAT4;
            desc.uniform_blocks[0].glsl_uniforms[0].array_count = 13;
            desc.uniform_blocks[0].glsl_uniforms[0].glsl_name = "lit_vs_params";
            desc.uniform_blocks[1].stage = SG_SHADERSTAGE_FRAGMENT;
            desc.uniform_blocks[1].layout = SG_UNIFORMLAYOUT_STD140;
            desc.uniform_blocks[1].size = 80;
            desc.uniform_blocks[1].glsl_uniforms[0].type = SG_UNIFORMTYPE_FLOAT4;
            desc.uniform_blocks[1].glsl_uniforms[0].array_count = 5;
            desc.uniform_blocks[1].glsl_uniforms[0].glsl_name = "lit_scene_params";
            desc.uniform_blocks[2].stage = SG_SHADERSTAGE_FRAGMENT;
            desc.uniform_blocks[2].layout = SG_UNIFORMLAYOUT_STD140;
            desc.uniform_blocks[2].size = 48;
            desc.uniform_blocks[2].glsl_uniforms[0].type = SG_UNIFORMTYPE_FLOAT4;
            desc.uniform_blocks[2].glsl_uniforms[0].array_count = 3;
            desc.uniform_blocks[2].glsl_uniforms[0].glsl_name = "lit_material_params";
            desc.views[0].texture.stage = SG_SHADERSTAGE_FRAGMENT;
            desc.views[0].texture.image_type = SG_IMAGETYPE_2D;
            desc.views[0].texture.sample_type = SG_IMAGESAMPLETYPE_FLOAT;
            desc.views[0].texture.multisampled = false;
            desc.samplers[0].stage = SG_SHADERSTAGE_FRAGMENT;
            desc.samplers[0].sampler_type = SG_SAMPLERTYPE_FILTERING;
            desc.texture_sampler_pairs[0].stage = SG_SHADERSTAGE_FRAGMENT;
            desc.texture_sampler_pairs[0].view_slot = 0;
            desc.texture_sampler_pairs[0].sampler_slot = 0;
            desc.texture_sampler_pairs[0].glsl_name = "base_tex_base_smp";
            desc.label = "lit_shader";
        }
        return &desc;
    }
    if (backend == SG_BACKEND_D3D11) {
        static sg_shader_desc desc;
        static bool valid;
        if (!valid) {
            valid = true;
            desc.vertex_func.source = (const char*)lit_vs_source_hlsl5;
            desc.vertex_func.d3d11_target = "vs_5_0";
            desc.vertex_func.entry = "main";
            desc.fragment_func.source = (const char*)lit_fs_source_hlsl5;
            desc.fragment_func.d3d11_target = "ps_5_0";
            desc.fragment_func.entry = "main";
            desc.attrs[0].base_type = SG_SHADERATTRBASETYPE_FLOAT;
            desc.attrs[0].hlsl_sem_name = "TEXCOORD";
            desc.attrs[0].hlsl_sem_index = 0;
            desc.attrs[1].base_type = SG_SHADERATTRBASETYPE_FLOAT;
            desc.attrs[1].hlsl_sem_name = "TEXCOORD";
            desc.attrs[1].hlsl_sem_index = 1;
            desc.attrs[2].base_type = SG_SHADERATTRBASETYPE_FLOAT;
            desc.attrs[2].hlsl_sem_name = "TEXCOORD";
            desc.attrs[2].hlsl_sem_index = 2;
            desc.attrs[3].base_type = SG_SHADERATTRBASETYPE_FLOAT;
            desc.attrs[3].hlsl_sem_name = "TEXCOORD";
            desc.attrs[3].hlsl_sem_index = 3;
            desc.uniform_blocks[0].stage = SG_SHADERSTAGE_VERTEX;
            desc.uniform_blocks[0].layout = SG_UNIFORMLAYOUT_STD140;
            desc.uniform_blocks[0].size = 208;
            desc.uniform_blocks[0].hlsl_register_b_n = 0;
            desc.uniform_blocks[1].stage = SG_SHADERSTAGE_FRAGMENT;
            desc.uniform_blocks[1].layout = SG_UNIFORMLAYOUT_STD140;
            desc.uniform_blocks[1].size = 80;
            desc.uniform_blocks[1].hlsl_register_b_n = 1;
            desc.uniform_blocks[2].stage = SG_SHADERSTAGE_FRAGMENT;
            desc.uniform_blocks[2].layout = SG_UNIFORMLAYOUT_STD140;
            desc.uniform_blocks[2].size = 48;
            desc.uniform_blocks[2].hlsl_register_b_n = 2;
            desc.views[0].texture.stage = SG_SHADERSTAGE_FRAGMENT;
            desc.views[0].texture.image_type = SG_IMAGETYPE_2D;
            desc.views[0].texture.sample_type = SG_IMAGESAMPLETYPE_FLOAT;
            desc.views[0].texture.multisampled = false;
            desc.views[0].texture.hlsl_register_t_n = 0;
            desc.samplers[0].stage = SG_SHADERSTAGE_FRAGMENT;
            desc.samplers[0].sampler_type = SG_SAMPLERTYPE_FILTERING;
            desc.samplers[0].hlsl_register_s_n = 0;
            desc.texture_sampler_pairs[0].stage = SG_SHADERSTAGE_FRAGMENT;
            desc.texture_sampler_pairs[0].view_slot = 0;
            desc.texture_sampler_pairs[0].sampler_slot = 0;
            desc.label = "lit_shader";
        }
        return &desc;
    }
    if (backend == SG_BACKEND_METAL_MACOS) {
        static sg_shader_desc desc;
        static bool valid;
        if (!valid) {
            valid = true;
            desc.vertex_func.source = (const char*)lit_vs_source_metal_macos;
            desc.vertex_func.entry = "main0";
            desc.fragment_func.source = (const char*)lit_fs_source_metal_macos;
            desc.fragment_func.entry = "main0";
            desc.attrs[0].base_type = SG_SHADERATTRBASETYPE_FLOAT;
            desc.attrs[1].base_type = SG_SHADERATTRBASETYPE_FLOAT;
            desc.attrs[2].base_type = SG_SHADERATTRBASETYPE_FLOAT;
            desc.attrs[3].base_type = SG_SHADERATTRBASETYPE_FLOAT;
            desc.uniform_blocks[0].stage = SG_SHADERSTAGE_VERTEX;
            desc.uniform_blocks[0].layout = SG_UNIFORMLAYOUT_STD140;
            desc.uniform_blocks[0].size = 208;
            desc.uniform_blocks[0].msl_buffer_n = 0;
            desc.uniform_blocks[1].stage = SG_SHADERSTAGE_FRAGMENT;
            desc.uniform_blocks[1].layout = SG_UNIFORMLAYOUT_STD140;
            desc.uniform_blocks[1].size = 80;
            desc.uniform_blocks[1].msl_buffer_n = 1;
            desc.uniform_blocks[2].stage = SG_SHADERSTAGE_FRAGMENT;
            desc.uniform_blocks[2].layout = SG_UNIFORMLAYOUT_STD140;
            desc.uniform_blocks[2].size = 48;
            desc.uniform_blocks[2].msl_buffer_n = 2;
            desc.views[0].texture.stage = SG_SHADERSTAGE_FRAGMENT;
            desc.views[0].texture.image_type = SG_IMAGETYPE_2D;
            desc.views[0].texture.sample_type = SG_IMAGESAMPLETYPE_FLOAT;
            desc.views[0].texture.multisampled = false;
            desc.views[0].texture.msl_texture_n = 0;
            desc.samplers[0].stage = SG_SHADERSTAGE_FRAGMENT;
            desc.samplers[0].sampler_type = SG_SAMPLERTYPE_FILTERING;
            desc.samplers[0].msl_sampler_n = 0;
            desc.texture_sampler_pairs[0].stage = SG_SHADERSTAGE_FRAGMENT;
            desc.texture_sampler_pairs[0].view_slot = 0;
            desc.texture_sampler_pairs[0].sampler_slot = 0;
            desc.label = "lit_shader";
        }
        return &desc;
    }
    if (backend == SG_BACKEND_METAL_IOS) {
        static sg_shader_desc desc;
        static bool valid;
        if (!valid) {
            valid = true;
            desc.vertex_func.source = (const char*)lit_vs_source_metal_ios;
            desc.vertex_func.entry = "main0";
            desc.fragment_func.source = (const char*)lit_fs_source_metal_ios;
            desc.fragment_func.entry = "main0";
            desc.attrs[0].base_type = SG_SHADERATTRBASETYPE_FLOAT;
            desc.attrs[1].base_type = SG_SHADERATTRBASETYPE_FLOAT;
            desc.attrs[2].base_type = SG_SHADERATTRBASETYPE_FLOAT;
            desc.attrs[3].base_type = SG_SHADERATTRBASETYPE_FLOAT;
            desc.uniform_blocks[0].stage = SG_SHADERSTAGE_VERTEX;
            desc.uniform_blocks[0].layout = SG_UNIFORMLAYOUT_STD140;
            desc.uniform_blocks[0].size = 208;
            desc.uniform_blocks[0].msl_buffer_n = 0;
            desc.uniform_blocks[1].stage = SG_SHADERSTAGE_FRAGMENT;
            desc.uniform_blocks[1].layout = SG_UNIFORMLAYOUT_STD140;
            desc.uniform_blocks[1].size = 80;
            desc.uniform_blocks[1].msl_buffer_n = 1;
            desc.uniform_blocks[2].stage = SG_SHADERSTAGE_FRAGMENT;
            desc.uniform_blocks[2].layout = SG_UNIFORMLAYOUT_STD140;
            desc.uniform_blocks[2].size = 48;
            desc.uniform_blocks[2].msl_buffer_n = 2;
            desc.views[0].texture.stage = SG_SHADERSTAGE_FRAGMENT;
            desc.views[0].texture.image_type = SG_IMAGETYPE_2D;
            desc.views[0].texture.sample_type = SG_IMAGESAMPLETYPE_FLOAT;
            desc.views[0].texture.multisampled = false;
            desc.views[0].texture.msl_texture_n = 0;
            desc.samplers[0].stage = SG_SHADERSTAGE_FRAGMENT;
            desc.samplers[0].sampler_type = SG_SAMPLERTYPE_FILTERING;
            desc.samplers[0].msl_sampler_n = 0;
            desc.texture_sampler_pairs[0].stage = SG_SHADERSTAGE_FRAGMENT;
            desc.texture_sampler_pairs[0].view_slot = 0;
            desc.texture_sampler_pairs[0].sampler_slot = 0;
            desc.label = "lit_shader";
        }
        return &desc;
    }
    if (backend == SG_BACKEND_METAL_SIMULATOR) {
        static sg_shader_desc desc;
        static bool valid;
        if (!valid) {
            valid = true;
            desc.vertex_func.source = (const char*)lit_vs_source_metal_sim;
            desc.vertex_func.entry = "main0";
            desc.fragment_func.source = (const char*)lit_fs_source_metal_sim;
            desc.fragment_func.entry = "main0";
            desc.attrs[0].base_type = SG_SHADERATTRBASETYPE_FLOAT;
            desc.attrs[1].base_type = SG_SHADERATTRBASETYPE_FLOAT;
            desc.attrs[2].base_type = SG_SHADERATTRBASETYPE_FLOAT;
            desc.attrs[3].base_type = SG_SHADERATTRBASETYPE_FLOAT;
            desc.uniform_blocks[0].stage = SG_SHADERSTAGE_VERTEX;
            desc.uniform_blocks[0].layout = SG_UNIFORMLAYOUT_STD140;
            desc.uniform_blocks[0].size = 208;
            desc.uniform_blocks[0].msl_buffer_n = 0;
            desc.uniform_blocks[1].stage = SG_SHADERSTAGE_FRAGMENT;
            desc.uniform_blocks[1].layout = SG_UNIFORMLAYOUT_STD140;
            desc.uniform_blocks[1].size = 80;
            desc.uniform_blocks[1].msl_buffer_n = 1;
            desc.uniform_blocks[2].stage = SG_SHADERSTAGE_FRAGMENT;
            desc.uniform_blocks[2].layout = SG_UNIFORMLAYOUT_STD140;
            desc.uniform_blocks[2].size = 48;
            desc.uniform_blocks[2].msl_buffer_n = 2;
            desc.views[0].texture.stage = SG_SHADERSTAGE_FRAGMENT;
            desc.views[0].texture.image_type = SG_IMAGETYPE_2D;
            desc.views[0].texture.sample_type = SG_IMAGESAMPLETYPE_FLOAT;
            desc.views[0].texture.multisampled = false;
            desc.views[0].texture.msl_texture_n = 0;
            desc.samplers[0].stage = SG_SHADERSTAGE_FRAGMENT;
            desc.samplers[0].sampler_type = SG_SAMPLERTYPE_FILTERING;
            desc.samplers[0].msl_sampler_n = 0;
            desc.texture_sampler_pairs[0].stage = SG_SHADERSTAGE_FRAGMENT;
            desc.texture_sampler_pairs[0].view_slot = 0;
            desc.texture_sampler_pairs[0].sampler_slot = 0;
            desc.label = "lit_shader";
        }
        return &desc;
    }
    return 0;
}
